program_id,school_name,state,label,href,raw_date,kind,reason,source_url
SEC_ALA_WSOC,Alabama,Alabama,Alabama,http://www.rolltidesocceracademy.com/index.cfm,"July 25-26, 2026",camps,listed date 2026-07-25 has passed,https://www.collegeidcamps.net/alabama-womens-soccer-camps.html
SWAC_ALABAMA_A_AND_M_WSOC,Alabama A&M,Alabama,Alabama A&M,https://www.princebordeelitesoccercamps.com/,check link,camps,"listing says ""check link""",https://www.collegeidcamps.net/alabama-womens-soccer-camps.html
SWAC_ALABAMA_STATE_WSOC,Alabama State,Alabama,Alabama State,https://www.alabamastateidcamp.com/,check link,camps,"listing says ""check link""",https://www.collegeidcamps.net/alabama-womens-soccer-camps.html
SEC_AUB_WSOC,Auburn,Alabama,Auburn,https://www.jamesarmstrongsoccercamps.com/,check link,camps,"listing says ""check link""",https://www.collegeidcamps.net/alabama-womens-soccer-camps.html
CUSA_JACKSONVILLE_STATE_WSOC,Jacksonville State,Alabama,Jacksonville State,https://soccer.jsugamecocksportscamps.com/,check link,camps,"listing says ""check link""",https://www.collegeidcamps.net/alabama-womens-soccer-camps.html
SOCON_SAMFORD_WSOC,Samford,Alabama,Samford,https://www.bulldogsoccercamp.com/,"July 25, 2026",camps,listed date 2026-07-25 has passed,https://www.collegeidcamps.net/alabama-womens-soccer-camps.html
SB_SOUTH_ALABAMA_WSOC,South Alabama,Alabama,South Alabama,https://www.jagsoccercamps.com/,"July 25-26, 2026",camps,listed date 2026-07-25 has passed,https://www.collegeidcamps.net/alabama-womens-soccer-camps.html
SB_TROY_WSOC,Troy,Alabama,Troy,http://www.trojansoccercamps.com/,check link,camps,"listing says ""check link""",https://www.collegeidcamps.net/alabama-womens-soccer-camps.html
GSC_UNIVERSITY_OF_MONTEVALLO_WSOC,University of Montevallo,Alabama,Montevallo,https://montevallofalcons.com/sports/womens-soccer,check link,camps,"listing says ""check link""",https://www.collegeidcamps.net/alabama-womens-soccer-camps.html
UAC_NORTH_ALABAMA_WSOC,North Alabama,Alabama,North Alabama,http://abcsportscamps.com/unasoccer,"July 26, 2026",camps,listed date 2026-07-26 has passed,https://www.collegeidcamps.net/alabama-womens-soccer-camps.html
GSC_SPRING_HILL_COLLEGE_WSOC,Spring Hill College,Alabama,Spring Hill,https://shcbadgers.com/sports/womens-soccer,check link,camps,"listing says ""check link""",https://www.collegeidcamps.net/alabama-womens-soccer-camps.html
GSC_UNIVERSITY_OF_WEST_ALABAMA_WSOC,University of West Alabama,Alabama,West Alabama,https://tigersoccercamps.totalcamps.com/About%20Us,check link,camps,"listing says ""check link""",https://www.collegeidcamps.net/alabama-womens-soccer-camps.html
GSC_AUBURN_UNIVERSITY_AT_MONTGOMERY_WSOC,Auburn University at Montgomery,Alabama,Auburn Montgomery,https://www.julesherritysoccercamps.com/index.cfm,check link,camps,"listing says ""check link""",https://www.collegeidcamps.net/alabama-womens-soccer-camps.html
B12_ARIZ_WSOC,Arizona,Arizona,Arizona,https://www.beccamorossoccercamps.com/,check link,camps,"listing says ""check link""",https://www.collegeidcamps.net/arizona-womens-soccer-camps.html
B12_ASU_WSOC,Arizona State,Arizona,Arizona State,http://www.sundevilsoccercamps.com/?DB_OEM_ID=30300,check link,camps,"listing says ""check link""",https://www.collegeidcamps.net/arizona-womens-soccer-camps.html
MW_GRAND_CANYON_WSOC,Grand Canyon,Arizona,Grand Canyon U,https://www.gcusocceracademy.com/,"March 22, 2026",camps,listed date 2026-03-22 has passed,https://www.collegeidcamps.net/arizona-womens-soccer-camps.html
BSKY_NORTHERN_ARIZONA_WSOC,Northern Arizona,Arizona,Northern Arizona,https://nauathletics.com/sports/womens-soccer,check link,camps,"listing says ""check link""",https://www.collegeidcamps.net/arizona-womens-soccer-camps.html
SEC_ARK_WSOC,Arkansas,Arkansas,Arkansas,https://www.arkansassoccercamps.com/,"﻿ April 11, 2026",camps,listed date 2026-04-11 has passed,https://www.collegeidcamps.net/arkansas-womens-soccer-camps.html
SWAC_ARKANSAS_PINE_BLUFF_WSOC,Arkansas–Pine Bluff,Arkansas,Arkansas-Pine Bluff,http://www.uapblionsroar.com/index.aspx?path=wsoc&tab=0,check link,camps,"listing says ""check link""",https://www.collegeidcamps.net/arkansas-womens-soccer-camps.html
SB_ARKANSAS_STATE_WSOC,Arkansas State,Arkansas,Arkansas State,http://www.redwolvessoccercamps.com/?DB_OEM_ID=7200,check link,camps,"listing says ""check link""",https://www.collegeidcamps.net/arkansas-womens-soccer-camps.html
UAC_CENTRAL_ARKANSAS_WSOC,Central Arkansas,Arkansas,Central Arkansas,http://www.ucagirlssocceracademy.com/index.cfm,"March 1, 2026",camps,listed date 2026-03-01 has passed,https://www.collegeidcamps.net/arkansas-womens-soccer-camps.html
BW_CALIFORNIA_BAPTIST_WSOC,California Baptist,California,California Baptist,https://cbuwomenssoccercamp.totalcamps.com/About%20Us,check link,camps,"listing says ""check link""",https://www.collegeidcamps.net/california-womens-soccer-camps.html
MW_UC_DAVIS_WSOC,UC Davis,California,UC Davis,http://www.totalcamps.com/UCDAVISWOMENSSOCCERCAMPS/home,check link,camps,"listing says ""check link""",https://www.collegeidcamps.net/california-womens-soccer-camps.html
BW_UC_IRVINE_WSOC,UC Irvine,California,UC Irvine,https://ucirvinesoccercamps.totalcamps.com/About%20Us,check link,camps,"listing says ""check link""",https://www.collegeidcamps.net/california-womens-soccer-camps.html
B10_UCLA_WSOC,UCLA,California,UCLA,https://uclabruins.com/sports/womens-soccer,check link,camps,"listing says ""check link""",https://www.collegeidcamps.net/california-womens-soccer-camps.html
BW_UC_RIVERSIDE_WSOC,UC Riverside,California,UC Riverside,https://gohighlanders.com/sports/womens-soccer,check link,camps,"listing says ""check link""",https://www.collegeidcamps.net/california-womens-soccer-camps.html
BW_UC_SAN_DIEGO_WSOC,UC San Diego,California,UC San Diego,http://www.ucsandiegowomenssoccercamps.com/index.cfm,check link,camps,"listing says ""check link""",https://www.collegeidcamps.net/california-womens-soccer-camps.html
BW_UC_SANTA_BARBARA_WSOC,UC Santa Barbara,California,UC Santa Barbara,https://ucsbgauchos.com/sports/womens-soccer,check link,camps,"listing says ""check link""",https://www.collegeidcamps.net/california-womens-soccer-camps.html
BW_CAL_STATE_BAKERSFIELD_WSOC,Cal State Bakersfield,California,Cal State Bakersfield,https://www.csubcamps-wsoc.com/shop/EVENT,check link,camps,"listing says ""check link""",https://www.collegeidcamps.net/california-womens-soccer-camps.html
PAC12_FRESNO_STATE_WSOC,Fresno State,California,Fresno State,https://fresnostatesoccer.totalcamps.com/About%20Us,check link,camps,"listing says ""check link""",https://www.collegeidcamps.net/california-womens-soccer-camps.html
BW_CAL_STATE_FULLERTON_WSOC,Cal State Fullerton,California,Cal State Fullerton,http://www.totalcamps.com/FULLERTONSOCCERACADEMY/home,check link,camps,"listing says ""check link""",https://www.collegeidcamps.net/california-womens-soccer-camps.html
BW_CAL_STATE_NORTHRIDGE_WSOC,Cal State Northridge,California,Cal State Northridge,https://gomatadors.com/sports/womens-soccer,check link,camps,"listing says ""check link""",https://www.collegeidcamps.net/california-womens-soccer-camps.html
BW_SACRAMENTO_STATE_WSOC,Sacramento State,California,Sacramento State,https://sacramentostatewomenssoccercamps.totalcamps.com/About%20Us,check link,camps,"listing says ""check link""",https://www.collegeidcamps.net/california-womens-soccer-camps.html
MW_SAN_JOSE_STATE_WSOC,San Jose State,California,San Jose State,https://sjsuwomenssoccercamps.totalcamps.com/About%20Us,check link,camps,"listing says ""check link""",https://www.collegeidcamps.net/california-womens-soccer-camps.html
BW_LONG_BEACH_STATE_WSOC,Long Beach State,California,Long Beach State,https://longbeachstate.com/sports/womens-soccer,check link,camps,"listing says ""check link""",https://www.collegeidcamps.net/california-womens-soccer-camps.html
WCC_PEPPERDINE_WSOC,Pepperdine,California,Pepperdine,http://www.malibusocceracademy.com/,check link,camps,"listing says ""check link""",https://www.collegeidcamps.net/california-womens-soccer-camps.html
LSC_ST_MARY_S_UNIVERSITY_WSOC,St. Mary's University,California,St. Mary's College,http://www.smcwomenssoccercamps.com/?DB_OEM_ID=21400,check link,camps,"listing says ""check link""",https://www.collegeidcamps.net/california-womens-soccer-camps.html
WCC_SAN_DIEGO_WSOC,San Diego,California,San Diego,https://usdwomenssoccer.totalcamps.com/About%20Us,check link,camps,"listing says ""check link""",https://www.collegeidcamps.net/california-womens-soccer-camps.html
PAC12_SAN_DIEGO_STATE_WSOC,San Diego State,California,San Diego State,http://www.aztecwomenssoccercamps.com/About%20Us,check link,camps,"listing says ""check link""",https://www.collegeidcamps.net/california-womens-soccer-camps.html
WCC_SAN_FRANCISCO_WSOC,San Francisco,California,San Francisco,http://www.usfdons.com/index.aspx?path=wsoc,check link,camps,"listing says ""check link""",https://www.collegeidcamps.net/california-womens-soccer-camps.html
WCC_SANTA_CLARA_WSOC,Santa Clara,California,Santa Clara,https://www.santaclarasoccer.com/,check link,camps,"listing says ""check link""",https://www.collegeidcamps.net/california-womens-soccer-camps.html
ACC_STAN_WSOC,Stanford,California,Stanford,https://stanfordgirlssoccercamps.totalcamps.com/About%20Us,check link,camps,"listing says ""check link""",https://www.collegeidcamps.net/california-womens-soccer-camps.html
BW_CALIFORNIA_BAPTIST_WSOC,California Baptist,California,California Baptist,https://cbuwomenssoccercamp.totalcamps.com/shop/EVENT,check link,camps,"listing says ""check link""",https://www.collegeidcamps.net/california-womens-soccer-camps.html
PACWEST_CONCORDIA_UNIVERSITY_IRVINE_WSOC,Concordia University–Irvine,California,Concordia Irvine,https://cuigoldeneagleswomenssoccercamps.totalcamps.com/About%20Us,check link,camps,"listing says ""check link""",https://www.collegeidcamps.net/california-womens-soccer-camps.html
CCAA_FRESNO_PACIFIC_UNIVERSITY_WSOC,Fresno Pacific University,California,Fresno Pacific,https://fpuwomenssoccer.totalcamps.com/About%20Us,check link,camps,"listing says ""check link""",https://www.collegeidcamps.net/california-womens-soccer-camps.html
CCAA_MENLO_COLLEGE_WSOC,Menlo College,California,Menlo College,https://menlowomenssoccer.totalcamps.com/About%20Us,check link,camps,"listing says ""check link""",https://www.collegeidcamps.net/california-womens-soccer-camps.html
PACWEST_POINT_LOMA_NAZARENE_UNIVERSITY_WSOC,Point Loma Nazarene University,California,Point Loma Nazarene,https://info.abcsportscamps.com/plnuwsoccer,check link,camps,"listing says ""check link""",https://www.collegeidcamps.net/california-womens-soccer-camps.html
CCAA_SAN_FRANCISCO_STATE_UNIVERSITY_WSOC,San Francisco State University,California,San Francisco State,https://sfstategators.com/sports/womens-soccer,check link,camps,"listing says ""check link""",https://www.collegeidcamps.net/california-womens-soccer-camps.html
MW_COLORADO_COLLEGE_WSOC,Colorado College,Colorado,Colorado,https://cubuffs.com/sports/2018/11/12/colorado-soccer-camps.aspx,"June 11-14, 2026",camps,listed date 2026-06-11 has passed,https://www.collegeidcamps.net/colorado-womens-soccer-camps.html
MW_COLORADO_COLLEGE_WSOC,Colorado College,Colorado,Colorado College,http://www.coloradocollegesoccercamps.com/About%20Us,"March 8, 2026",camps,listed date 2026-03-08 has passed,https://www.collegeidcamps.net/colorado-womens-soccer-camps.html
WCC_DENVER_WSOC,Denver,Colorado,University of Denver,https://denverwomenssoccercamps.com/,check link,camps,"listing says ""check link""",https://www.collegeidcamps.net/colorado-womens-soccer-camps.html
BSKY_NORTHERN_COLORADO_WSOC,Northern Colorado,Colorado,Northern Colorado,https://uncbearssoccer.com/,check link,camps,"listing says ""check link""",https://www.collegeidcamps.net/colorado-womens-soccer-camps.html
RMAC_ADAMS_STATE_UNIVERSITY_WSOC,Adams State University,Colorado,Adams State,https://www.asusoccercamp.com/,"May 23-24, 2026",camps,listed date 2026-05-23 has passed,https://www.collegeidcamps.net/colorado-womens-soccer-camps.html
RMAC_COLORADO_MESA_UNIVERSITY_WSOC,Colorado Mesa University,Colorado,Colorado Mesa,https://cmumavericks.com/sports/2008/11/14/GEN_1114081724.aspx,"March 14, 2026",camps,listed date 2026-03-14 has passed,https://www.collegeidcamps.net/colorado-womens-soccer-camps.html
RMAC_COLORADO_SCHOOL_OF_MINES_WSOC,Colorado School of Mines,Colorado,Colorado School of Mines,https://minesathletics.com/sports/2018/1/22/camps.aspx,"June 6, 2026",camps,listed date 2026-06-06 has passed,https://www.collegeidcamps.net/colorado-womens-soccer-camps.html
RMAC_COLORADO_STATE_UNIVERSITY_PUEBLO_WSOC,Colorado State University–Pueblo,Colorado,Colorado State-Pueblo,http://www.packwomenssoccercamps.com/,check link,camps,"listing says ""check link""",https://www.collegeidcamps.net/colorado-womens-soccer-camps.html
RMAC_UNIVERSITY_OF_COLORADO_COLORADO_SPRINGS_WSOC,University of Colorado Colorado Springs,Colorado,Colorado-Colorado Springs,http://gomountainlions.com/sports/2014/7/11/GEN_0711142608.aspx?path=wsoc,"April 19, 2026",camps,listed date 2026-04-19 has passed,https://www.collegeidcamps.net/colorado-womens-soccer-camps.html
RMAC_FORT_LEWIS_COLLEGE_WSOC,Fort Lewis College,Colorado,Fort Lewis College,https://goskyhawks.com/sports/2021/1/18/wsoc-camps-page.aspx,"April 12, 2026",camps,listed date 2026-04-12 has passed,https://www.collegeidcamps.net/colorado-womens-soccer-camps.html
RMAC_REGIS_UNIVERSITY_WSOC,Regis University,Colorado,Regis University,https://regissoccer.totalcamps.com/About%20Us,"April 11-12, 2026",camps,listed date 2026-04-11 has passed,https://www.collegeidcamps.net/colorado-womens-soccer-camps.html
MAAC_FAIRFIELD_WSOC,Fairfield,Connecticut,Fairfield University,http://www.agsasoccer.com/,"March 6, 2026",camps,listed date 2026-03-06 has passed,https://www.collegeidcamps.net/connecticut-womens-soccer-camps.html
MAAC_QUINNIPIAC_WSOC,Quinnipiac,Connecticut,Quinnipiac,https://quinnipiacwomenssoccer.totalcamps.com/About%20Us,"March 22, 2026",camps,listed date 2026-03-22 has passed,https://www.collegeidcamps.net/connecticut-womens-soccer-camps.html
MAAC_SACRED_HEART_WSOC,Sacred Heart,Connecticut,Sacred Heart,https://shusoccercamps.myonlinecamp.com/,"February 8, 2026",camps,listed date 2026-02-08 has passed,https://www.collegeidcamps.net/connecticut-womens-soccer-camps.html
IVY_YALE_WSOC,Yale,Connecticut,Yale,https://www.ywsacademy.com/,"February 22, 2026",camps,listed date 2026-02-22 has passed,https://www.collegeidcamps.net/connecticut-womens-soccer-camps.html
CACC_UNIVERSITY_OF_BRIDGEPORT_WSOC,University of Bridgeport,Connecticut,University of Bridgeport,http://ubknights.com/sports/wsoc/index,check link,camps,"listing says ""check link""",https://www.collegeidcamps.net/connecticut-womens-soccer-camps.html
CACC_POST_UNIVERSITY_WSOC,Post University,Connecticut,Post University,http://www.posteagles.com/index.aspx?path=wsoc&tab=soccer2,check link,camps,"listing says ""check link""",https://www.collegeidcamps.net/connecticut-womens-soccer-camps.html
NEC_SOUTHERN_CONNECTICUT_STATE_UNIVERSITY_WSOC,Southern Connecticut State University,Connecticut,Southern Connecticut State,http://www.southernctowls.com/index.aspx?tab=_soccer&path=wsoc,check link,camps,"listing says ""check link""",https://www.collegeidcamps.net/connecticut-womens-soccer-camps.html
NEC_SOUTHERN_CONNECTICUT_STATE_UNIVERSITY_WSOC,Southern Connecticut State University,Connecticut,Eastern Connecticut State,https://gowarriorathletics.com/sports/womens-soccer,check link,camps,"listing says ""check link""",https://www.collegeidcamps.net/connecticut-womens-soccer-camps.html
NEC_SOUTHERN_CONNECTICUT_STATE_UNIVERSITY_WSOC,Southern Connecticut State University,Connecticut,Western Connecticut State,https://westconnathletics.com/sports/womens-soccer,check link,camps,"listing says ""check link""",https://www.collegeidcamps.net/connecticut-womens-soccer-camps.html
CUSA_DELAWARE_WSOC,Delaware,Delaware,Delaware,https://www.bluehenswsoccercamps.com/,"January 25, 2026",camps,listed date 2026-01-25 has passed,https://www.collegeidcamps.net/delaware-womens-soccer-camps.html
NEC_DELAWARE_STATE_WSOC,Delaware State,Delaware,Delaware State,https://delawarestatesoccercamps.totalcamps.com/About%20Us,"November 15, 2025",camps,listed date 2025-11-15 has passed,https://www.collegeidcamps.net/delaware-womens-soccer-camps.html
CACC_GOLDEY_BEACOM_COLLEGE_WSOC,Goldey–Beacom College,Delaware,Goldey-Beacom College,http://abcsportscamps.com/gbcwomensoccer/,check link,camps,"listing says ""check link""",https://www.collegeidcamps.net/delaware-womens-soccer-camps.html
CACC_WILMINGTON_UNIVERSITY_WSOC,Wilmington University,Delaware,Wilmington University,http://athletics.wilmu.edu/camps/camps-list,check link,camps,"listing says ""check link""",https://www.collegeidcamps.net/delaware-womens-soccer-camps.html
PAT_AMERICAN_WSOC,American,District Of Columbia,American University,https://aueagles.com/sports/womens-soccer,check link,camps,"listing says ""check link""",https://www.collegeidcamps.net/district-of-columbia-womens-soccer-camps.html
A10_GEORGE_WASHINGTON_WSOC,George Washington,District Of Columbia,George Washington,https://jeremywilliamssoccercamps.totalcamps.com/About%20Us,"July 25, 2026",camps,listed date 2026-07-25 has passed,https://www.collegeidcamps.net/district-of-columbia-womens-soccer-camps.html
BE_GEORGETOWN_WSOC,Georgetown,District Of Columbia,Georgetown,https://guhoyas.com/index.aspx?path=wsoc,"July 25-26, 2026",camps,listed date 2026-07-25 has passed,https://www.collegeidcamps.net/district-of-columbia-womens-soccer-camps.html
NEC_HOWARD_WSOC,Howard,District Of Columbia,Howard,https://totalfutbol.leagueapps.com/pages/howard-wsoc-camps,check link,camps,"listing says ""check link""",https://www.collegeidcamps.net/district-of-columbia-womens-soccer-camps.html
SEC_FLA_WSOC,Florida,Florida,Florida,http://www.gatorzone.com/camps/?sport=socce,check link,camps,"listing says ""check link""",https://www.collegeidcamps.net/florida-womens-soccer-camps.html
AAC_FLORIDA_ATLANTIC_WSOC,Florida Atlantic,Florida,Florida Atlantic,https://www.fausoccergirlscamps.com/,check link,camps,"listing says ""check link""",https://www.collegeidcamps.net/florida-womens-soccer-camps.html
ASUN_FLORIDA_GULF_COAST_WSOC,Florida Gulf Coast,Florida,Florida Gulf Coast,http://www.fgcusoccer.com/,check link,camps,"listing says ""check link""",https://www.collegeidcamps.net/florida-womens-soccer-camps.html
ACC_FSU_WSOC,Florida State,Florida,Florida State,https://www.nolessoccercamps.com/,check link,camps,"listing says ""check link""",https://www.collegeidcamps.net/florida-womens-soccer-camps.html
ASUN_NORTH_FLORIDA_WSOC,North Florida,Florida,North Florida,https://www.efsoccercamps.com/index.cfm,﻿ check link,camps,"listing says ""check link""",https://www.collegeidcamps.net/florida-womens-soccer-camps.html
AAC_SOUTH_FLORIDA_WSOC,South Florida,Florida,South Florida,https://girlsusfsoccercamps.totalcamps.com/About%20Us,check link,camps,"listing says ""check link""",https://www.collegeidcamps.net/florida-womens-soccer-camps.html
ASUN_STETSON_WSOC,Stetson,Florida,Stetson,https://www.souzasoccercamps.com/,﻿ check link,camps,"listing says ""check link""",https://www.collegeidcamps.net/florida-womens-soccer-camps.html
SEC_UGA_WSOC,Georgia,Georgia,Georgia,https://bulldogsoccercamps.totalcamps.com/About%20Us,check link,camps,"listing says ""check link""",https://www.collegeidcamps.net/georgia-womens-soccer-camps.html
SB_GEORGIA_SOUTHERN_WSOC,Georgia Southern,Georgia,Georgia Southern,https://www.gasouthernwsoccercamps.com/,check link,camps,"listing says ""check link""",https://www.collegeidcamps.net/georgia-womens-soccer-camps.html
SB_GEORGIA_STATE_WSOC,Georgia State,Georgia,Georgia State,https://georgiastatesports.com/sports/womens-soccer,check link,camps,"listing says ""check link""",https://www.collegeidcamps.net/georgia-womens-soccer-camps.html
PBC_CLAYTON_STATE_UNIVERSITY_WSOC,Clayton State University,Georgia,Clayton State,https://claytonstatesports.com/sports/wsoc,check link,camps,"listing says ""check link""",https://www.collegeidcamps.net/georgia-womens-soccer-camps.html
PBC_COLUMBUS_STATE_UNIVERSITY_WSOC,Columbus State University,Georgia,Columbus State,https://csucougars.com/sports/2015/7/1/Camps.aspx,check link,camps,"listing says ""check link""",https://www.collegeidcamps.net/georgia-womens-soccer-camps.html
CAR_EMMANUEL_UNIVERSITY_WSOC,Emmanuel University,Georgia,Emmanuel College,http://www.goeclions.com/sports/wsoc/index,check link,camps,"listing says ""check link""",https://www.collegeidcamps.net/georgia-womens-soccer-camps.html
SEC_UGA_WSOC,Georgia,Georgia,Georgia College,https://gcsuwomenssoccer.totalcamps.com/About%20Us,check link,camps,"listing says ""check link""",https://www.collegeidcamps.net/georgia-womens-soccer-camps.html
PBC_UNIVERSITY_OF_NORTH_GEORGIA_WSOC,University of North Georgia,Georgia,North Georgia,http://ungathletics.com/sports/2014/5/29/camps.aspx,"October4, 2026",camps,no date listed,https://www.collegeidcamps.net/georgia-womens-soccer-camps.html
CAR_SHORTER_UNIVERSITY_WSOC,Shorter University,Georgia,Shorter University,https://goshorterhawks.com/sports/womens-soccer,check link,camps,"listing says ""check link""",https://www.collegeidcamps.net/georgia-womens-soccer-camps.html
GSC_VALDOSTA_STATE_UNIVERSITY_WSOC,Valdosta State University,Georgia,Valdosta State,http://blazersoccercamp.com/,check link,camps,"listing says ""check link""",https://www.collegeidcamps.net/georgia-womens-soccer-camps.html
CAR_YOUNG_HARRIS_COLLEGE_WSOC,Young Harris College,Georgia,Young Harris College,https://avramallensoccercamps.totalcamps.com/About%20Us,check link,camps,"listing says ""check link""",https://www.collegeidcamps.net/georgia-womens-soccer-camps.html
MW_HAWAII_WSOC,Hawaii,Hawaii,Hawaii,https://rainbowwahinesoccercamp.totalcamps.com/About%20Us,﻿﻿﻿﻿ check link,camps,"listing says ""check link""",https://www.collegeidcamps.net/hawaii-womens-soccer-camps.html
PACWEST_UNIVERSITY_OF_HAWAI_I_AT_HILO_WSOC,University of Hawai'i at Hilo,Hawaii,"U of Hawaii, Hilo",https://hiloathletics.com/sports/womens-soccer,check link,camps,"listing says ""check link""",https://www.collegeidcamps.net/hawaii-womens-soccer-camps.html
PACWEST_HAWAI_I_PACIFIC_UNIVERSITY_WSOC,Hawai'i Pacific University,Hawaii,Hawaii Pacific,http://www.totalcamps.com/HPUSOCCERCAMPS,check link,camps,"listing says ""check link""",https://www.collegeidcamps.net/hawaii-womens-soccer-camps.html
PAC12_BOISE_STATE_WSOC,Boise State,Idaho,Boise State,https://boisestatesoccer.totalcamps.com/About%20Us,"February 28, 2026",camps,listed date 2026-02-28 has passed,https://www.collegeidcamps.net/idaho-womens-soccer-camps.html
BSKY_IDAHO_STATE_WSOC,Idaho State,Idaho,Idaho State,http://www.isusoccercamp.com/,"June 5-6, 2026",camps,listed date 2026-06-05 has passed,https://www.collegeidcamps.net/idaho-womens-soccer-camps.html
BSKY_IDAHO_WSOC,Idaho,Idaho,Idaho,https://www.vandalssoccercamps.com/,"April 4, 2026",camps,listed date 2026-04-04 has passed,https://www.collegeidcamps.net/idaho-womens-soccer-camps.html
GNAC_NORTHWEST_NAZARENE_UNIVERSITY_WSOC,Northwest Nazarene University,Idaho,Northwest Nazarene,https://nnusports.com/sports/womens-soccer,check link,camps,"listing says ""check link""",https://www.collegeidcamps.net/idaho-womens-soccer-camps.html
BSKY_IDAHO_WSOC,Idaho,Idaho,The College of Idaho,https://yoteathletics.com/sports/womens-soccer,check link,camps,"listing says ""check link""",https://www.collegeidcamps.net/idaho-womens-soccer-camps.html
NEC_CHICAGO_STATE_WSOC,Chicago State,Illinois,Chicago State,http://www.gocsucougars.com/index.aspx?path=wsoc&tab=soccer,check link,camps,"listing says ""check link""",https://www.collegeidcamps.net/illinois-womens-soccer-camps.html
OVC_EASTERN_ILLINOIS_WSOC,Eastern Illinois,Illinois,Eastern Illinois,https://eiupanthers.com/sports/2008/9/17/sidebar_sportscamps.aspx,check link,camps,"listing says ""check link""",https://www.collegeidcamps.net/illinois-womens-soccer-camps.html
B10_ILL_WSOC,Illinois,Illinois,Illinois,https://fightingillinisoccercamps.totalcamps.com/About%20Us,check link,camps,"listing says ""check link""",https://www.collegeidcamps.net/illinois-womens-soccer-camps.html
A10_LOYOLA_CHICAGO_WSOC,Loyola Chicago,Illinois,Loyola-Chicago,https://loyolaramblers.com/sports/2023/2/27/womens-soccer-camps.aspx,check link,camps,"listing says ""check link""",https://www.collegeidcamps.net/illinois-womens-soccer-camps.html
HOR_NORTHERN_ILLINOIS_WSOC,Northern Illinois,Illinois,Northern Illinois,https://niuwomenssoccercamps.totalcamps.com/About%20Us,check link,camps,"listing says ""check link""",https://www.collegeidcamps.net/illinois-womens-soccer-camps.html
B10_NU_WSOC,Northwestern,Illinois,Northwestern,http://www.northwesterngirlssocceracademy.com/,check link,camps,"listing says ""check link""",https://www.collegeidcamps.net/illinois-womens-soccer-camps.html
OVC_SIU_EDWARDSVILLE_WSOC,SIU Edwardsville,Illinois,SIU-Edwardsville,https://siuewomenssoccercamps.totalcamps.com/About%20Us,check link,camps,"listing says ""check link""",https://www.collegeidcamps.net/illinois-womens-soccer-camps.html
OVC_WESTERN_ILLINOIS_WSOC,Western Illinois,Illinois,Western Illinois,https://goleathernecks.com/sports/womens-soccer,check link,camps,"listing says ""check link""",https://www.collegeidcamps.net/illinois-womens-soccer-camps.html
GLVC_UNIVERSITY_OF_ILLINOIS_AT_SPRINGFIELD_WSOC,University of Illinois at Springfield,Illinois,Illinois at Springfie,https://uiswomenssoccercamps.totalcamps.com/About%20Us,check link,camps,"listing says ""check link""",https://www.collegeidcamps.net/illinois-womens-soccer-camps.html
GLVC_MCKENDREE_UNIVERSITY_WSOC,McKendree University,Illinois,McKendree University,https://wsoccer.mckendreecamps.com/index.cfm,check link,camps,"listing says ""check link""",https://www.collegeidcamps.net/illinois-womens-soccer-camps.html
GLVC_QUINCY_UNIVERSITY_WSOC,Quincy University,Illinois,Quincy University,http://quincysoccercamps.com/,check link,camps,"listing says ""check link""",https://www.collegeidcamps.net/illinois-womens-soccer-camps.html
NSIC_AUGUSTANA_UNIVERSITY_WSOC,Augustana University,Illinois,Augustana College,http://mejiascott18.wix.com/acelitesocceracademy,check link,camps,"listing says ""check link""",https://www.collegeidcamps.net/illinois-womens-soccer-camps.html
B10_ILL_WSOC,Illinois,Illinois,Illinois College,https://www.ladybluessoccercamps.com/,check link,camps,"listing says ""check link""",https://www.collegeidcamps.net/illinois-womens-soccer-camps.html
ACC_WAKE_WSOC,Wake Forest,Illinois,Lake Forest College,http://www.goforesters.com/sports/wsoc/index,check link,camps,"listing says ""check link""",https://www.collegeidcamps.net/illinois-womens-soccer-camps.html
CAA_MONMOUTH_WSOC,Monmouth,Illinois,Monmouth College,http://www.monmouthscots.com/index.aspx?path=wsoc,check link,camps,"listing says ""check link""",https://www.collegeidcamps.net/illinois-womens-soccer-camps.html
GLIAC_ROOSEVELT_UNIVERSITY_WSOC,Roosevelt University,Illinois,Roosevelt,https://www.rooseveltlakers.com/sports/wsoc/index,check link,camps,"listing says ""check link""",https://www.collegeidcamps.net/illinois-womens-soccer-camps.html
MAC_BALL_STATE_WSOC,Ball State,Indiana,Ball State,https://ballstatewomenssoccercamps.totalcamps.com/About%20Us,check link,camps,"listing says ""check link""",https://www.collegeidcamps.net/indiana-womens-soccer-camps.html
BE_BUTLER_WSOC,Butler,Indiana,Butler University,http://butlerbulldogsoccer.com/,"March 15, 2026",camps,listed date 2026-03-15 has passed,https://www.collegeidcamps.net/indiana-womens-soccer-camps.html
MVC_EVANSVILLE_WSOC,Evansville,Indiana,Evansville,https://www.ladyacessoccercamps.com/,check link,camps,"listing says ""check link""",https://www.collegeidcamps.net/indiana-womens-soccer-camps.html
B10_IU_WSOC,Indiana,Indiana,Indiana,https://iwscamps.com/,"May 17, 2026",camps,listed date 2026-05-17 has passed,https://www.collegeidcamps.net/indiana-womens-soccer-camps.html
MVC_INDIANA_STATE_WSOC,Indiana State,Indiana,Indiana State,http://www.indianastatesoccercamps.com/index.cfm,"May 3, 2026",camps,listed date 2026-05-03 has passed,https://www.collegeidcamps.net/indiana-womens-soccer-camps.html
HOR_PURDUE_FORT_WAYNE_WSOC,Purdue Fort Wayne,Indiana,Purdue -Fort Wayne,https://www.mastodonsoccercamps.com/,"May 9, 2026",camps,listed date 2026-05-09 has passed,https://www.collegeidcamps.net/indiana-womens-soccer-camps.html
ACC_ND_WSOC,Notre Dame,Indiana,Notre Dame,https://und.com/womens-soccer-camp/,"March 14, 2026",camps,listed date 2026-03-14 has passed,https://www.collegeidcamps.net/indiana-womens-soccer-camps.html
B10_PUR_WSOC,Purdue,Indiana,Purdue,https://www.rmsacamps.com/index.cfm,"March 13, 2026",camps,listed date 2026-03-13 has passed,https://www.collegeidcamps.net/indiana-womens-soccer-camps.html
OVC_SOUTHERN_INDIANA_WSOC,Southern Indiana,Indiana,Southern Indiana,https://www.sieaglessoccercamps.com/,"February 22, 2026",camps,listed date 2026-02-22 has passed,https://www.collegeidcamps.net/indiana-womens-soccer-camps.html
MVC_VALPARAISO_WSOC,Valparaiso,Indiana,Valparaiso,https://www.valpo-soccer-camps.com/index.cfm,"April 26, 2026",camps,listed date 2026-04-26 has passed,https://www.collegeidcamps.net/indiana-womens-soccer-camps.html
GLIAC_PURDUE_UNIVERSITY_NORTHWEST_WSOC,Purdue University Northwest,Indiana,Purdue Northwest,https://pnwathletics.com/sports/womens-soccer,check link,camps,"listing says ""check link""",https://www.collegeidcamps.net/indiana-womens-soccer-camps.html
SAC_ANDERSON_UNIVERSITY_WSOC,Anderson University,Indiana,Anderson University,https://athletics.anderson.edu/sports/wsoc/index,check link,camps,"listing says ""check link""",https://www.collegeidcamps.net/indiana-womens-soccer-camps.html
LSC_ST_MARY_S_UNIVERSITY_WSOC,St. Mary's University,Indiana,St. Mary's College,https://belles.saintmarys.edu/sports/wsoc/index,check link,camps,"listing says ""check link""",https://www.collegeidcamps.net/indiana-womens-soccer-camps.html
PAT_HOLY_CROSS_WSOC,Holy Cross,Indiana,Holy Cross College,https://www.hcsaints.com/sports/wsoc/index,check link,camps,"listing says ""check link""",https://www.collegeidcamps.net/indiana-womens-soccer-camps.html
MVC_DRAKE_WSOC,Drake,Iowa,Drake University,http://www.bulldogsocceracademy.com/,check link,camps,"listing says ""check link""",https://www.collegeidcamps.net/iowa-womens-soccer-camps.html
B10_IOWA_WSOC,Iowa,Iowa,Iowa,https://iowasoccer.totalcamps.com/About%20Us,"February 21, 2026",camps,listed date 2026-02-21 has passed,https://www.collegeidcamps.net/iowa-womens-soccer-camps.html
B12_ISU_WSOC,Iowa State,Iowa,Iowa State,https://www.iowastatesoccercamps.com/,check link,camps,"listing says ""check link""",https://www.collegeidcamps.net/iowa-womens-soccer-camps.html
MVC_NORTHERN_IOWA_WSOC,Northern Iowa,Iowa,Northern Iowa,http://www.bruceericksonsoccer.com/,check link,camps,"listing says ""check link""",https://www.collegeidcamps.net/iowa-womens-soccer-camps.html
GLVC_UPPER_IOWA_UNIVERSITY_WSOC,Upper Iowa University,Iowa,Upper Iowa,http://www.upperiowaathletics.com/index.aspx?path=wsoc,check link,camps,"listing says ""check link""",https://www.collegeidcamps.net/iowa-womens-soccer-camps.html
IVY_CORN_WSOC,Cornell,Iowa,Cornell College,https://cornellrams.com/sports/womens-soccer,check link,camps,"listing says ""check link""",https://www.collegeidcamps.net/iowa-womens-soccer-camps.html
B10_NU_WSOC,Northwestern,Iowa,Northwestern,http://nwcraiders.com/index.aspx?path=wsoc,check link,camps,"listing says ""check link""",https://www.collegeidcamps.net/iowa-womens-soccer-camps.html
B12_KU_WSOC,Kansas,Kansas,Kansas,https://www.coachliesoccercamps.com/,"May 10, 2026",camps,listed date 2026-05-10 has passed,https://www.collegeidcamps.net/kansas-womens-soccer-camps.html
B12_KSU_WSOC,Kansas State,Kansas,Kansas State,http://www.kstatesoccercamps.com/,"February 8, 2026",camps,listed date 2026-02-08 has passed,https://www.collegeidcamps.net/kansas-womens-soccer-camps.html
MIAA_EMPORIA_STATE_UNIVERSITY_WSOC,Emporia State University,Kansas,Emporia State,https://www.esuhornetsoccercamps.com/index.cfm,"February 21, 2026",camps,listed date 2026-02-21 has passed,https://www.collegeidcamps.net/kansas-womens-soccer-camps.html
MIAA_FORT_HAYS_STATE_UNIVERSITY_WSOC,Fort Hays State University,Kansas,Fort Hays State,https://fhsuwomenssoccer.totalcamps.com/About%20Us,check link,camps,"listing says ""check link""",https://www.collegeidcamps.net/kansas-womens-soccer-camps.html
MIAA_NEWMAN_UNIVERSITY_WSOC,Newman University,Kansas,Newman University,https://www.jetswomenssoccercamps.com/,check link,camps,"listing says ""check link""",https://www.collegeidcamps.net/kansas-womens-soccer-camps.html
MIAA_WASHBURN_UNIVERSITY_WSOC,Washburn University,Kansas,Washburn,http://wusports.com/sports/2010/1/5/10summercamps.aspx#Soccer,check link,camps,"listing says ""check link""",https://www.collegeidcamps.net/kansas-womens-soccer-camps.html
LSC_ST_MARY_S_UNIVERSITY_WSOC,St. Mary's University,Kansas,U of St. Mary,https://www.gospires.com/sports/wsoc/index,check link,camps,"listing says ""check link""",https://www.collegeidcamps.net/kansas-womens-soccer-camps.html
ASUN_BELLARMINE_WSOC,Bellarmine,Kentucky,Bellarmine University,https://bellarminewomenssoccer.totalcamps.com/About%20Us,check link,camps,"listing says ""check link""",https://www.collegeidcamps.net/kentucky-womens-soccer-camps.html
UAC_EASTERN_KENTUCKY_WSOC,Eastern Kentucky,Kentucky,Eastern Kentucky,http://www.mcsoccercamp.com/,"April 19, 2026",camps,listed date 2026-04-19 has passed,https://www.collegeidcamps.net/kentucky-womens-soccer-camps.html
SEC_UK_WSOC,Kentucky,Kentucky,Kentucky,https://ukathletics.com/camps/,check link,camps,"listing says ""check link""",https://www.collegeidcamps.net/kentucky-womens-soccer-camps.html
ACC_LOU_WSOC,Louisville,Kentucky,Louisville,https://cardinalsocceracademy.totalcamps.com/About%20Us,check link,camps,"listing says ""check link""",https://www.collegeidcamps.net/kentucky-womens-soccer-camps.html
OVC_MOREHEAD_STATE_WSOC,Morehead State,Kentucky,Morehead State,https://msueagles.com/sports/womens-soccer,check link,camps,"listing says ""check link""",https://www.collegeidcamps.net/kentucky-womens-soccer-camps.html
MVC_MURRAY_STATE_WSOC,Murray State,Kentucky,Murray State,https://goracers.com/sports/womens-soccer,check link,camps,"listing says ""check link""",https://www.collegeidcamps.net/kentucky-womens-soccer-camps.html
HOR_NORTHERN_KENTUCKY_WSOC,Northern Kentucky,Kentucky,Northern Kentucky,http://www.nkunorse.com/sports/2015/3/10/GEN_0310153235.aspx,check link,camps,"listing says ""check link""",https://www.collegeidcamps.net/kentucky-womens-soccer-camps.html
CUSA_WESTERN_KENTUCKY_WSOC,Western Kentucky,Kentucky,Western Kentucky,https://wkusoccercamps.corsizio.com/,"April 19, 2026",camps,listed date 2026-04-19 has passed,https://www.collegeidcamps.net/kentucky-womens-soccer-camps.html
GMAC_KENTUCKY_WESLEYAN_COLLEGE_WSOC,Kentucky Wesleyan College,Kentucky,Kentucky Wesleyan,https://kentuckywesleyanwomenssoccercamps.totalcamps.com/About%20Us,check link,camps,"listing says ""check link""",https://www.collegeidcamps.net/kentucky-womens-soccer-camps.html
GMAC_THOMAS_MORE_UNIVERSITY_WSOC,Thomas More University,Kentucky,Thomas More College,https://thomasmoresaints.com/camps/index,check link,camps,"listing says ""check link""",https://www.collegeidcamps.net/kentucky-womens-soccer-camps.html
BE_GEORGETOWN_WSOC,Georgetown,Kentucky,Georgetown College,https://www.georgetowncollegeathletics.com/sports/wsoc/index,check link,camps,"listing says ""check link""",https://www.collegeidcamps.net/kentucky-womens-soccer-camps.html
GSC_UNION_UNIVERSITY_WSOC,Union University,Kentucky,Union College,https://www.gounionbulldogs.com/sports/wsoc/index,check link,camps,"listing says ""check link""",https://www.collegeidcamps.net/kentucky-womens-soccer-camps.html
SWAC_GRAMBLING_STATE_WSOC,Grambling State,Louisiana,Grambling State,http://www.gsutigersoccercamps.com/,"April 11, 2026",camps,listed date 2026-04-11 has passed,https://www.collegeidcamps.net/louisiana-womens-soccer-camps.html
SB_LOUISIANA_MONROE_WSOC,Louisiana–Monroe,Louisiana,Louisiana-Monroe,https://randcsoccercamps.totalcamps.com/About%20Us,check link,camps,"listing says ""check link""",https://www.collegeidcamps.net/louisiana-womens-soccer-camps.html
SEC_LSU_WSOC,LSU,Louisiana,LSU,https://lsusports.net/sports/womens-soccer,check link,camps,"listing says ""check link""",https://www.collegeidcamps.net/louisiana-womens-soccer-camps.html
SB_LOUISIANA_TECH_WSOC,Louisiana Tech,Louisiana,Louisiana Tech,https://latechsports.com/sports/womens-soccer,check link,camps,"listing says ""check link""",https://www.collegeidcamps.net/louisiana-womens-soccer-camps.html
SLND_NORTHWESTERN_STATE_WSOC,Northwestern State,Louisiana,Northwestern State,http://www.nsudemons.com/index.aspx?path=wsoc&,check link,camps,"listing says ""check link""",https://www.collegeidcamps.net/louisiana-womens-soccer-camps.html
SWAC_SOUTHERN_WSOC,Southern,Louisiana,Southern University,https://www.sujagssoccercamps.com/?path=soc,check link,camps,"listing says ""check link""",https://www.collegeidcamps.net/louisiana-womens-soccer-camps.html
AE_MAINE_WSOC,Maine,Maine,Maine,http://www.totalcamps.com/MAINEWOMENSSOCCER,check link,camps,"listing says ""check link""",https://www.collegeidcamps.net/maine-womens-soccer-camps.html
B10_UMD_WSOC,Maryland,Maryland,Maryland,https://www.marylandwomenssoccercamps.com/index.cfm,"July 20-22, 2026",camps,listed date 2026-07-20 has passed,https://www.collegeidcamps.net/maryland-womens-soccer-camps.html
MAAC_MOUNT_ST_MARY_S_WSOC,Mount St. Mary's,Maryland,Mount St. Mary's,https://mountstmaryswomenssoccer.ryzerevents.com/,"April 11, 2026",camps,listed date 2026-04-11 has passed,https://www.collegeidcamps.net/maryland-womens-soccer-camps.html
PAT_NAVY_WSOC,Navy,Maryland,Navy,https://navysports.com/sports/womens-soccer,"April 11, 2026",camps,listed date 2026-04-11 has passed,https://www.collegeidcamps.net/maryland-womens-soccer-camps.html
CAA_TOWSON_WSOC,Towson,Maryland,Towson,https://towsonwomenssoccercamps.totalcamps.com/About%20Us,"June 6, 2026",camps,listed date 2026-06-06 has passed,https://www.collegeidcamps.net/maryland-womens-soccer-camps.html
MEC_FROSTBURG_STATE_UNIVERSITY_WSOC,Frostburg State University,Maryland,Frostburg State,http://www.frostburgsports.com/index.aspx?path=wsoc,check link,camps,"listing says ""check link""",https://www.collegeidcamps.net/maryland-womens-soccer-camps.html
LSC_ST_MARY_S_UNIVERSITY_WSOC,St. Mary's University,Maryland,St. Mary's College,http://www.kickswithkrech.com/index.cfm,check link,camps,"listing says ""check link""",https://www.collegeidcamps.net/maryland-womens-soccer-camps.html
B10_UW_WSOC,Washington,Maryland,Washington College,http://washingtoncollegesports.com/insideAthletics/camps_clinics/index,check link,camps,"listing says ""check link""",https://www.collegeidcamps.net/maryland-womens-soccer-camps.html
MAC_CENTRAL_MICHIGAN_WSOC,Central Michigan,Michigan,Central Michigan,https://cmusoccercamps.totalcamps.com/About%20Us,check link,camps,"listing says ""check link""",https://www.collegeidcamps.net/michigan-womens-soccer-camps.html
HOR_DETROIT_MERCY_WSOC,Detroit Mercy,Michigan,Detroit Mercy,https://www.detroitsoccercamps.com/,check link,camps,"listing says ""check link""",https://www.collegeidcamps.net/michigan-womens-soccer-camps.html
MAC_EASTERN_MICHIGAN_WSOC,Eastern Michigan,Michigan,Eastern Michigan,https://emusoccercamps.totalcamps.com/About%20Us,check link,camps,"listing says ""check link""",https://www.collegeidcamps.net/michigan-womens-soccer-camps.html
B10_MICH_WSOC,Michigan,Michigan,Michiga,https://camps.mgoblue.com/womenssoccer/,check link,camps,"listing says ""check link""",https://www.collegeidcamps.net/michigan-womens-soccer-camps.html
B10_MSU_WSOC,Michigan State,Michigan,Michigan State,http://www.spartansoccercamps.com/,check link,camps,"listing says ""check link""",https://www.collegeidcamps.net/michigan-womens-soccer-camps.html
HOR_OAKLAND_WSOC,Oakland,Michigan,Oakland University,https://goldengrizzlies.com/sports/womens-soccer,check link,camps,"listing says ""check link""",https://www.collegeidcamps.net/michigan-womens-soccer-camps.html
MAC_WESTERN_MICHIGAN_WSOC,Western Michigan,Michigan,Western Michigan,http://www.wmuwsoccamps.com/,check link,camps,"listing says ""check link""",https://www.collegeidcamps.net/michigan-womens-soccer-camps.html
GLIAC_GRAND_VALLEY_STATE_UNIVERSITY_WSOC,Grand Valley State University,Michigan,Grand Valley State,http://www.grandvalleystatesoccercamps.com/,check link,camps,"listing says ""check link""",https://www.collegeidcamps.net/michigan-womens-soccer-camps.html
GLIAC_NORTHERN_MICHIGAN_UNIVERSITY_WSOC,Northern Michigan University,Michigan,Northern Michigan,https://nmuwildcats.com/sports/womens-soccer?path=wsoc,check link,camps,"listing says ""check link""",https://www.collegeidcamps.net/michigan-womens-soccer-camps.html
GLIAC_DAVENPORT_UNIVERSITY_WSOC,Davenport University,Michigan,Davenport University,https://dupanthers.com/sports/womens-soccer,check link,camps,"listing says ""check link""",https://www.collegeidcamps.net/michigan-womens-soccer-camps.html
B10_MINN_WSOC,Minnesota,Minnesota,Minnesota,https://www.gophersoccercamps.com/,"﻿ ﻿ June 13, 2026",camps,listed date 2026-06-13 has passed,https://www.collegeidcamps.net/minnesota-womens-soccer-camps.html
SUM_ST_THOMAS_WSOC,St. Thomas,Minnesota,St. Thomas,http://www.sheilamcgillsoccer.com/,check link,camps,"listing says ""check link""",https://www.collegeidcamps.net/minnesota-womens-soccer-camps.html
NSIC_BEMIDJI_STATE_UNIVERSITY_WSOC,Bemidji State University,Minnesota,Bemidji State,https://bemidjistatesoccercamps.totalcamps.com/About%20Us,"﻿ July 31-August 2, 2026",camps,listed date 2026-07-31 has passed,https://www.collegeidcamps.net/minnesota-womens-soccer-camps.html
NSIC_CONCORDIA_UNIVERSITY_ST_PAUL_WSOC,Concordia University–St. Paul,Minnesota,Concordia St. Paul,https://cspbears.com/sports/2012/7/4/SOC_0704123032.aspx,check link,camps,"listing says ""check link""",https://www.collegeidcamps.net/minnesota-womens-soccer-camps.html
NSIC_MINNESOTA_STATE_UNIVERSITY_MANKATO_WSOC,"Minnesota State University, Mankato",Minnesota,Minnesota State-Mankato,http://www.mavericksoccercamps.com/index.cfm,"June 22, 2026",camps,listed date 2026-06-22 has passed,https://www.collegeidcamps.net/minnesota-womens-soccer-camps.html
NSIC_MINNESOTA_STATE_UNIVERSITY_MOORHEAD_WSOC,Minnesota State University Moorhead,Minnesota,Minnesota State Moorhead,http://www.msumdragons.com/sports/2008/7/14/GEN_0714082155.aspx?tab=morecamps,"March 7-8, 2026",camps,listed date 2026-03-07 has passed,https://www.collegeidcamps.net/minnesota-womens-soccer-camps.html
NSIC_UNIVERSITY_OF_MINNESOTA_CROOKSTON_WSOC,University of Minnesota Crookston,Minnesota,Minnesota Crookston,http://www.goldeneaglesports.com/index.aspx?path=wsoc,check link,camps,"listing says ""check link""",https://www.collegeidcamps.net/minnesota-womens-soccer-camps.html
NSIC_UNIVERSITY_OF_MINNESOTA_DULUTH_WSOC,University of Minnesota Duluth,Minnesota,Minnesota-Duluth,https://bulldogssoccercamps.totalcamps.com/About%20Us,"March 21-22, 2026",camps,listed date 2026-03-21 has passed,https://www.collegeidcamps.net/minnesota-womens-soccer-camps.html
NSIC_ST_CLOUD_STATE_UNIVERSITY_WSOC,St. Cloud State University,Minnesota,St. Cloud State,https://womenssoccer.ryzerevents.com/index.cfm,check link,camps,"listing says ""check link""",https://www.collegeidcamps.net/minnesota-womens-soccer-camps.html
NSIC_WINONA_STATE_UNIVERSITY_WSOC,Winona State University,Minnesota,Winona State,https://winonastatewarriors.com/sports/womens-soccer,check link,camps,"listing says ""check link""",https://www.collegeidcamps.net/minnesota-womens-soccer-camps.html
LSC_ST_MARY_S_UNIVERSITY_WSOC,St. Mary's University,Minnesota,St. Mary's,http://www.saintmaryssports.com/index.aspx?tab=soccer2&path=wsoc,check link,camps,"listing says ""check link""",https://www.collegeidcamps.net/minnesota-womens-soccer-camps.html
SWAC_ALCORN_STATE_WSOC,Alcorn State,Mississippi,Alcorn State,https://alcornsports.com/sports/womens-soccer,check link,camps,"listing says ""check link""",https://www.collegeidcamps.net/mississippi-womens-soccer-camps.html
SWAC_JACKSON_STATE_WSOC,Jackson State,Mississippi,Jackson State,https://gojsutigers.com/index.aspx?path=wsoc,check link,camps,"listing says ""check link""",https://www.collegeidcamps.net/mississippi-womens-soccer-camps.html
SEC_MISS_WSOC,Ole Miss,Mississippi,Ole Miss,https://soccer.olemisssportscamps.com/,check link,camps,"listing says ""check link""",https://www.collegeidcamps.net/mississippi-womens-soccer-camps.html
SEC_MSST_WSOC,Mississippi State,Mississippi,Mississippi State,https://www.hailstatecamps.com/soccer/,check link,camps,"listing says ""check link""",https://www.collegeidcamps.net/mississippi-womens-soccer-camps.html
SB_SOUTHERN_MISS_WSOC,Southern Miss,Mississippi,Southern Miss,https://www.usmsoccercamps.com/,"March 1, 2026",camps,listed date 2026-03-01 has passed,https://www.collegeidcamps.net/mississippi-womens-soccer-camps.html
GSC_DELTA_STATE_UNIVERSITY_WSOC,Delta State University,Mississippi,Delta State,http://www.totalcamps.com/DELTASTATEWOMENSSOCCER,"April 12, 2026",camps,listed date 2026-04-12 has passed,https://www.collegeidcamps.net/mississippi-womens-soccer-camps.html
CAA_WILLIAM_AND_MARY_WSOC,William & Mary,Mississippi,William Carey University,https://careyathletics.com/sports/2022/6/27/17094_133008264788748143.aspx,check link,camps,"listing says ""check link""",https://www.collegeidcamps.net/mississippi-womens-soccer-camps.html
BSKY_MONTANA_WSOC,Montana,Montana,Montana,http://www.montanasoccercamps.com/index.cfm,June 13-14 2026,camps,listed date 2026-06-13 has passed,https://www.collegeidcamps.net/montana-womens-soccer-camps.html
GNAC_MONTANA_STATE_UNIVERSITY_BILLINGS_WSOC,Montana State University Billings,Montana,Montana State-Billings,https://soccerwomen.msubcamps.com/,"March 7, 2026",camps,listed date 2026-03-07 has passed,https://www.collegeidcamps.net/montana-womens-soccer-camps.html
BE_PROVIDENCE_WSOC,Providence,Montana,University of Providence,https://upargos.com/sports/womens-soccer,check link,camps,"listing says ""check link""",https://www.collegeidcamps.net/montana-womens-soccer-camps.html
BE_CREIGHTON_WSOC,Creighton,Nebraska,Creighton,https://creightonfutbolcamps.com/,"May 29 & 30, 2026",camps,no date listed,https://www.collegeidcamps.net/nebraska-womens-soccer-camps.html
B10_NEB_WSOC,Nebraska,Nebraska,Nebraska,http://www.bigredsoccercamp.com/?DB_OEM_ID=100,check link,camps,"listing says ""check link""",https://www.collegeidcamps.net/nebraska-womens-soccer-camps.html
MIAA_UNIVERSITY_OF_NEBRASKA_AT_KEARNEY_WSOC,University of Nebraska at Kearney,Nebraska,Nebraska Kearney,http://womenssoccer.lopercamps.com/,"August 1, 2026",camps,listed date 2026-08-01 has passed,https://www.collegeidcamps.net/nebraska-womens-soccer-camps.html
NSIC_WAYNE_STATE_COLLEGE_WSOC,Wayne State College,Nebraska,Wayne State,http://www.wscsoccercamp.com/,check link,camps,"listing says ""check link""",https://www.collegeidcamps.net/nebraska-womens-soccer-camps.html
LSC_ST_MARY_S_UNIVERSITY_WSOC,St. Mary's University,Nebraska,College of St. Mary,https://www.csmflames.com/sports/wsoc/index,﻿ check link,camps,"listing says ""check link""",https://www.collegeidcamps.net/nebraska-womens-soccer-camps.html
MW_NEVADA_WSOC,Nevada,Nevada,Nevada,https://nevadasoccer.totalcamps.com/About%20Us,﻿ check link,camps,"listing says ""check link""",https://www.collegeidcamps.net/nevada-womens-soccer-camps.html
IVY_DART_WSOC,Dartmouth,New Hampshire,Dartmouth,https://www.lonepinesocceracademy.com/,"March 14, 2026",camps,listed date 2026-03-14 has passed,https://www.collegeidcamps.net/new-hampshire-womens-soccer-camps.html
AE_NEW_HAMPSHIRE_WSOC,New Hampshire,New Hampshire,New Hampshire,http://www.unhwildcats.com/index.aspx?path=wsoc&,"July 11, 2026",camps,listed date 2026-07-11 has passed,https://www.collegeidcamps.net/new-hampshire-womens-soccer-camps.html
NEC_FRANKLIN_PIERCE_UNIVERSITY_WSOC,Franklin Pierce University,New Hampshire,Franklin Pierce,https://www.fpuravens.com/sports/wsoc/index,check link,camps,"listing says ""check link""",https://www.collegeidcamps.net/new-hampshire-womens-soccer-camps.html
ACC_ND_WSOC,Notre Dame,New Hampshire,Notre Dame College,http://www.notredamefalcons.com/index.aspx?path=wsoc,check link,camps,"listing says ""check link""",https://www.collegeidcamps.net/new-hampshire-womens-soccer-camps.html
NEC_FAIRLEIGH_DICKINSON_WSOC,Fairleigh Dickinson,New Jersey,Fairleigh Dickinson,https://fduknights.com/sports/womens-soccer,check link,camps,"listing says ""check link""",https://www.collegeidcamps.net/new-jersey-womens-soccer-camps.html
CAA_MONMOUTH_WSOC,Monmouth,New Jersey,Monmouth,https://girlssoccercamps.monmouthhawks.com/,check link,camps,"listing says ""check link""",https://www.collegeidcamps.net/new-jersey-womens-soccer-camps.html
IVY_PRIN_WSOC,Princeton,New Jersey,Princeton,http://www.princetonsportscamps.com/camps/girlssoccer.htm,check link,camps,"listing says ""check link""",https://www.collegeidcamps.net/new-jersey-womens-soccer-camps.html
MAAC_RIDER_WSOC,Rider,New Jersey,Rider,http://abcsportscamps.com/rusoccer?DB_OEM_ID=20200,check link,camps,"listing says ""check link""",https://www.collegeidcamps.net/new-jersey-womens-soccer-camps.html
B10_RUT_WSOC,Rutgers,New Jersey,Rutgers,https://www.rutgerswomenssoccercamps.com/,﻿ check link,camps,"listing says ""check link""",https://www.collegeidcamps.net/new-jersey-womens-soccer-camps.html
BE_SETON_HALL_WSOC,Seton Hall,New Jersey,Seton Hall,https://www.setonhallwsoccercamps.com/,check link,camps,"listing says ""check link""",https://www.collegeidcamps.net/new-jersey-womens-soccer-camps.html
CACC_CALDWELL_UNIVERSITY_WSOC,Caldwell University,New Jersey,Caldwell College,http://www.caldwellathletics.com/index.aspx?path=wsoc&tab=1,check link,camps,"listing says ""check link""",https://www.collegeidcamps.net/new-jersey-womens-soccer-camps.html
CACC_FELICIAN_UNIVERSITY_WSOC,Felician University,New Jersey,Felician College,http://www.felicianathletics.com/sports/wsoc/index,check link,camps,"listing says ""check link""",https://www.collegeidcamps.net/new-jersey-womens-soccer-camps.html
CACC_GEORGIAN_COURT_UNIVERSITY_WSOC,Georgian Court University,New Jersey,Georgian Court College,https://georgiancourtwomenssoccer.totalcamps.com/About%20Us,check link,camps,"listing says ""check link""",https://www.collegeidcamps.net/new-jersey-womens-soccer-camps.html
MW_NEW_MEXICO_WSOC,New Mexico,New Mexico,New Mexico,https://newmexicosoccercamps.totalcamps.com/About%20Us,check link,camps,"listing says ""check link""",https://www.collegeidcamps.net/new-mexico-womens-soccer-camps.html
CUSA_NEW_MEXICO_STATE_WSOC,New Mexico State,New Mexico,New Mexico State,https://www.robbaartssoccercamps.com/,check link,camps,"listing says ""check link""",https://www.collegeidcamps.net/new-mexico-womens-soccer-camps.html
RMAC_NEW_MEXICO_HIGHLANDS_UNIVERSITY_WSOC,New Mexico Highlands University,New Mexico,New Mexico Highlands,http://www.nmhucowboys.com/index.aspx?path=wsoc,check link,camps,"listing says ""check link""",https://www.collegeidcamps.net/new-mexico-womens-soccer-camps.html
AE_ALBANY_WSOC,Albany,New York,Albany,https://www.sadeayindesoccer.com/,check link,camps,"listing says ""check link""",https://www.collegeidcamps.net/new-york-womens-soccer-camps.html
PAT_ARMY_WSOC,Army,New York,Army,https://armywomenssoccer.totalcamps.com/About%20Us,"September 20, 2026",camps,listed date 2026-09-20 has passed,https://www.collegeidcamps.net/new-york-womens-soccer-camps.html
AE_BINGHAMTON_WSOC,Binghamton,New York,Binghamton University,http://www.bubearcats.com/index.aspx?path=wsoc,check link,camps,"listing says ""check link""",https://www.collegeidcamps.net/new-york-womens-soccer-camps.html
MAC_BUFFALO_WSOC,Buffalo,New York,Buffalo,http://www.ubsoccercamps.com/,check link,camps,"listing says ""check link""",https://www.collegeidcamps.net/new-york-womens-soccer-camps.html
MAAC_CANISIUS_WSOC,Canisius,New York,Canisius College,http://www.totalcamps.com/canisiuswomenssoccer,check link,camps,"listing says ""check link""",https://www.collegeidcamps.net/new-york-womens-soccer-camps.html
PAT_COLGATE_WSOC,Colgate,New York,Colgate,http://www.totalcamps.com/COLGATEWOMENSSOCCER/home?_=1488561887478&path=wsoc,check link,camps,"listing says ""check link""",https://www.collegeidcamps.net/new-york-womens-soccer-camps.html
IVY_COL_WSOC,Columbia,New York,Columbia University,http://www.nycsocceracademy.com/?&DB_OEM_ID=9610,check link,camps,"listing says ""check link""",https://www.collegeidcamps.net/new-york-womens-soccer-camps.html
IVY_CORN_WSOC,Cornell,New York,Cornell University,https://www.elitesoccerithaca.com/,"September 19, 2026",camps,listed date 2026-09-19 has passed,https://www.collegeidcamps.net/new-york-womens-soccer-camps.html
A10_FORDHAM_WSOC,Fordham,New York,Fordham University,http://www.jessclintonsoccer.com/,check link,camps,"listing says ""check link""",https://www.collegeidcamps.net/new-york-womens-soccer-camps.html
CAA_HOFSTRA_WSOC,Hofstra,New York,Hofstra University,https://www.hofstra.edu/academics/ce/summer-camp/sports_soccer.html,check link,camps,"listing says ""check link""",https://www.collegeidcamps.net/new-york-womens-soccer-camps.html
MAAC_IONA_WSOC,Iona,New York,Iona College,https://ionawomenssoccer.totalcamps.com/About%20Us,check link,camps,"listing says ""check link""",https://www.collegeidcamps.net/new-york-womens-soccer-camps.html
NEC_LE_MOYNE_WSOC,Le Moyne,New York,Le Moyne College,https://lemoynedolphins.com/sports/2014/5/14/Camps_0514144603.aspx,check link,camps,"listing says ""check link""",https://www.collegeidcamps.net/new-york-womens-soccer-camps.html
MAAC_MANHATTAN_WSOC,Manhattan,New York,Manhattan College,https://gojaspers.com/sports/womens-soccer,check link,camps,"listing says ""check link""",https://www.collegeidcamps.net/new-york-womens-soccer-camps.html
MAAC_NIAGARA_WSOC,Niagara,New York,Niagara University,http://www.totalcamps.com/NIAGARAWOMENSSOCCER/home,check link,camps,"listing says ""check link""",https://www.collegeidcamps.net/new-york-womens-soccer-camps.html
A10_ST_BONAVENTURE_WSOC,St. Bonaventure,New York,St. Bonaventure,http://gobonnies.sbu.edu/sports/w-soccer/index,check link,camps,"listing says ""check link""",https://www.collegeidcamps.net/new-york-womens-soccer-camps.html
BE_ST_JOHN_S_WSOC,St. John's,New York,St. John's,https://redstormsports.com/index.aspx?path=wsoc,check link,camps,"listing says ""check link""",https://www.collegeidcamps.net/new-york-womens-soccer-camps.html
MAAC_SIENA_WSOC,Siena,New York,Siena College,http://www.totalcamps.com/sienawomenssoccerclinics,"March 8, 2026",camps,listed date 2026-03-08 has passed,https://www.collegeidcamps.net/new-york-womens-soccer-camps.html
CAA_STONY_BROOK_WSOC,Stony Brook,New York,Stony Brook,https://tbstcamps.totalcamps.com/About%20Us,check link,camps,"listing says ""check link""",https://www.collegeidcamps.net/new-york-womens-soccer-camps.html
ACC_SYR_WSOC,Syracuse,New York,Syracuse,http://syracusesoccercamps.com/,"April 26, 2026",camps,listed date 2026-04-26 has passed,https://www.collegeidcamps.net/new-york-womens-soccer-camps.html
NEC_WAGNER_WSOC,Wagner,New York,Wagner College,https://wagnerathletics.com/sports/womens-soccer,check link,camps,"listing says ""check link""",https://www.collegeidcamps.net/new-york-womens-soccer-camps.html
NEC_ADELPHI_UNIVERSITY_WSOC,Adelphi University,New York,Adelphi,https://adelphipantherswomenssoccercamps.totalcamps.com/About%20Us,check link,camps,"listing says ""check link""",https://www.collegeidcamps.net/new-york-womens-soccer-camps.html
ECC_DAEMEN_UNIVERSITY_WSOC,Daemen University,New York,Daemen College,https://daemenwildcats.com/sports/2012/11/13/MBB_1113124007.aspx,check link,camps,"listing says ""check link""",https://www.collegeidcamps.net/new-york-womens-soccer-camps.html
ECC_MERCY_UNIVERSITY_WSOC,Mercy University,New York,Mercy College,http://www.mercyathletics.com/sports/wsoc/index,check link,camps,"listing says ""check link""",https://www.collegeidcamps.net/new-york-womens-soccer-camps.html
ECC_MOLLOY_UNIVERSITY_WSOC,Molloy University,New York,Molloy College,http://www.molloylions.com/index.aspx?tab=womenssoccer&path=wsoc,check link,camps,"listing says ""check link""",https://www.collegeidcamps.net/new-york-womens-soccer-camps.html
NEC_PACE_UNIVERSITY_WSOC,Pace University,New York,Pace University,http://www.pacesettersathletics.com/index.aspx?path=wsoc&,check link,camps,"listing says ""check link""",https://www.collegeidcamps.net/new-york-womens-soccer-camps.html
ECC_QUEENS_COLLEGE_WSOC,Queens College,New York,Queens College,https://queensknights.com/index.aspx?path=wsoc,check link,camps,"listing says ""check link""",https://www.collegeidcamps.net/new-york-womens-soccer-camps.html
ECC_ROBERTS_WESLEYAN_UNIVERSITY_WSOC,Roberts Wesleyan University,New York,Roberts Wesleyan,http://abcsportscamps.com/rwcsoccer,check link,camps,"listing says ""check link""",https://www.collegeidcamps.net/new-york-womens-soccer-camps.html
ECC_ST_THOMAS_AQUINAS_COLLEGE_WSOC,St. Thomas Aquinas College,New York,St. Thomas Aquinas,http://www.stacathletics.com/sports/wsoc/index,check link,camps,"listing says ""check link""",https://www.collegeidcamps.net/new-york-womens-soccer-camps.html
CAA_CAMPBELL_WSOC,Campbell,North Carolina,Campbell University,http://www.camelwomenssoccercamps.com/index.cfm,check link,camps,"listing says ""check link""",https://www.collegeidcamps.net/north-carolina-womens-soccer-camps.html
A10_DAVIDSON_WSOC,Davidson,North Carolina,Davidson College,https://www.wildcatssoccercamps.com/,"October 4, 2026",camps,listed date 2026-10-04 has passed,https://www.collegeidcamps.net/north-carolina-womens-soccer-camps.html
ACC_DUKE_WSOC,Duke,North Carolina,Duke,https://www.dukesocceracademy.com/,check link,camps,"listing says ""check link""",https://www.collegeidcamps.net/north-carolina-womens-soccer-camps.html
AAC_EAST_CAROLINA_WSOC,East Carolina,North Carolina,East Carolina,http://www.piratesoccercamps.com/About%20Us,check link,camps,"listing says ""check link""",https://www.collegeidcamps.net/north-carolina-womens-soccer-camps.html
CAA_ELON_WSOC,Elon,North Carolina,Elon University,http://www.totalcamps.com/ELONWOMENSSOCCERCAMPS,check link,camps,"listing says ""check link""",https://www.collegeidcamps.net/north-carolina-womens-soccer-camps.html
BSOUTH_GARDNER_WEBB_WSOC,Gardner–Webb,North Carolina,Gardner-Webb,https://www.coacheriksoccercamps.com//index.cfm,check link,camps,"listing says ""check link""",https://www.collegeidcamps.net/north-carolina-womens-soccer-camps.html
BSOUTH_HIGH_POINT_WSOC,High Point,North Carolina,High Point University,https://highpointsoccer.totalcamps.com/About%20Us,check link,camps,"listing says ""check link""",https://www.collegeidcamps.net/north-carolina-womens-soccer-camps.html
ACC_NCSU_WSOC,NC State,North Carolina,NC State,https://www.ncstategirlssoccercamp.com/,check link,camps,"listing says ""check link""",https://www.collegeidcamps.net/north-carolina-womens-soccer-camps.html
BSOUTH_UNC_ASHEVILLE_WSOC,UNC Asheville,North Carolina,UNC Ashville,https://uncashevillewomenssoccercamps.totalcamps.com/About%20Us,check link,camps,"listing says ""check link""",https://www.collegeidcamps.net/north-carolina-womens-soccer-camps.html
SOCON_UNC_GREENSBORO_WSOC,UNC Greensboro,North Carolina,UNC Greensboro,https://workmansoccercamps.totalcamps.com/About%20Us?path=wsoc,check link,camps,"listing says ""check link""",https://www.collegeidcamps.net/north-carolina-womens-soccer-camps.html
CAA_UNC_WILMINGTON_WSOC,UNC Wilmington,North Carolina,UNC Wilmington,http://seahawkgirlssoccercamps.com/,check link,camps,"listing says ""check link""",https://www.collegeidcamps.net/north-carolina-womens-soccer-camps.html
ACC_WAKE_WSOC,Wake Forest,North Carolina,Wake Forest,https://www.tonydaluzsoccerschool.com/,check link,camps,"listing says ""check link""",https://www.collegeidcamps.net/north-carolina-womens-soccer-camps.html
SOCON_WESTERN_CAROLINA_WSOC,Western Carolina,North Carolina,Western Carolina,http://westerncarolinasoccercamp.com/,"September 27, 2026",camps,listed date 2026-09-27 has passed,https://www.collegeidcamps.net/north-carolina-womens-soccer-camps.html
CAR_BARTON_COLLEGE_WSOC,Barton College,North Carolina,Barton College,https://bartonbulldogs.com/sports/wsoc?path=wsoc,check link,camps,"listing says ""check link""",https://www.collegeidcamps.net/north-carolina-womens-soccer-camps.html
CAR_BELMONT_ABBEY_COLLEGE_WSOC,Belmont Abbey College,North Carolina,Belmont Abbey College,http://crusadersocceracademy.com/,check link,camps,"listing says ""check link""",https://www.collegeidcamps.net/north-carolina-womens-soccer-camps.html
CAR_CHOWAN_UNIVERSITY_WSOC,Chowan University,North Carolina,Chowan University,http://www.gocuhawks.com/index.aspx?path=wsoc&tab=1,check link,camps,"listing says ""check link""",https://www.collegeidcamps.net/north-carolina-womens-soccer-camps.html
CAR_LEES_MCRAE_COLLEGE_WSOC,Lees–McRae College,North Carolina,Lees-McRae College,http://www.lmcbobcats.com/sports/wsoc/index,check link,camps,"listing says ""check link""",https://www.collegeidcamps.net/north-carolina-womens-soccer-camps.html
CAR_UNIVERSITY_OF_MOUNT_OLIVE_WSOC,University of Mount Olive,North Carolina,University of Mount Olive,http://www.umotrojans.com/information/camps/index,check link,camps,"listing says ""check link""",https://www.collegeidcamps.net/north-carolina-womens-soccer-camps.html
SAC_WINGATE_UNIVERSITY_WSOC,Wingate University,North Carolina,Wingate University,http://www.wingatesoccer.com/,check link,camps,"listing says ""check link""",https://www.collegeidcamps.net/north-carolina-womens-soccer-camps.html
SUM_NORTH_DAKOTA_WSOC,North Dakota,North Dakota,North Dakota,https://fightinghawks.com/index.aspx?path=wsoccer,check link,camps,"listing says ""check link""",https://www.collegeidcamps.net/north-dakota-womens-soccer-camps.html
SUM_NORTH_DAKOTA_STATE_WSOC,North Dakota State,North Dakota,North Dakota State,http://www.ndsusoccercamps.com/,"April 11, 2026",camps,listed date 2026-04-11 has passed,https://www.collegeidcamps.net/north-dakota-womens-soccer-camps.html
NSIC_MINOT_STATE_UNIVERSITY_WSOC,Minot State University,North Dakota,Minot State,https://minotstatewomenssoccercamps.totalcamps.com/About%20Us,check link,camps,"listing says ""check link""",https://www.collegeidcamps.net/north-dakota-womens-soccer-camps.html
MAC_AKRON_WSOC,Akron,Ohio,University of Akron,https://gozips.com/sports/womens-soccer,check link,camps,"listing says ""check link""",https://www.collegeidcamps.net/ohio-womens-soccer-camps.html
B12_CIN_WSOC,Cincinnati,Ohio,Cincinnati,https://cincinnatiwomenssoccer.totalcamps.com/About%20Us,check link,camps,"listing says ""check link""",https://www.collegeidcamps.net/ohio-womens-soccer-camps.html
HOR_CLEVELAND_STATE_WSOC,Cleveland State,Ohio,Cleveland State,https://vikessoccer.totalcamps.com/About%20Us,check link,camps,"listing says ""check link""",https://www.collegeidcamps.net/ohio-womens-soccer-camps.html
A10_DAYTON_WSOC,Dayton,Ohio,University of Dayton,https://www.flyerssoccercamps.com/index.cfm,check link,camps,"listing says ""check link""",https://www.collegeidcamps.net/ohio-womens-soccer-camps.html
MAC_KENT_STATE_WSOC,Kent State,Ohio,Kent State,https://kentstatesoccercamp.totalcamps.com/About%20Us,check link,camps,"listing says ""check link""",https://www.collegeidcamps.net/ohio-womens-soccer-camps.html
MAC_MIAMI_OH_WSOC,Miami (OH),Ohio,Miami (Ohio),https://miamiuniversitywomenssoccercamps.totalcamps.com/About%20Us,check link,camps,"listing says ""check link""",https://www.collegeidcamps.net/ohio-womens-soccer-camps.html
B10_OSU_WSOC,Ohio State,Ohio,Ohio State,https://ohiostatebuckeyes.com/sports/2018/6/7/ohio-state-womens-soccer-camps,check link,camps,"listing says ""check link""",https://www.collegeidcamps.net/ohio-womens-soccer-camps.html
MAC_OHIO_WSOC,Ohio,Ohio,Ohio University,https://ohiobobcats.com/sports/wsoc,check link,camps,"listing says ""check link""",https://www.collegeidcamps.net/ohio-womens-soccer-camps.html
MAC_TOLEDO_WSOC,Toledo,Ohio,University of Toledo,http://www.rocketsoccercamps.com/index.cfm,check link,camps,"listing says ""check link""",https://www.collegeidcamps.net/ohio-womens-soccer-camps.html
HOR_WRIGHT_STATE_WSOC,Wright State,Ohio,Wright State,https://wsuraiders.com/sports/womens-soccer,check link,camps,"listing says ""check link""",https://www.collegeidcamps.net/ohio-womens-soccer-camps.html
HOR_YOUNGSTOWN_STATE_WSOC,Youngstown State,Ohio,Youngstown State,https://www.penguinssocceracademy.com/,check link,camps,"listing says ""check link""",https://www.collegeidcamps.net/ohio-womens-soccer-camps.html
SEC_OU_WSOC,Oklahoma,Oklahoma,Oklahoma,https://www.mattmottsoccercamps.com/,"April 12, 2026",camps,listed date 2026-04-12 has passed,https://www.collegeidcamps.net/oklahoma-womens-soccer-camps.html
B12_OKST_WSOC,Oklahoma State,Oklahoma,Oklahoma State,https://www.ussportscamps.com/welcome/oklahoma-state-university-soccer-camps,"July 25, 2026",camps,listed date 2026-07-25 has passed,https://www.collegeidcamps.net/oklahoma-womens-soccer-camps.html
SUM_ORAL_ROBERTS_WSOC,Oral Roberts,Oklahoma,Oral Roberts,https://rsasoccercamps.com/,check link,camps,"listing says ""check link""",https://www.collegeidcamps.net/oklahoma-womens-soccer-camps.html
AAC_TULSA_WSOC,Tulsa,Oklahoma,Tulsa,https://www.tulsawomenssoccercamps.com/,check link,camps,"listing says ""check link""",https://www.collegeidcamps.net/oklahoma-womens-soccer-camps.html
MIAA_UNIVERSITY_OF_CENTRAL_OKLAHOMA_WSOC,University of Central Oklahoma,Oklahoma,U of Central Oklahoma,https://www.bronchosoccercamps.com/,"May 23, 2026",camps,listed date 2026-05-23 has passed,https://www.collegeidcamps.net/oklahoma-womens-soccer-camps.html
MIAA_NORTHEASTERN_STATE_UNIVERSITY_WSOC,Northeastern State University,Oklahoma,Northeastern State U,https://www.nsuallstarsoccer.com/,check link,camps,"listing says ""check link""",https://www.collegeidcamps.net/oklahoma-womens-soccer-camps.html
LSC_OKLAHOMA_CHRISTIAN_UNIVERSITY_WSOC,Oklahoma Christian University,Oklahoma,Oklahoma Christian U,http://www.oceaglessoccercamps.com/index.cfm,check link,camps,"listing says ""check link""",https://www.collegeidcamps.net/oklahoma-womens-soccer-camps.html
MIAA_ROGERS_STATE_UNIVERSITY_WSOC,Rogers State University,Oklahoma,Rogers State University,http://www.rogersstatesoccercamps.com/,check link,camps,"listing says ""check link""",https://www.collegeidcamps.net/oklahoma-womens-soccer-camps.html
PAT_BUCKNELL_WSOC,Bucknell,Pennsylvania,Bucknell,https://goherdsoccer.com/,check link,camps,"listing says ""check link""",https://www.collegeidcamps.net/pennsylvania-womens-soccer-camps.html
CAA_DREXEL_WSOC,Drexel,Pennsylvania,Drexel,https://drexeldragons.com/sports/womens-soccer,check link,camps,"listing says ""check link""",https://www.collegeidcamps.net/pennsylvania-womens-soccer-camps.html
A10_DUQUESNE_WSOC,Duquesne,Pennsylvania,Duquesne,https://goduquesne.com/sports/womens-soccer,check link,camps,"listing says ""check link""",https://www.collegeidcamps.net/pennsylvania-womens-soccer-camps.html
PAT_LAFAYETTE_WSOC,Lafayette,Pennsylvania,Lafayette College,https://lafayettewomenssoccercamps.totalcamps.com/About%20Us,check link,camps,"listing says ""check link""",https://www.collegeidcamps.net/pennsylvania-womens-soccer-camps.html
PAT_LEHIGH_WSOC,Lehigh,Pennsylvania,Lehigh,https://lehighwomenssoccercamps.totalcamps.com/About%20Us,check link,camps,"listing says ""check link""",https://www.collegeidcamps.net/pennsylvania-womens-soccer-camps.html
B10_PSU_WSOC,Penn State,Pennsylvania,Penn State,https://gopsusports.com/girls-soccer-camps,check link,camps,"listing says ""check link""",https://www.collegeidcamps.net/pennsylvania-womens-soccer-camps.html
HOR_ROBERT_MORRIS_WSOC,Robert Morris,Pennsylvania,Robert Morris,https://robertmorriswomenssoccercamps.totalcamps.com/About%20Us,check link,camps,"listing says ""check link""",https://www.collegeidcamps.net/pennsylvania-womens-soccer-camps.html
AAC_TEMPLE_WSOC,Temple,Pennsylvania,Temple,https://owlssocceracademy.totalcamps.com/About%20Us,check link,camps,"listing says ""check link""",https://www.collegeidcamps.net/pennsylvania-womens-soccer-camps.html
CACC_CHESTNUT_HILL_COLLEGE_WSOC,Chestnut Hill College,Pennsylvania,Chestnut Hill College,http://www.griffinathletics.com/index.aspx?path=wsoc,check link,camps,"listing says ""check link""",https://www.collegeidcamps.net/pennsylvania-womens-soccer-camps.html
PSAC_GANNON_UNIVERSITY_WSOC,Gannon University,Pennsylvania,Gannon University,http://www.totalcamps.com/GANNONWOMENSSOCCERCAMPS,check link,camps,"listing says ""check link""",https://www.collegeidcamps.net/pennsylvania-womens-soccer-camps.html
CACC_HOLY_FAMILY_UNIVERSITY_WSOC,Holy Family University,Pennsylvania,Holy Family,http://athletics.holyfamily.edu/index.aspx?path=wsoc&,check link,camps,"listing says ""check link""",https://www.collegeidcamps.net/pennsylvania-womens-soccer-camps.html
NEC_MERCYHURST_WSOC,Mercyhurst,Pennsylvania,Mercyhurst College,http://www.mercyathletics.com/sports/wsoc/index,check link,camps,"listing says ""check link""",https://www.collegeidcamps.net/pennsylvania-womens-soccer-camps.html
MEC_POINT_PARK_UNIVERSITY_WSOC,Point Park University,Pennsylvania,Point Park University,https://pointparksports.com/sports/womens-soccer,check link,camps,"listing says ""check link""",https://www.collegeidcamps.net/pennsylvania-womens-soccer-camps.html
PSAC_SETON_HILL_UNIVERSITY_WSOC,Seton Hill University,Pennsylvania,Seton Hill,https://www.rileybutlersoccer.com/,check link,camps,"listing says ""check link""",https://www.collegeidcamps.net/pennsylvania-womens-soccer-camps.html
PSAC_WEST_CHESTER_UNIVERSITY_WSOC,West Chester University,Pennsylvania,West Chester,https://wcuwomenssoccercamps.totalcamps.com/About%20Us,check link,camps,"listing says ""check link""",https://www.collegeidcamps.net/pennsylvania-womens-soccer-camps.html
RMAC_WESTMINSTER_UNIVERSITY_WSOC,Westminster University,Pennsylvania,Westminster College,https://athletics.westminster.edu/sports/womens-soccer,check link,camps,"listing says ""check link""",https://www.collegeidcamps.net/pennsylvania-womens-soccer-camps.html
IVY_BRWN_WSOC,Brown,Rhode Island,Brown,https://www.bearswomenssoccerclinics.com/,"March 14, 2026",camps,listed date 2026-03-14 has passed,https://www.collegeidcamps.net/rhode-island-womens-soccer-camps.html
AE_BRYANT_WSOC,Bryant,Rhode Island,Bryant University,http://www.bryantsoccercamps.com/,check link,camps,"listing says ""check link""",https://www.collegeidcamps.net/rhode-island-womens-soccer-camps.html
BE_PROVIDENCE_WSOC,Providence,Rhode Island,Providence College,http://www.samlopesacademy.com/,check link,camps,"listing says ""check link""",https://www.collegeidcamps.net/rhode-island-womens-soccer-camps.html
A10_RHODE_ISLAND_WSOC,Rhode Island,Rhode Island,Rhode Island,https://jesseesocceracademy.com/,"April 4, 2026",camps,listed date 2026-04-04 has passed,https://www.collegeidcamps.net/rhode-island-womens-soccer-camps.html
A10_RHODE_ISLAND_WSOC,Rhode Island,Rhode Island,Rhode Island College,https://www.goanchormen.com/sports/wsoc/index,check link,camps,"listing says ""check link""",https://www.collegeidcamps.net/rhode-island-womens-soccer-camps.html
CAA_CHARLESTON_WSOC,Charleston,South Carolina,College of Charleston,https://www.charlestonsocceracademy.com/?DB_OEM_ID=14800,check link,camps,"listing says ""check link""",https://www.collegeidcamps.net/south-carolina-womens-soccer-camps.html
BSOUTH_CHARLESTON_SOUTHERN_WSOC,Charleston Southern,South Carolina,Charleston Southern,https://charlestonsouthernsoccercamps.totalcamps.com/About%20Us,check link,camps,"listing says ""check link""",https://www.collegeidcamps.net/south-carolina-womens-soccer-camps.html
SOCON_THE_CITADEL_WSOC,The Citadel,South Carolina,The Citadel,https://www.cptsoccer.com/shop/EVENT,check link,camps,"listing says ""check link""",https://www.collegeidcamps.net/south-carolina-womens-soccer-camps.html
ACC_CLEM_WSOC,Clemson,South Carolina,Clemson,https://clemsontigers.com/tiger-girls-soccer-camp/,check link,camps,"listing says ""check link""",https://www.collegeidcamps.net/south-carolina-womens-soccer-camps.html
CAR_FRANCIS_MARION_UNIVERSITY_WSOC,Francis Marion University,South Carolina,Francis Marion,http://www.fmupatriots.com/sports/wsoc/index,check link,camps,"listing says ""check link""",https://www.collegeidcamps.net/south-carolina-womens-soccer-camps.html
SOCON_FURMAN_WSOC,Furman,South Carolina,Furman,https://furmanwomenssoccer.totalcamps.com/About%20Us,check link,camps,"listing says ""check link""",https://www.collegeidcamps.net/south-carolina-womens-soccer-camps.html
BSOUTH_PRESBYTERIAN_WSOC,Presbyterian,South Carolina,Presbyterian College,https://presbyterianwomenssoccer.totalcamps.com/About%20Us?path=wsoc,check link,camps,"listing says ""check link""",https://www.collegeidcamps.net/south-carolina-womens-soccer-camps.html
SEC_SC_WSOC,South Carolina,South Carolina,South Carolina,https://carolinasoccerschool.com/,check link,camps,"listing says ""check link""",https://www.collegeidcamps.net/south-carolina-womens-soccer-camps.html
BSOUTH_WINTHROP_WSOC,Winthrop,South Carolina,Winthrop,https://www.winthropwomensidsoccercamp.com/,check link,camps,"listing says ""check link""",https://www.collegeidcamps.net/south-carolina-womens-soccer-camps.html
SAC_ANDERSON_UNIVERSITY_WSOC,Anderson University,South Carolina,Anderson University,https://andersonwomenssoccercamps.totalcamps.com/About%20Us,check link,camps,"listing says ""check link""",https://www.collegeidcamps.net/south-carolina-womens-soccer-camps.html
SAC_COKER_UNIVERSITY_WSOC,Coker University,South Carolina,Coker College,http://www.cokercobras.com/camps/index,check link,camps,"listing says ""check link""",https://www.collegeidcamps.net/south-carolina-womens-soccer-camps.html
CAR_CONVERSE_UNIVERSITY_WSOC,Converse University,South Carolina,Converse University,https://govalkyries.com/sports/wsoc?path=wsoc,check link,camps,"listing says ""check link""",https://www.collegeidcamps.net/south-carolina-womens-soccer-camps.html
SAC_NEWBERRY_COLLEGE_WSOC,Newberry College,South Carolina,Newberry College,https://www.ncwscamps.com/,check link,camps,"listing says ""check link""",https://www.collegeidcamps.net/south-carolina-womens-soccer-camps.html
CAR_NORTH_GREENVILLE_UNIVERSITY_WSOC,North Greenville University,South Carolina,North Greenville,https://nguathletics.com/sports/wsoc,check link,camps,"listing says ""check link""",https://www.collegeidcamps.net/south-carolina-womens-soccer-camps.html
CAR_SOUTHERN_WESLEYAN_UNIVERSITY_WSOC,Southern Wesleyan University,South Carolina,Southern Wesleyan,https://womenssoccer.swuathleticscamps.com/,check link,camps,"listing says ""check link""",https://www.collegeidcamps.net/south-carolina-womens-soccer-camps.html
IVY_COL_WSOC,Columbia,South Carolina,Columbia College,http://www.gokoalas.com/camps/index,check link,camps,"listing says ""check link""",https://www.collegeidcamps.net/south-carolina-womens-soccer-camps.html
SUM_SOUTH_DAKOTA_WSOC,South Dakota,South Dakota,South Dakota,http://www.southdakotasoccercamps.com/,check link,camps,"listing says ""check link""",https://www.collegeidcamps.net/south-dakota-womens-soccer-camps.html
SUM_SOUTH_DAKOTA_STATE_WSOC,South Dakota State,South Dakota,South Dakota State,http://www.jackrabbitsoccercamps.com/index.cfm,"April 19, 2026",camps,listed date 2026-04-19 has passed,https://www.collegeidcamps.net/south-dakota-womens-soccer-camps.html
NSIC_AUGUSTANA_UNIVERSITY_WSOC,Augustana University,South Dakota,Augustana College,https://athletics.augustana.edu/sports/womens-soccer,check link,camps,"listing says ""check link""",https://www.collegeidcamps.net/south-dakota-womens-soccer-camps.html
NSIC_NORTHERN_STATE_UNIVERSITY_WSOC,Northern State University,South Dakota,Northern State,https://www.northernstatesoccercamps.com/,"April 19, 2026",camps,listed date 2026-04-19 has passed,https://www.collegeidcamps.net/south-dakota-womens-soccer-camps.html
NSIC_UNIVERSITY_OF_SIOUX_FALLS_WSOC,University of Sioux Falls,South Dakota,Sioux Falls,https://usfcougars.com/sports/womens-soccer,check link,camps,"listing says ""check link""",https://www.collegeidcamps.net/south-dakota-womens-soccer-camps.html
UAC_AUSTIN_PEAY_WSOC,Austin Peay,Tennessee,Austin Peay,https://www.macsoccercamp.com/,check link,camps,"listing says ""check link""",https://www.collegeidcamps.net/tennessee-womens-soccer-camps.html
SOCON_EAST_TENNESSEE_STATE_WSOC,East Tennessee State,Tennessee,East Tennessee State,https://www.etsusoccer.com/,check link,camps,"listing says ""check link""",https://www.collegeidcamps.net/tennessee-womens-soccer-camps.html
ASUN_LIPSCOMB_WSOC,Lipscomb,Tennessee,Lipscomb,https://www.lipscombwomenssoccercamps.com/,"September 19, 2026",camps,listed date 2026-09-19 has passed,https://www.collegeidcamps.net/tennessee-womens-soccer-camps.html
AAC_MEMPHIS_WSOC,Memphis,Tennessee,Memphis,https://brooksmonaghanwomenssoccercamp.totalcamps.com/About%20Us,check link,camps,"listing says ""check link""",https://www.collegeidcamps.net/tennessee-womens-soccer-camps.html
SEC_TENN_WSOC,Tennessee,Tennessee,Tennessee,https://www.tennesseesoccercamp.com/,check link,camps,"listing says ""check link""",https://www.collegeidcamps.net/tennessee-womens-soccer-camps.html
SOCON_TENNESSEE_TECH_WSOC,Tennessee Tech,Tennessee,Tennessee Tech,https://goldeneaglesocceracademy.totalcamps.com/About%20Us,check link,camps,"listing says ""check link""",https://www.collegeidcamps.net/tennessee-womens-soccer-camps.html
GSC_CHRISTIAN_BROTHERS_UNIVERSITY_WSOC,Christian Brothers University,Tennessee,Christian Brothers U,http://www.gobucsgo.com/index.aspx?tab=soccer2&path=wsoc,check link,camps,"listing says ""check link""",https://www.collegeidcamps.net/tennessee-womens-soccer-camps.html
CAR_KING_UNIVERSITY_WSOC,King University,Tennessee,King University,https://www.kingtornado.com/sports/wsoc/index,check link,camps,"listing says ""check link""",https://www.collegeidcamps.net/tennessee-womens-soccer-camps.html
GSC_LEE_UNIVERSITY_WSOC,Lee University,Tennessee,Lee University,https://leewomenssoccer.totalcamps.com/About%20Us,check link,camps,"listing says ""check link""",https://www.collegeidcamps.net/tennessee-womens-soccer-camps.html
SAC_LINCOLN_MEMORIAL_UNIVERSITY_WSOC,Lincoln Memorial University,Tennessee,Lincoln Memorial U,https://lmurailsplitters.com/sports/womens-soccer,check link,camps,"listing says ""check link""",https://www.collegeidcamps.net/tennessee-womens-soccer-camps.html
SAC_TUSCULUM_UNIVERSITY_WSOC,Tusculum University,Tennessee,Tusculum,https://tuwsoccamps.com/,check link,camps,"listing says ""check link""",https://www.collegeidcamps.net/tennessee-womens-soccer-camps.html
GLVC_MARYVILLE_UNIVERSITY_WSOC,Maryville University,Tennessee,Maryville College,https://sites.google.com/view/maryvillesoccercamp,check link,camps,"listing says ""check link""",https://www.collegeidcamps.net/tennessee-womens-soccer-camps.html
AE_BRYANT_WSOC,Bryant,Tennessee,Bryan College,https://bryanlions.com/sports/wsoc/index,check link,camps,"listing says ""check link""",https://www.collegeidcamps.net/tennessee-womens-soccer-camps.html
B12_BAY_WSOC,Baylor,Texas,Baylor,https://soccercamp.web.baylor.edu/,check link,camps,"listing says ""check link""",https://www.collegeidcamps.net/texas-womens-soccer-camps.html
B12_HOU_WSOC,Houston,Texas,University of Houston,https://www.bwilliamssoccercamps.com/,check link,camps,"listing says ""check link""",https://www.collegeidcamps.net/texas-womens-soccer-camps.html
SLND_HOUSTON_CHRISTIAN_WSOC,Houston Christian,Texas,Houston Christian,https://www.huskysoccer.com/,check link,camps,"listing says ""check link""",https://www.collegeidcamps.net/texas-womens-soccer-camps.html
SLND_INCARNATE_WORD_WSOC,Incarnate Word,Texas,Incarnate Word,https://uiwcardinals.com/sports/womens-soccer,check link,camps,"listing says ""check link""",https://www.collegeidcamps.net/texas-womens-soccer-camps.html
SLND_LAMAR_WSOC,Lamar,Texas,Lamar University,https://lamarcardinals.com/sports/womens-soccer,check link,camps,"listing says ""check link""",https://www.collegeidcamps.net/texas-womens-soccer-camps.html
SWAC_PRAIRIE_VIEW_A_AND_M_WSOC,Prairie View A&M,Texas,Prairie View A&M,https://pvpanthers.com/sports/womens-soccer,check link,camps,"listing says ""check link""",https://www.collegeidcamps.net/texas-womens-soccer-camps.html
AAC_RICE_WSOC,Rice,Texas,Rice,http://www.ricesoccercamps.com/,check link,camps,"listing says ""check link""",https://www.collegeidcamps.net/texas-womens-soccer-camps.html
ACC_SMU_WSOC,SMU,Texas,SMU,https://www.smusoccercamps.com/,check link,camps,"listing says ""check link""",https://www.collegeidcamps.net/texas-womens-soccer-camps.html
SLND_STEPHEN_F_AUSTIN_WSOC,Stephen F. Austin,Texas,Stephen F Austin,https://www.sfasoccercamps.com/,check link,camps,"listing says ""check link""",https://www.collegeidcamps.net/texas-womens-soccer-camps.html
UAC_TARLETON_STATE_WSOC,Tarleton State,Texas,Tarleton State,https://www.tarletonsoccercamps.com/,check link,camps,"listing says ""check link""",https://www.collegeidcamps.net/texas-womens-soccer-camps.html
SEC_TAMU_WSOC,Texas A&M,Texas,Texas A&M,http://www.aggiesoccercamp.com/,check link,camps,"listing says ""check link""",https://www.collegeidcamps.net/texas-womens-soccer-camps.html
B12_TCU_WSOC,TCU,Texas,TCU,http://ericbellsocceracademy.com,"January 30-31, 2026",camps,listed date 2026-01-30 has passed,https://www.collegeidcamps.net/texas-womens-soccer-camps.html
SWAC_TEXAS_SOUTHERN_WSOC,Texas Southern,Texas,Texas Southern,https://tsusports.com/sports/womens-soccer,check link,camps,"listing says ""check link""",https://www.collegeidcamps.net/texas-womens-soccer-camps.html
B12_TTU_WSOC,Texas Tech,Texas,Texas Tech,https://www.redraidersoccercamp.com/,check link,camps,"listing says ""check link""",https://www.collegeidcamps.net/texas-womens-soccer-camps.html
SEC_TEX_WSOC,Texas,Texas,Texas,http://www.texassoccer.com/,check link,camps,"listing says ""check link""",https://www.collegeidcamps.net/texas-womens-soccer-camps.html
LSC_ANGELO_STATE_UNIVERSITY_WSOC,Angelo State University,Texas,Angelo State,http://www.angelosoccercamps.com/,check link,camps,"listing says ""check link""",https://www.collegeidcamps.net/texas-womens-soccer-camps.html
LSC_DALLAS_BAPTIST_UNIVERSITY_WSOC,Dallas Baptist University,Texas,Dallas Baptist,https://womenssoccer.dbucamps.com/,check link,camps,"listing says ""check link""",https://www.collegeidcamps.net/texas-womens-soccer-camps.html
LSC_LUBBOCK_CHRISTIAN_UNIVERSITY_WSOC,Lubbock Christian University,Texas,Lubbock Christian,https://www.ladychapssoccercamps.com/,check link,camps,"listing says ""check link""",https://www.collegeidcamps.net/texas-womens-soccer-camps.html
LSC_MIDWESTERN_STATE_UNIVERSITY_WSOC,Midwestern State University,Texas,Midwestern State,https://www.msumustangswsoc.com/,check link,camps,"listing says ""check link""",https://www.collegeidcamps.net/texas-womens-soccer-camps.html
LSC_ST_EDWARD_S_UNIVERSITY_WSOC,St. Edward's University,Texas,St. Edward's University,https://gohilltoppers.com/sports/womens-soccer,check link,camps,"listing says ""check link""",https://www.collegeidcamps.net/texas-womens-soccer-camps.html
LSC_ST_MARY_S_UNIVERSITY_WSOC,St. Mary's University,Texas,St. Mary's University,https://www.southtexassoccercamps.com/,check link,camps,"listing says ""check link""",https://www.collegeidcamps.net/texas-womens-soccer-camps.html
LSC_TEXAS_A_AND_M_INTERNATIONAL_UNIVERSITY_WSOC,Texas A&M International University,Texas,Texas A&M-International,https://godustdevils.com/sports/womens-soccer,check link,camps,"listing says ""check link""",https://www.collegeidcamps.net/texas-womens-soccer-camps.html
LSC_TEXAS_WOMAN_S_UNIVERSITY_WSOC,Texas Woman's University,Texas,Texas Women's University,https://twusoccer.totalcamps.com/About%20Us,check link,camps,"listing says ""check link""",https://www.collegeidcamps.net/texas-womens-soccer-camps.html
LSC_WEST_TEXAS_A_AND_M_UNIVERSITY_WSOC,West Texas A&M University,Texas,West Texas A&M,http://www.gobuffsgo.com/index.aspx?path=wsoc,check link,camps,"listing says ""check link""",https://www.collegeidcamps.net/texas-womens-soccer-camps.html
SEC_TEX_WSOC,Texas,Texas,Texas College,https://www.tcsteersathletics.com/sports/wsoc/index,check link,camps,"listing says ""check link""",https://www.collegeidcamps.net/texas-womens-soccer-camps.html
BSKY_SOUTHERN_UTAH_WSOC,Southern Utah,Utah,Southern Utah,https://suutbirds.com/sports/womens-soccer,check link,camps,"listing says ""check link""",https://www.collegeidcamps.net/utah-womens-soccer-camps.html
B12_UTAH_WSOC,Utah,Utah,Utah,https://www.utahwsoccercamp.com/,check link,camps,"listing says ""check link""",https://www.collegeidcamps.net/utah-womens-soccer-camps.html
PAC12_UTAH_STATE_WSOC,Utah State,Utah,Utah State,https://www.mannymartinssports.com/,"May 17, 2026",camps,listed date 2026-05-17 has passed,https://www.collegeidcamps.net/utah-womens-soccer-camps.html
BSKY_UTAH_TECH_WSOC,Utah Tech,Utah,Utah Tech,https://www.trailblazerswomenssoccercamps.com/,check link,camps,"listing says ""check link""",https://www.collegeidcamps.net/utah-womens-soccer-camps.html
BW_UTAH_VALLEY_WSOC,Utah Valley,Utah,Utah Valley,http://www.wolverinesocceracademies.com/,"May 9, 2026",camps,listed date 2026-05-09 has passed,https://www.collegeidcamps.net/utah-womens-soccer-camps.html
BSKY_WEBER_STATE_WSOC,Weber State,Utah,Weber State,https://teampages.com/clubs/7243,check link,camps,"listing says ""check link""",https://www.collegeidcamps.net/utah-womens-soccer-camps.html
RMAC_WESTMINSTER_UNIVERSITY_WSOC,Westminster University,Utah,Westminster,https://westminstergriffins.com/sports/womens-soccer,check link,camps,"listing says ""check link""",https://www.collegeidcamps.net/utah-womens-soccer-camps.html
CUSA_LIBERTY_WSOC,Liberty,Virginia,Liberty University,http://www.lwsoccercamps.com/home,check link,camps,"listing says ""check link""",https://www.collegeidcamps.net/virginia-womens-soccer-camps.html
SB_OLD_DOMINION_WSOC,Old Dominion,Virginia,Old Dominion,https://odusports.com/sports/womens-soccer,check link,camps,"listing says ""check link""",https://www.collegeidcamps.net/virginia-womens-soccer-camps.html
BSOUTH_RADFORD_WSOC,Radford,Virginia,Radford,https://highlandersoccercamps.totalcamps.com/About%20Us,check link,camps,"listing says ""check link""",https://www.collegeidcamps.net/virginia-womens-soccer-camps.html
A10_RICHMOND_WSOC,Richmond,Virginia,Richmond,https://richmondspiderssoccercamps.totalcamps.com/About%20Us,check link,camps,"listing says ""check link""",https://www.collegeidcamps.net/virginia-womens-soccer-camps.html
ACC_UVA_WSOC,Virginia,Virginia,Virginia,http://www.virginiawomenssoccer.com/,check link,camps,"listing says ""check link""",https://www.collegeidcamps.net/virginia-womens-soccer-camps.html
A10_VCU_WSOC,VCU,Virginia,VCU,https://vcuwsoccercamps.com/,check link,camps,"listing says ""check link""",https://www.collegeidcamps.net/virginia-womens-soccer-camps.html
SOCON_VMI_WSOC,VMI,Virginia,VMI,https://htsoccercamps.totalcamps.com/About%20Us,check link,camps,"listing says ""check link""",https://www.collegeidcamps.net/virginia-womens-soccer-camps.html
CAA_WILLIAM_AND_MARY_WSOC,William & Mary,Virginia,William & Mary,https://www.futuretribesoccer.com/,check link,camps,"listing says ""check link""",https://www.collegeidcamps.net/virginia-womens-soccer-camps.html
SAC_EMORY_AND_HENRY_UNIVERSITY_WSOC,Emory and Henry University,Virginia,Emory and Henry College,https://emoryandhenrywomenssoccercamps.totalcamps.com/About%20Us,check link,camps,"listing says ""check link""",https://www.collegeidcamps.net/virginia-womens-soccer-camps.html
BSKY_EASTERN_WASHINGTON_WSOC,Eastern Washington,Washington,Eastern Washington U,http://www.totalcamps.com/EWUWOMENSSOCCER,check link,camps,"listing says ""check link""",https://www.collegeidcamps.net/washington-womens-soccer-camps.html
PAC12_GONZAGA_WSOC,Gonzaga,Washington,Gonzaga,http://www.gonzagasoccer.com/,"July 25, 2026",camps,listed date 2026-07-25 has passed,https://www.collegeidcamps.net/washington-womens-soccer-camps.html
WCC_SEATTLE_WSOC,Seattle,Washington,Seattle University,https://goseattleu.com/sports/womens-soccer,check link,camps,"listing says ""check link""",https://www.collegeidcamps.net/washington-womens-soccer-camps.html
B10_UW_WSOC,Washington,Washington,Washington,http://www.huskysoccercamps.com/,"June 7, 2026",camps,listed date 2026-06-07 has passed,https://www.collegeidcamps.net/washington-womens-soccer-camps.html
PAC12_WASHINGTON_STATE_WSOC,Washington State,Washington,Washington State,http://www.totalcamps.com/WSUWOMENSSOCCERCAMPS/home,"May 16-17, 2026",camps,listed date 2026-05-16 has passed,https://www.collegeidcamps.net/washington-womens-soccer-camps.html
GNAC_CENTRAL_WASHINGTON_UNIVERSITY_WSOC,Central Washington University,Washington,Central Washington,https://wildcatsports.com/sports/womens-soccer,check link,camps,"listing says ""check link""",https://www.collegeidcamps.net/washington-womens-soccer-camps.html
GNAC_SEATTLE_PACIFIC_UNIVERSITY_WSOC,Seattle Pacific University,Washington,Seattle Pacific,https://spufalcons.com/sports/womens-soccer,check link,camps,"listing says ""check link""",https://www.collegeidcamps.net/washington-womens-soccer-camps.html
GNAC_WESTERN_WASHINGTON_UNIVERSITY_WSOC,Western Washington University,Washington,Western Washington,https://wwuvikings.com/sports/2018/5/23/camps.aspx#WS,"May 30, 2026",camps,listed date 2026-05-30 has passed,https://www.collegeidcamps.net/washington-womens-soccer-camps.html
SB_MARSHALL_WSOC,Marshall,West Virginia,Marshall,https://herdzone.com/sports/womens-soccer,check link,camps,"listing says ""check link""",https://www.collegeidcamps.net/west-virginia-womens-soccer-camps.html
B12_WVU_WSOC,West Virginia,West Virginia,West Virginia,https://wvusports.com/sports/womens-soccer,check link,camps,"listing says ""check link""",https://www.collegeidcamps.net/west-virginia-womens-soccer-camps.html
MEC_UNIVERSITY_OF_CHARLESTON_WSOC,University of Charleston,West Virginia,U of Charleston,https://charlestonwomenssoccercamps.totalcamps.com/About%20Us,check link,camps,"listing says ""check link""",https://www.collegeidcamps.net/west-virginia-womens-soccer-camps.html
MEC_CONCORD_UNIVERSITY_WSOC,Concord University,West Virginia,Concord University,http://www.concordwomenssoccercamp.com/index.cfm,check link,camps,"listing says ""check link""",https://www.collegeidcamps.net/west-virginia-womens-soccer-camps.html
MEC_DAVIS_AND_ELKINS_COLLEGE_WSOC,Davis & Elkins College,West Virginia,David and Elkins,http://www.senatornation.com/sports/wsoc/index,check link,camps,"listing says ""check link""",https://www.collegeidcamps.net/west-virginia-womens-soccer-camps.html
MEC_FAIRMONT_STATE_UNIVERSITY_WSOC,Fairmont State University,West Virginia,Fairmont State,https://falconsoccer.totalcamps.com/About%20Us,check link,camps,"listing says ""check link""",https://www.collegeidcamps.net/west-virginia-womens-soccer-camps.html
PSAC_SHEPHERD_UNIVERSITY_WSOC,Shepherd University,West Virginia,Shepherd University,http://www.totalcamps.com/SHEPHERDGIRLSSOCCERCAMPS,"October 25, 2025",camps,listed date 2025-10-25 has passed,https://www.collegeidcamps.net/west-virginia-womens-soccer-camps.html
MEC_WEST_LIBERTY_UNIVERSITY_WSOC,West Liberty University,West Virginia,West Liberty U,https://hilltoppersports.com/sports/womens-soccer,check link,camps,"listing says ""check link""",https://www.collegeidcamps.net/west-virginia-womens-soccer-camps.html
MEC_WEST_VIRGINIA_STATE_UNIVERSITY_WSOC,West Virginia State University,West Virginia,West Virginia State,https://wvsuwomenssoccercamps.totalcamps.com/About%20Us,check link,camps,"listing says ""check link""",https://www.collegeidcamps.net/west-virginia-womens-soccer-camps.html
MEC_WHEELING_UNIVERSITY_WSOC,Wheeling University,West Virginia,Wheeling University,https://wheelingwomenssoccer.totalcamps.com/About%20Us?path=wsoc,check link,camps,"listing says ""check link""",https://www.collegeidcamps.net/west-virginia-womens-soccer-camps.html
