state,division,label,href,raw_date,best_guess,confidence,reason
Alabama,,Alabama-Birmingham,https://blazerssoccercamps.totalcamps.com/About%20Us,"July 18, 2026",Alabama A&M (SWAC_ALABAMA_A_AND_M_WSOC),62,best match 62% is below 88%
Alabama,D2,Alabama-Huntsville,https://www.chargersoccercamp.com/,check link,Alabama State (SWAC_ALABAMA_STATE_WSOC),60,best match 60% is below 88%
Alabama,D3,Huntingdon College,https://www.huntingdonhawks.com/sports/wsoc/index,check link,Union University (GSC_UNION_UNIVERSITY_WSOC),67,best match 67% is below 88%
Alabama,NAIA,Faulkner University,https://faulknereagles.com/sports/womens-soccer,check link,Flagler College (PBC_FLAGLER_COLLEGE_WSOC),67,best match 67% is below 88%
Alabama,NAIA,Talladega College,https://talladegatornadoes.com/sports/womens-soccer,check link,Allen University (IND_ALLEN_UNIVERSITY_WSOC),57,best match 57% is below 88%
Alabama,NAIA,University of Mobile,https://www.ramssoccercamps.com/,check link,Maine (AE_MAINE_WSOC),55,best match 55% is below 88%
Arizona,NAIA,Arizona Christian,https://info.abcsportscamps.com/arizona-christian-univ-womens-soccer-camps,check link,Abilene Christian (UAC_ABILENE_CHRISTIAN_WSOC),76,best match 76% is below 88%
Arizona,NAIA,Embry-Riddle,http://www.erausoccer.com/,"August 102, 2026",Embry–Riddle Aeronautical University (SSC_EMBRY_RIDDLE_AERONAUTICAL_UNIVERSITY_WSOC),65,best match 65% is below 88%
Arkansas,D1,Arkansas Little Rock,https://www.kellyfarrellsoccer.com/,check link,Little Rock (UAC_LITTLE_ROCK_WSOC),71,best match 71% is below 88%
Arkansas,D1,Harding University,https://hardingsports.com/sports/womens-soccer,check link,Howard (NEC_HOWARD_WSOC),62,best match 62% is below 88%
Arkansas,D1,Ouachita Baptist,http://www.ouachitawomenssoccer.com/,check link,Southwest Baptist University (GLVC_SOUTHWEST_BAPTIST_UNIVERSITY_WSOC),73,best match 73% is below 88%
Arkansas,D3,Hendrix College,http://www.hendrixsoccercamps.com/,"August 2, 2026",McKendree University (GLVC_MCKENDREE_UNIVERSITY_WSOC),50,best match 50% is below 88%
Arkansas,D3,University of the Ozarks,https://uofoathletics.com/landing/index,"March 1, 2026",Arkansas (SEC_ARK_WSOC),57,best match 57% is below 88%
Arkansas,NAIA,Central Baptist College,https://arizonawildcats.com/sports/womens-soccer,check link,Dallas Baptist University (LSC_DALLAS_BAPTIST_UNIVERSITY_WSOC),69,best match 69% is below 88%
Arkansas,NAIA,John Brown University,http://www.ladygoldeneaglessoccercamps.com/,check link,Brown (IVY_BRWN_WSOC),67,best match 67% is below 88%
Arkansas,NAIA,Lyon College,https://www.lyonsoccercamps.com/index.cfm,"June 13, 2026",Elon (CAA_ELON_WSOC),75,best match 75% is below 88%
Arkansas,NAIA,Williams Baptist College,https://www.wbueagles.com/sports/wsoc/index,check link,Dallas Baptist University (LSC_DALLAS_BAPTIST_UNIVERSITY_WSOC),80,best match 80% is below 88%
California,D1,Cal,https://www.ussportscamps.com/soccer/cal/cal-soccer-academy-girls-camps,"October 11, 2026",The Citadel (SOCON_THE_CITADEL_WSOC),60,best match 60% is below 88%
California,D1,Loyola Marymount,https://lmusoccercamps.totalcamps.com/About%20Us,check link,Loyola (MD) (PAT_LOYOLA_MD_WSOC),64,best match 64% is below 88%
California,D2,Academy of Art,http://artuathletics.com/index.aspx?path=wsoc&,check link,Sacred Heart (MAAC_SACRED_HEART_WSOC),61,best match 61% is below 88%
California,D2,Azusa Pacific,https://www.gocougarsoccercamp.com/,check link,Hawai'i Pacific University (PACWEST_HAWAI_I_PACIFIC_UNIVERSITY_WSOC),71,best match 71% is below 88%
California,D2,Chico,https://chicowildcats.com/sports/2024/4/3/camps082107.aspx,check link,Ohio (MAC_OHIO_WSOC),67,best match 67% is below 88%
California,D2,Cal State-Dominguez Hills,http://www.totalcamps.com/CSUDHWOMENSSOCCER,check link,"California State University, Dominguez Hills (CCAA_CALIFORNIA_STATE_UNIVERSITY_DOMINGUEZ_HILLS_WSOC)",88,best match 88% is below 88%
California,D2,Cal State-East Bay,https://eastbaywomenssoccer.totalcamps.com/About%20Us,check link,"California State University, East Bay (CCAA_CALIFORNIA_STATE_UNIVERSITY_EAST_BAY_WSOC)",84,best match 84% is below 88%
California,D2,Cal State-Los Angeles,https://lagoldeneagles.com/sports/womens-soccer,check link,"California State University, Los Angeles (CCAA_CALIFORNIA_STATE_UNIVERSITY_LOS_ANGELES_WSOC)",86,best match 86% is below 88%
California,D2,Cal State-Monterey Bay,http://www.otterwomenssoccercamps.com/,check link,"California State University, Monterey Bay (CCAA_CALIFORNIA_STATE_UNIVERSITY_MONTEREY_BAY_WSOC)",86,best match 86% is below 88%
California,D2,Cal State-San Bernardino,https://www.csusbathletics.com/sports/womens-soccer,check link,"California State University, San Bernardino (CCAA_CALIFORNIA_STATE_UNIVERSITY_SAN_BERNARDINO_WSOC)",87,best match 87% is below 88%
California,D2,Cal State-San Marcos,https://csusmcougars.com/sports/womens-soccer,check link,California State University San Marcos (CCAA_CALIFORNIA_STATE_UNIVERSITY_SAN_MARCOS_WSOC),85,best match 85% is below 88%
California,D2,Cal State-Stanislaus,https://warriorathletics.com/sports/womens-soccer,check link,"California State University, Stanislaus (CCAA_CALIFORNIA_STATE_UNIVERSITY_STANISLAUS_WSOC)",85,best match 85% is below 88%
California,D2,Cal Poly Humboldt,https://humboldtathletics.com/sports/womens-soccer,check link,Cal Poly (BW_CAL_POLY_WSOC),64,best match 64% is below 88%
California,D2,Cal Poly Pomona,https://broncoathletics.com/registrations/#!/camps/,check link,Cal Poly (BW_CAL_POLY_WSOC),70,best match 70% is below 88%
California,D2,Dominican U of CA,https://dominicanwomenssocceridcamp.totalcamps.com/About%20Us,check link,Dominican University of California (PACWEST_DOMINICAN_UNIVERSITY_OF_CALIFORNIA_WSOC),75,best match 75% is below 88%
California,D2,Sonoma State,https://sonomaseawolves.com/sports/womens-soccer,check link,Oklahoma State (B12_OKST_WSOC),77,best match 77% is below 88%
Colorado,D1,Air Force Academy,https://goairforcefalcons.com/sports/womens-soccer,"May 9, 2026",Air Force (MW_AIR_FORCE_WSOC),69,best match 69% is below 88%
Colorado,D1,C,https://www.csuramsoccercamps.com/,"February 8, 2026",TCU (B12_TCU_WSOC),50,best match 50% is below 88%
Colorado,D2,Colorado Christian,https://womenssoccer.ccucamps.com/,"May 3, 2026",Oklahoma Christian University (LSC_OKLAHOMA_CHRISTIAN_UNIVERSITY_WSOC),78,best match 78% is below 88%
Colorado,D2,Metropolitan State,https://www.roadrunnerswomenssoccercamps.com/,check link,Metropolitan State University of Denver (RMAC_METROPOLITAN_STATE_UNIVERSITY_OF_DENVER_WSOC),84,best match 84% is below 88%
Colorado,D2,Western State Colorado,https://gomountaineers.com/sports/womens-soccer,check link,Midwestern State University (LSC_MIDWESTERN_STATE_UNIVERSITY_WSOC),68,best match 68% is below 88%
Connecticut,D1,Central Connecticut State,http://www.ccsubluedevils.com/sports/wsoc/index,check link,Southern Connecticut State University (NEC_SOUTHERN_CONNECTICUT_STATE_UNIVERSITY_WSOC),78,best match 78% is below 88%
Connecticut,D1,Connecticut,https://uconnhuskies.com/sports/womens-soccer,"February 14, 2026",Central Connecticut (NEC_CENTRAL_CONNECTICUT_WSOC),73,best match 73% is below 88%
Connecticut,D1,Hartford,http://hartfordhawks.com/index.aspx?tab=womenssoccer&path=wsoc,check link,Radford (BSOUTH_RADFORD_WSOC),67,best match 67% is below 88%
Connecticut,D2,New Haven,https://newhavenwomenssoccer.totalcamps.com/About%20Us,check link,Newman University (MIAA_NEWMAN_UNIVERSITY_WSOC),67,best match 67% is below 88%
Connecticut,D3,Albertus Magnus,http://www.albertusfalcons.com/sports/wsoc/index,﻿ check link,Oral Roberts (SUM_ORAL_ROBERTS_WSOC),52,best match 52% is below 88%
Connecticut,D3,Connecticut College,https://www.northeast90soccercamp.com/northeast90soccercamps,check link,Central Connecticut (NEC_CENTRAL_CONNECTICUT_WSOC),73,best match 73% is below 88%
Connecticut,D3,Mitchell College,https://mitchellathletics.com/sports/wsoc/index,check link,Nicholls (SLND_NICHOLLS_WSOC),62,best match 62% is below 88%
Connecticut,D3,University of St. Joseph,http://www.usjbluejays.com/sports/wsoc/index,check link,St. John's (BE_ST_JOHN_S_WSOC),75,best match 75% is below 88%
Connecticut,D3,Trinity College,http://www.totalcamps.com/CAPITOLCITYSOCCERCAMPS,"February 16, 2026",Troy (SB_TROY_WSOC),55,best match 55% is below 88%
Connecticut,D3,U.S. Coast Guard Academy,http://uscgasports.com/sports/wsoc/index,check link,Coastal Carolina (SB_COASTAL_CAROLINA_WSOC),49,best match 49% is below 88%
Connecticut,D3,Wesleyan University,https://www.wessoccerclinics.com/,"April 12, 2026",Roberts Wesleyan University (ECC_ROBERTS_WESLEYAN_UNIVERSITY_WSOC),67,best match 67% is below 88%
District Of Columbia,D3,Catholic University,http://www.catholicathletics.com/sports/wsoc/index,"August 8, 2026",Cal Poly (BW_CAL_POLY_WSOC),50,best match 50% is below 88%
District Of Columbia,D3,Trinity Washington,https://discover.trinitydc.edu/athletics/team/soccer/,check link,Eastern Washington (BSKY_EASTERN_WASHINGTON_WSOC),78,best match 78% is below 88%
Florida,D1,Central Florida,https://www.centralfloridagirlssoccer.com/,check link,West Florida (ASUN_WEST_FLORIDA_WSOC),74,best match 74% is below 88%
Florida,D1,Florida International,https://www.mathewdunnsoccercamps.com/,"September 19-20, 2026",American International College (NEC_AMERICAN_INTERNATIONAL_COLLEGE_WSOC),79,best match 79% is below 88%
Florida,D1,University of Miami,https://kenmasuhrsocceracademy.totalcamps.com/shop/EVENT,"October 12, 2026",Miami (FL) (ACC_MIA_WSOC),77,best match 77% is below 88%
Georgia,D1,Kennesaw,https://ksusoccercamps.com/,check link,Kennesaw State (CUSA_KENNESAW_STATE_WSOC),60,best match 60% is below 88%
Georgia,D2,GA Southwestern,http://www.totalcamps.com/GSWWOMENSSOCCERCAMPS,check link,Nova Southeastern University (SSC_NOVA_SOUTHEASTERN_UNIVERSITY_WSOC),81,best match 81% is below 88%
Georgia,D2,West Georgia,https://uwgathletics.com/sports/womens-soccer,check link,West Florida (ASUN_WEST_FLORIDA_WSOC),75,best match 75% is below 88%
Georgia,D3,Agnes Scott,https://ascscotties.com/sports/womens-soccer,check link,Kansas State (B12_KSU_WSOC),60,best match 60% is below 88%
Georgia,D3,Berry College,https://www.berrysoccercamps.com/,"October 24, 2026",Barry University (SSC_BARRY_UNIVERSITY_WSOC),80,best match 80% is below 88%
Georgia,D3,Covenant College,https://athletics.covenant.edu/sports/womens-soccer?path=wsoc,check link,UConn (BE_UCONN_WSOC),62,best match 62% is below 88%
Georgia,D3,Emory University,https://emoryathletics.com/sports/womens-soccer,check link,Emory and Henry University (SAC_EMORY_AND_HENRY_UNIVERSITY_WSOC),62,best match 62% is below 88%
Georgia,D3,LaGrange College,http://www.lagrangepanthers.com/sports/wsoc/index,check link,Bellarmine (ASUN_BELLARMINE_WSOC),56,best match 56% is below 88%
Georgia,D3,Oglethorpe University,http://gopetrels.com/sports/wsoc/index,check link,Georgetown (BE_GEORGETOWN_WSOC),50,best match 50% is below 88%
Georgia,D3,Piedmont College,https://www.themccormacksocceracademy.com/index.cfm,"November 29, 2026",Vermont (AE_VERMONT_WSOC),67,best match 67% is below 88%
Georgia,D3,Wesleyan College,http://www.wesleyanathletics.com/sports/wsoc/index,check link,Roberts Wesleyan University (ECC_ROBERTS_WESLEYAN_UNIVERSITY_WSOC),67,best match 67% is below 88%
Georgia,NAIA,Brenau University,https://brenautigers.com/sports/wsoc/index,check link,Brown (IVY_BRWN_WSOC),55,best match 55% is below 88%
Georgia,NAIA,Brewton Parker,https://bpcathletics.com/sports/womens-socce,check link,Tarleton State (UAC_TARLETON_STATE_WSOC),57,best match 57% is below 88%
Georgia,NAIA,Georgia Gwinnett,https://ggcathletics.com/index.aspx?path=wsoc,check link,Georgia (SEC_UGA_WSOC),61,best match 61% is below 88%
Georgia,NAIA,Middle GA State,https://info.abcsportscamps.com/mgsuwsoccer,check link,Middle Georgia State University (PBC_MIDDLE_GEORGIA_STATE_UNIVERSITY_WSOC),86,best match 86% is below 88%
Georgia,NAIA,Point University,https://skyhawkathletics.com/sports/wsoc/index,check link,High Point (BSOUTH_HIGH_POINT_WSOC),67,best match 67% is below 88%
Georgia,NAIA,Reinhardt University,https://www.reinhardteagles.com/sports/wsoc/index,check link,Sacred Heart (MAAC_SACRED_HEART_WSOC),57,best match 57% is below 88%
Georgia,NAIA,SCAD Savannah,http://savannah.scadathletics.com/index.aspx?path=wsoc,check link,College of Staten Island (ECC_COLLEGE_OF_STATEN_ISLAND_WSOC),46,best match 46% is below 88%
Georgia,NAIA,Thomas University,http://www.tunighthawks.com/index.aspx?path=wsoc,check link,Thomas More University (GMAC_THOMAS_MORE_UNIVERSITY_WSOC),71,best match 71% is below 88%
Georgia,NAIA,Truettt-McConnell,http://www.readysetregister.com/Pages/series_display.php?de=456,check link,Cornell (IVY_CORN_WSOC),50,best match 50% is below 88%
Hawaii,D2,Chaminade,http://goswords.com/index.aspx?path=wsoc,check link,Chaminade University of Honolulu (PACWEST_CHAMINADE_UNIVERSITY_OF_HONOLULU_WSOC),67,best match 67% is below 88%
Illinois,D1,Illinois at Chicago,https://www.davidnikolicsoccercamps.com/,check link,Illinois (B10_ILL_WSOC),67,best match 67% is below 88%
Illinois,D1,SIU-Carbondale,https://www.salukisoccercamps.com/,check link,South Carolina (SEC_SC_WSOC),64,best match 64% is below 88%
Illinois,D3,Aurora University,http://athletics.aurora.edu/sports/2012/4/12/WSOC_0412123310.aspx?id=90,check link,Arizona (B12_ARIZ_WSOC),62,best match 62% is below 88%
Illinois,D3,Benedictine University,https://benueagles.com/sports/womens-soccer,check link,Pepperdine (WCC_PEPPERDINE_WSOC),57,best match 57% is below 88%
Illinois,D3,Blackburn College,http://www.blackburnbeavers.com/sports/wsoc/index,"December 5, 2026",Auburn (SEC_AUB_WSOC),67,best match 67% is below 88%
Illinois,D3,University of Chicago,https://universityofchicagowomenssoccer.totalcamps.com/About%20Us,"October 11, 2026",Loyola Chicago (A10_LOYOLA_CHICAGO_WSOC),67,best match 67% is below 88%
Illinois,D3,Concordia U Chicago,https://www.cucougars.com/sports/womens-soccer,check link,Loyola Chicago (A10_LOYOLA_CHICAGO_WSOC),71,best match 71% is below 88%
Illinois,D3,Dominican University,http://www.dustars.com/index.aspx?path=wsoc,check link,Ohio Dominican University (GMAC_OHIO_DOMINICAN_UNIVERSITY_WSOC),78,best match 78% is below 88%
Illinois,D3,Elmhurst College,https://elmhurstwomenssoccercamps.totalcamps.com/About%20Us,check link,Mercyhurst (NEC_MERCYHURST_WSOC),67,best match 67% is below 88%
Illinois,D3,Eureka College,https://www.eurekareddevils.com/sports/wsoc/index,check link,Nebraska (B10_NEB_WSOC),57,best match 57% is below 88%
Illinois,D3,Greenville University,https://athletics.greenville.edu/sports/wsoc/index,check link,North Greenville University (CAR_NORTH_GREENVILLE_UNIVERSITY_WSOC),77,best match 77% is below 88%
Illinois,D3,Illinois Tech,http://www.illinoistechathletics.com/sports/wsoc/index,check link,Illinois (B10_ILL_WSOC),76,best match 76% is below 88%
Illinois,D3,Illinois Wesleyan,https://www.iwusports.com/sports/womens-soccer,check link,Roberts Wesleyan University (ECC_ROBERTS_WESLEYAN_UNIVERSITY_WSOC),67,best match 67% is below 88%
Illinois,D3,Knox College,http://prairiefire.knox.edu/index.aspx?path=wsoc&,check link,King University (CAR_KING_UNIVERSITY_WSOC),50,best match 50% is below 88%
Illinois,D3,Millikin University,http://athletics.millikin.edu/index.aspx?path=wsoc&,check link,Illinois (B10_ILL_WSOC),62,best match 62% is below 88%
Illinois,D3,North Central College,http://northcentralcardinals.com/index.aspx?tab=_soccer&path=wsoc,check link,University of North Georgia (PBC_UNIVERSITY_OF_NORTH_GEORGIA_WSOC),69,best match 69% is below 88%
Illinois,D3,North Park University,https://athletics.northpark.edu/sports/womens-soccer,check link,North Dakota (SUM_NORTH_DAKOTA_WSOC),73,best match 73% is below 88%
Illinois,D3,Principia College,http://www.principiaathletics.com/index.aspx?path=wsoc&tab=soccer2,check link,Quinnipiac (MAAC_QUINNIPIAC_WSOC),63,best match 63% is below 88%
Illinois,D3,Rockford College,https://rockfordregents.com/sports/womens-soccer?path=wsoc,check link,Radford (BSOUTH_RADFORD_WSOC),67,best match 67% is below 88%
Illinois,D3,Wheaton College,http://athletics.wheaton.edu/sports/2009/1/22/_0122091305.aspx,check link,Hampton (CAA_HAMPTON_WSOC),71,best match 71% is below 88%
Illinois,NAIA,Governors State U,https://www.gsujaguars.com/sports/wsoc/index,check link,Ferris State University (GLIAC_FERRIS_STATE_UNIVERSITY_WSOC),74,best match 74% is below 88%
Illinois,NAIA,Judson,https://judson.prestosports.com/camps/camps-list,check link,Houston (B12_HOU_WSOC),62,best match 62% is below 88%
Illinois,NAIA,Olivet Nazarene,https://www.onutigers.com/sports/wsoc/index,check link,Northwest Nazarene University (GNAC_NORTHWEST_NAZARENE_UNIVERSITY_WSOC),73,best match 73% is below 88%
Illinois,NAIA,St. Xavier University,https://sxucougars.com/sports/womens-soccer,"October 3, 2026",St. Bonaventure (A10_ST_BONAVENTURE_WSOC),69,best match 69% is below 88%
Illinois,NAIA,Trinity Christian College,http://www.trinitysoccercamps.com/index.cfm,check link,Houston Christian (SLND_HOUSTON_CHRISTIAN_WSOC),71,best match 71% is below 88%
Illinois,NAIA,University of St. Francis,https://gofightingsaints.com/sports/womens-soccer,check link,St. John's (BE_ST_JOHN_S_WSOC),64,best match 64% is below 88%
Indiana,D1,IUPU-Indianapolis,https://www.coachcjsoccercamps.com/,check link,University of Indianapolis (GLVC_UNIVERSITY_OF_INDIANAPOLIS_WSOC),83,best match 83% is below 88%
Indiana,D2,U of,http://athletics.uindy.edu/index.aspx?path=wsoc,check link,,0,empty label
Indiana,D3,DePauw University,http://abcsportscamps.com/dutigers,check link,DePaul (BE_DEPAUL_WSOC),83,best match 83% is below 88%
Indiana,D3,Earlham College,http://www.goearlham.com/sports/wsoc/index,check link,Fordham (A10_FORDHAM_WSOC),57,best match 57% is below 88%
Indiana,D3,Franklin College,https://www.franklinsoccercamps.com/,check link,Franklin Pierce University (NEC_FRANKLIN_PIERCE_UNIVERSITY_WSOC),70,best match 70% is below 88%
Indiana,D3,Hanover College,https://athletics.hanover.edu/information/camps/index,check link,Denver (WCC_DENVER_WSOC),62,best match 62% is below 88%
Indiana,D3,Manchester College,http://www.muspartans.com/sports/wsoc/index,check link,Northwestern (B10_NU_WSOC),64,best match 64% is below 88%
Indiana,D3,Rose-Hulman Tech,http://athletics.rose-hulman.edu/sports/wsoc/index,check link,Louisiana Tech (SB_LOUISIANA_TECH_WSOC),60,best match 60% is below 88%
Indiana,D3,Trine University,http://www.trinethunder.com/information/camps/index,check link,Rice (AAC_RICE_WSOC),67,best match 67% is below 88%
Indiana,NAIA,Bethel College,https://www.bethelwomenssoccercamp.com/,check link,Bentley University (NEC_BENTLEY_UNIVERSITY_WSOC),62,best match 62% is below 88%
Indiana,NAIA,Calumet College of St. Joseph,https://www.ccsjathletics.com/sports/wsoc/index,check link,Sacramento State (BW_SACRAMENTO_STATE_WSOC),61,best match 61% is below 88%
Indiana,NAIA,Goshen College,https://goleafs.net/sports/womens-soccer,check link,Southern (SWAC_SOUTHERN_WSOC),57,best match 57% is below 88%
Indiana,NAIA,Grace College,https://wsoccer.gracecamps.com/,check link,Rice (AAC_RICE_WSOC),67,best match 67% is below 88%
Indiana,NAIA,Huntington College,https://www.huathletics.com/sports/wsoc/index,check link,Washington (B10_UW_WSOC),70,best match 70% is below 88%
Indiana,NAIA,Indiana Tech,https://indianatechwarriors.com/sports/womens-soccer,check link,Louisiana Tech (SB_LOUISIANA_TECH_WSOC),77,best match 77% is below 88%
Indiana,NAIA,Indiana Wesleyan,http://www.iwusoccer.com/index.cfm,check link,Indiana University of Pennsylvania (PSAC_INDIANA_UNIVERSITY_OF_PENNSYLVANIA_WSOC),72,best match 72% is below 88%
Indiana,NAIA,Marian University,https://www.alldayallknight.com/,check link,Maine (AE_MAINE_WSOC),73,best match 73% is below 88%
Indiana,NAIA,Oakland City University,https://gomightyoaks.com/index.aspx?path=wsoc,check link,Oakland (HOR_OAKLAND_WSOC),74,best match 74% is below 88%
Indiana,NAIA,Purdue Calumet,https://pnwathletics.com/sports/womens-soccer,check link,Purdue (B10_PUR_WSOC),60,best match 60% is below 88%
Indiana,NAIA,U of St. Francis,https://www.saintfranciscougars.com/sports/wsoc/index,check link,St. John's (BE_ST_JOHN_S_WSOC),64,best match 64% is below 88%
Indiana,NAIA,Taylor University,https://taylor2023.prestosports.com/camps,check link,Baylor (B12_BAY_WSOC),83,best match 83% is below 88%
Iowa,D3,Buena Vista,https://www.bvuwsoccercamp.com/,check link,Penn State (B10_PSU_WSOC),57,best match 57% is below 88%
Iowa,D3,Central College,https://athletics.central.edu/index.aspx?path=wsoc,check link,Central Michigan (MAC_CENTRAL_MICHIGAN_WSOC),61,best match 61% is below 88%
Iowa,D3,Coe College,https://soccer.coecamps.com/index.cfm,check link,Coker University (SAC_COKER_UNIVERSITY_WSOC),75,best match 75% is below 88%
Iowa,D3,University of Dubuque,https://www.udwomenssoccercamps.com/,check link,Duquesne (A10_DUQUESNE_WSOC),67,best match 67% is below 88%
Iowa,D3,Grinnell College,http://pioneers.grinnell.edu/index.aspx?path=wsoc&&tab=1,check link,Cornell (IVY_CORN_WSOC),67,best match 67% is below 88%
Iowa,D3,Loras College,http://www.lorassoccer.com/index.cfm,check link,Florida (SEC_FLA_WSOC),67,best match 67% is below 88%
Iowa,D3,Luther College,https://www.lutherwomenssoccercamps.com/,"July 24, 2026",Southern (SWAC_SOUTHERN_WSOC),71,best match 71% is below 88%
Iowa,D3,Simpson College,http://www.simpsonsoccercamps.com/,"March 1, 2026",Assumption University (NEC_ASSUMPTION_UNIVERSITY_WSOC),59,best match 59% is below 88%
Iowa,D3,Wartburg College,http://www.wknightsoccer.com/,check link,Washburn University (MIAA_WASHBURN_UNIVERSITY_WSOC),62,best match 62% is below 88%
Iowa,NAIA,Briar Cliff U,https://bcuchargers.com/sports/wsoc?path=wsoc,check link,Dominican University of California (PACWEST_DOMINICAN_UNIVERSITY_OF_CALIFORNIA_WSOC),45,best match 45% is below 88%
Iowa,NAIA,Clarke University,https://www.clarkesoccercamps.com/,check link,Colgate (PAT_COLGATE_WSOC),62,best match 62% is below 88%
Iowa,NAIA,Dordt College,https://www.dordt.edu/athletics/sports-camps-and-clinics/soccer-camps,check link,Radford (BSOUTH_RADFORD_WSOC),67,best match 67% is below 88%
Iowa,NAIA,Graceland University,https://www.gujackets.com/sport/0/15.php,check link,Oakland (HOR_OAKLAND_WSOC),62,best match 62% is below 88%
Iowa,NAIA,Grand View College,http://women.vikingsoccercamps.com/index.cfm,check link,Grand Valley State University (GLIAC_GRAND_VALLEY_STATE_UNIVERSITY_WSOC),57,best match 57% is below 88%
Iowa,NAIA,Morningside College,https://www.msidemustangs.com/sports/wsoc/index,check link,University of Wisconsin–Parkside (GLIAC_UNIVERSITY_OF_WISCONSIN_PARKSIDE_WSOC),55,best match 55% is below 88%
Iowa,NAIA,Mount Mercy College,https://www.msidemustangs.com/sports/wsoc/index,check link,Detroit Mercy (HOR_DETROIT_MERCY_WSOC),67,best match 67% is below 88%
Iowa,NAIA,St. Ambrose,https://www.saubees.com/Summer_Camps/Camps_and_Clinics,check link,St. Mary's University (LSC_ST_MARY_S_UNIVERSITY_WSOC),72,best match 72% is below 88%
Iowa,NAIA,Waldorf College,http://www.waldorfwarriors.com/sport/0/14.php,check link,Baylor (B12_BAY_WSOC),62,best match 62% is below 88%
Iowa,NAIA,William Penn U,http://www.statesmenathletics.com/sport/0/13.php,check link,William Jewell College (GLVC_WILLIAM_JEWELL_COLLEGE_WSOC),69,best match 69% is below 88%
Kansas,NAIA,Baker University,https://www.bakerwildcats.com/sports/wsoc/index,﻿ check link,Akron (MAC_AKRON_WSOC),60,best match 60% is below 88%
Kansas,NAIA,Benedictine College,https://ravenathletics.com/sports/womens-soccer,check link,Pepperdine (WCC_PEPPERDINE_WSOC),57,best match 57% is below 88%
Kansas,NAIA,Bethany College,https://www.bethanyswedes.com/sports/wsoc/index,check link,Albany (AE_ALBANY_WSOC),62,best match 62% is below 88%
Kansas,NAIA,Bethel College,https://bethelthreshers.com/sports/womens-soccer,check link,Bentley University (NEC_BENTLEY_UNIVERSITY_WSOC),62,best match 62% is below 88%
Kansas,NAIA,Central Christian,https://ccctigers.com/sports/womens-soccer?path=wsoc,check link,Central Michigan (MAC_CENTRAL_MICHIGAN_WSOC),79,best match 79% is below 88%
Kansas,NAIA,Friends University,https://www.falconssoccercamps.com/,check link,Fairfield (MAAC_FAIRFIELD_WSOC),62,best match 62% is below 88%
Kansas,NAIA,Kansas Wesleyan,https://womenssoccer.kwucampsandclinics.com/,check link,Kentucky Wesleyan College (GMAC_KENTUCKY_WESLEYAN_COLLEGE_WSOC),69,best match 69% is below 88%
Kansas,NAIA,McPherson College,http://www.macbulldogs.com/index.aspx?tab=soccer2&path=wsoc,check link,Charleston (CAA_CHARLESTON_WSOC),63,best match 63% is below 88%
Kansas,NAIA,MidAmerica Nazarene,http://www.mnusports.com/sports/2009/8/25/camps.aspx#soccer%20(w),﻿check link,Trevecca Nazarene University (GSC_TREVECCA_NAZARENE_UNIVERSITY_WSOC),67,best match 67% is below 88%
Kansas,NAIA,Ottowa University,https://ottawabraves.com/sports/womens-soccer,check link,Iowa (B10_IOWA_WSOC),60,best match 60% is below 88%
Kansas,NAIA,Southwestern,https://buildersports.com/sports/womens-soccer,check link,Northwestern (B10_NU_WSOC),83,best match 83% is below 88%
Kansas,NAIA,Sterling College,https://www.scwarriors.com/sports/wsoc/index,check link,Southern (SWAC_SOUTHERN_WSOC),62,best match 62% is below 88%
Kansas,NAIA,Tabor College,https://taborbluejays.com/sports/womens-soccer,check link,Stanford (ACC_STAN_WSOC),62,best match 62% is below 88%
Kentucky,D3,Berea College,http://www.bereaathletics.com/sports/wsoc/index,check link,Butler (BE_BUTLER_WSOC),55,best match 55% is below 88%
Kentucky,D3,Centre College,https://www.centrewsoccercamps.com/,check link,McKendree University (GLVC_MCKENDREE_UNIVERSITY_WSOC),67,best match 67% is below 88%
Kentucky,D3,Spalding University,http://spaldingathletics.com/index.aspx?path=wsoc,check link,San Diego (WCC_SAN_DIEGO_WSOC),59,best match 59% is below 88%
Kentucky,D3,Transylvania College,https://transysports.com/sports/wsoc?path=wsoc,check link,Indiana University of Pennsylvania (PSAC_INDIANA_UNIVERSITY_OF_PENNSYLVANIA_WSOC),62,best match 62% is below 88%
Kentucky,NAIA,Ashbury University,http://womenssoccer.asburyeaglecamps.com/,check link,Washburn University (MIAA_WASHBURN_UNIVERSITY_WSOC),80,best match 80% is below 88%
Kentucky,NAIA,Brescia College,https://www.bresciabearcats.com/sports/wsoc/index,check link,Nebraska (B10_NEB_WSOC),53,best match 53% is below 88%
Kentucky,NAIA,Campbellsville U,http://campbellsvilletigers.com/index.aspx?path=wsoc,check link,Campbell (CAA_CAMPBELL_WSOC),73,best match 73% is below 88%
Kentucky,NAIA,U of the Cumberlands,http://www.cumberlandspatriots.com/index.aspx?path=wsoc,check link,Maryland (B10_UMD_WSOC),63,best match 63% is below 88%
Kentucky,NAIA,Kentucky Christian,https://www.kcuknights.com/sports/wsoc/index,check link,Lubbock Christian University (LSC_LUBBOCK_CHRISTIAN_UNIVERSITY_WSOC),74,best match 74% is below 88%
Kentucky,NAIA,Lindsey Wilson College,https://www.lindseyathletics.com/sports/wsoc/index,check link,Lindenwood (OVC_LINDENWOOD_WSOC),58,best match 58% is below 88%
Kentucky,NAIA,Midway College,https://gomidwayeagles.com/sports/womens-soccer,check link,University of Findlay (GMAC_UNIVERSITY_OF_FINDLAY_WSOC),62,best match 62% is below 88%
Kentucky,NAIA,St. Catherine College,https://www.stkatessoccercamps.com/index.cfm,check link,Cal State Northridge (BW_CAL_STATE_NORTHRIDGE_WSOC),63,best match 63% is below 88%
Kentucky,NAIA,University of Pikeville,https://upikebears.com/sports/womens-soccer,check link,Louisville (ACC_LOU_WSOC),63,best match 63% is below 88%
Louisiana,,Louisiana-Lafayette,http://www.totalcamps.com/RAGINCAJUNSSOCCERCAMPS,check link,Louisiana Tech (SB_LOUISIANA_TECH_WSOC),73,best match 73% is below 88%
Louisiana,,McNeese State,http://www.cowgirlsoccercamps.com/index.cfm,check link,Shawnee State University (MEC_SHAWNEE_STATE_UNIVERSITY_WSOC),69,best match 69% is below 88%
Louisiana,,Nicholls State,https://geauxcolonels.com/sports/womens-soccer,check link,NC State (ACC_NCSU_WSOC),73,best match 73% is below 88%
Louisiana,,Southeastern,https://www.gillespiesoccercamp.com/,check link,Northeastern (CAA_NORTHEASTERN_WSOC),83,best match 83% is below 88%
Louisiana,D3,Centenary,https://www.gocentenary.com/sports/wsoc/index,check link,Bentley University (NEC_BENTLEY_UNIVERSITY_WSOC),62,best match 62% is below 88%
Louisiana,NAIA,Louisiana Christian University,https://www.lcwildcats.net/sports/womens-soccer,check link,Houston Christian (SLND_HOUSTON_CHRISTIAN_WSOC),78,best match 78% is below 88%
Louisiana,NAIA,LSU Alexandria,https://lsuagenerals.com/sports/womens-soccer,check link,South Alabama (SB_SOUTH_ALABAMA_WSOC),52,best match 52% is below 88%
Louisiana,NAIA,LSU Shreveport,https://lsusathletics.com/sports/wsoc/index,check link,Davenport University (GLIAC_DAVENPORT_UNIVERSITY_WSOC),52,best match 52% is below 88%
Maine,D3,Bates College,https://www.batessocceracademy.com/,check link,Texas (SEC_TEX_WSOC),60,best match 60% is below 88%
Maine,D3,Bowdoin College,https://www.polarbearsocceracademy.com/,"April 17 & 18, 2026",Brown (IVY_BRWN_WSOC),67,best match 67% is below 88%
Maine,D3,Colby College,https://www.colbywomensoccercamps.com/index.cfm,"April 3, 2026",Cal Poly (BW_CAL_POLY_WSOC),62,best match 62% is below 88%
Maine,D3,Husson University,http://hussoneaglessoccercamp.com/,"April 24, 2026",Houston (B12_HOU_WSOC),77,best match 77% is below 88%
Maine,D3,Maine-Farmington,http://athletics.umf.maine.edu/sports/wsoc/index,check link,Wilmington University (CACC_WILMINGTON_UNIVERSITY_WSOC),62,best match 62% is below 88%
Maine,D3,Maine-Maritime,http://marinersports.org/sports/wsoc/index,,Saint Martin's University (GNAC_SAINT_MARTIN_S_UNIVERSITY_WSOC),64,best match 64% is below 88%
Maine,D3,Academy,http://marinersports.org/sports/wsoc/index,check link,The Citadel (SOCON_THE_CITADEL_WSOC),57,best match 57% is below 88%
Maine,D3,Maine-Presque Isle,https://owls.umpi.edu/sports/womens-soccer,check link,Marquette (BE_MARQUETTE_WSOC),52,best match 52% is below 88%
Maine,D3,U of New England,https://athletics.une.edu/sports/2016/2/11/gen_camps_clinics.aspx,"July 17-19, 2026",New Mexico Highlands University (RMAC_NEW_MEXICO_HIGHLANDS_UNIVERSITY_WSOC),65,best match 65% is below 88%
Maine,D3,Southern Maine,http://www.southernmainehuskies.com/sports/wsoc/index,check link,Southern Miss (SB_SOUTHERN_MISS_WSOC),81,best match 81% is below 88%
Maine,D3,St. Joseph's College,http://www.monkswomensscoccercamps.com/,check link,St. John's (BE_ST_JOHN_S_WSOC),85,best match 85% is below 88%
Maine,D3,Thomas College,https://athletics.thomas.edu/sports/2023/1/13/womens-soccer-camps-and-clinics.aspx,check link,Thomas More University (GMAC_THOMAS_MORE_UNIVERSITY_WSOC),71,best match 71% is below 88%
Maryland,D1,Loyola U Maryland,https://loyolawomenssoccercamp.com/,"March 29, 2026",Loyola (MD) (PAT_LOYOLA_MD_WSOC),75,best match 75% is below 88%
Maryland,D1,Maryland-Baltimore County,http://www.elitegirlssocceracademy.com/About%20Us,check link,Maryland (B10_UMD_WSOC),48,best match 48% is below 88%
Maryland,D3,Goucher College,http://athletics.goucher.edu/sports/wsoc/index,check link,Southern (SWAC_SOUTHERN_WSOC),67,best match 67% is below 88%
Maryland,D3,Hood College,https://www.blazersoccercamps.com/,"April 12, 2026",Northwood University (GMAC_NORTHWOOD_UNIVERSITY_WSOC),62,best match 62% is below 88%
Maryland,D3,Johns Hopkins,https://www.bluejayssoccercamp.com/index.cfm,"March 14 & 15, 2026",Davis & Elkins College (MEC_DAVIS_AND_ELKINS_COLLEGE_WSOC),48,best match 48% is below 88%
Maryland,D3,McDaniel College,https://www.greenterrorsoccercamps.com/,check link,Emmanuel University (CAR_EMMANUEL_UNIVERSITY_WSOC),62,best match 62% is below 88%
Maryland,D3,Notre Dame-Maryland,http://notredamegators.com/index.aspx?path=wsoc&tab=soccer,check link,Notre Dame (ACC_ND_WSOC),69,best match 69% is below 88%
Maryland,D3,Salisbury,http://www.salisburysoccercamp.com/,"July 7-9, 2026",Liberty (CUSA_LIBERTY_WSOC),62,best match 62% is below 88%
Maryland,D3,Stevenson University,http://gomustangsports.com/sports/wsoc/index,check link,Stetson (ASUN_STETSON_WSOC),75,best match 75% is below 88%
Maryland,NAIA,Washington Adventist U,https://www.wauathletics.com/sports/wsoc/index,check link,Washington (B10_UW_WSOC),67,best match 67% is below 88%
Michigan,D2,Michigan Tech,https://michigantechhuskies.com/sports/womens-soccer,check link,Michigan (B10_MICH_WSOC),76,best match 76% is below 88%
Michigan,D2,Saginaw Valley,https://svsuwomenssoccercamps.totalcamps.com/About%20Us,"State February 7, 2027",Utah Valley (BW_UTAH_VALLEY_WSOC),64,best match 64% is below 88%
Michigan,D3,Adrian College,https://www.bulldogwomenssocceridcamp.com/,check link,American (PAT_AMERICAN_WSOC),71,best match 71% is below 88%
Michigan,D3,Albion College,http://www.gobrits.com/information/team-camps/index,check link,Albany (AE_ALBANY_WSOC),67,best match 67% is below 88%
Michigan,D3,Alma College,https://www.almascots.com/camps/index,check link,Alabama (SEC_ALA_WSOC),73,best match 73% is below 88%
Michigan,D3,Calvin College,https://wsoccer.calvinsportscamps.com/,check link,California (ACC_CAL_WSOC),62,best match 62% is below 88%
Michigan,D3,Hope College,https://athletics.hope.edu/sports/wsoc,"October 20, 2026",Shorter University (CAR_SHORTER_UNIVERSITY_WSOC),55,best match 55% is below 88%
Michigan,D3,Kalamazoo College,https://hornets.kzoo.edu/sports/womens-soccer,check link,Alabama (SEC_ALA_WSOC),62,best match 62% is below 88%
Michigan,D3,Olivet College,https://www.olivetcomets.com/sports/wsoc/index,check link,Liberty (CUSA_LIBERTY_WSOC),62,best match 62% is below 88%
Michigan,NAIA,Aquinas College,http://www.aqsoccer.com/,check link,Kansas (B12_KU_WSOC),62,best match 62% is below 88%
Michigan,NAIA,Concordia University,https://www.concordiacardinals.com/sports/wsoc/index,check link,Concord University (MEC_CONCORD_UNIVERSITY_WSOC),88,best match 88% is below 88%
Michigan,NAIA,Cornerstone University,http://cugoldeneagles.com/index.aspx?path=wsoc,check link,Converse University (CAR_CONVERSE_UNIVERSITY_WSOC),74,best match 74% is below 88%
Michigan,NAIA,Lawrence Tech,http://wsoccer.ltuathleticcamps.com/index.cfm,check link,Louisiana Tech (SB_LOUISIANA_TECH_WSOC),59,best match 59% is below 88%
Michigan,NAIA,Madonna University,https://mucrusaders.com/index.aspx?path=wsoc,check link,Montana (BSKY_MONTANA_WSOC),71,best match 71% is below 88%
Michigan,NAIA,Marygrove College,https://www.marygrovemustangs.com/category/womens-soccer,check link,Maryville University (GLVC_MARYVILLE_UNIVERSITY_WSOC),67,best match 67% is below 88%
Michigan,NAIA,Michigan-Dearborn,https://athletics.umdearborn.edu/sports/wsoc/index,"October 25, 2026",Michigan (B10_MICH_WSOC),64,best match 64% is below 88%
Michigan,NAIA,Rochester Christian,https://rcuwarriors.com/sports/wsoc/index,check link,Houston Christian (SLND_HOUSTON_CHRISTIAN_WSOC),72,best match 72% is below 88%
Michigan,NAIA,Siena Heights University,http://sienaheights.prestosports.com/camps/index,check link,Siena (MAAC_SIENA_WSOC),56,best match 56% is below 88%
Michigan,NAIA,Spring Arbor University,https://saucougars.com/sports/wsoc,check link,Spring Hill College (GSC_SPRING_HILL_COLLEGE_WSOC),61,best match 61% is below 88%
Minnesota,,Southwest MN State,https://www.smsusoccercamps.com/,"July 29, 2026",Southwest Minnesota State University (NSIC_SOUTHWEST_MINNESOTA_STATE_UNIVERSITY_WSOC),84,best match 84% is below 88%
Minnesota,D3,Augsburg College,http://athletics.augsburg.edu/index.aspx?tab=soccer2&path=wsoc,"jUNE 26, 2026",Auburn (SEC_AUB_WSOC),71,best match 71% is below 88%
Minnesota,D3,Bethany Lutheran,https://womensoccer.blcvikingscamps.com/,check link,Texas Southern (SWAC_TEXAS_SOUTHERN_WSOC),60,best match 60% is below 88%
Minnesota,D3,Bethel University,http://athletics.bethel.edu/sports/2007/11/13/camps.aspx,check link,Bentley University (NEC_BENTLEY_UNIVERSITY_WSOC),62,best match 62% is below 88%
Minnesota,D3,Carleton College,http://apps.carleton.edu/athletics/varsity_sports/womens_soccer/,check link,Charleston (CAA_CHARLESTON_WSOC),89,"ambiguous between Charleston, University of Charleston"
Minnesota,D3,Concordia College,https://www.cobberwomenssoccercamps.com/,,Concord University (MEC_CONCORD_UNIVERSITY_WSOC),88,best match 88% is below 88%
Minnesota,D3,Moorhead,http://concordiamn.prestosports.com/sports/wsoc/index,"August 9, 2026",Colorado (B12_COLO_WSOC),62,best match 62% is below 88%
Minnesota,D3,Crown College,http://athletics.crown.edu/index.aspx?path=wsoc&&tab=1,check link,Brown (IVY_BRWN_WSOC),80,best match 80% is below 88%
Minnesota,D3,Gustavus Adolphus,http://www.gacsoccercamps.com/,"June 23-25, 2026",Augustana University (NSIC_AUGUSTANA_UNIVERSITY_WSOC),46,best match 46% is below 88%
Minnesota,D3,Hamline University,https://womenssoccer.hamlinesportscamps.com/,check link,Maine (AE_MAINE_WSOC),67,best match 67% is below 88%
Minnesota,D3,Macalester College,http://athletics.macalester.edu/sports/2012/7/10/GEN_0710125144.aspx?tab=campsclinics2,"April 24, 2026",McNeese (SLND_MCNEESE_WSOC),59,best match 59% is below 88%
Minnesota,D3,Martin Luther College,http://www.mlcknights.com/index.aspx?path=wsoc,check link,Charleston Southern (BSOUTH_CHARLESTON_SOUTHERN_WSOC),62,best match 62% is below 88%
Minnesota,D3,Minnesota-Morris,https://www.morriswscamps.com/,"July 26, 2026",Minnesota (B10_MINN_WSOC),72,best match 72% is below 88%
Minnesota,D3,North Central University,http://www.ncurams.com/sports/wsoc/index,check link,University of North Georgia (PBC_UNIVERSITY_OF_NORTH_GEORGIA_WSOC),69,best match 69% is below 88%
Minnesota,D3,U of Northwestern-St. Paul,http://www.unweagles.com/sports/2011/11/15/gen_1115113111.aspx?tab=camps,check link,Northwestern State (SLND_NORTHWESTERN_STATE_WSOC),88,best match 88% is below 88%
Minnesota,D3,St. Benedict,https://soccer.csbcamps.com/,"June 10, 2026",St. Bonaventure (A10_ST_BONAVENTURE_WSOC),65,best match 65% is below 88%
Minnesota,D3,St. Catherine,https://www.stkatessoccercamps.com/index.cfm,"July 24, 2026",Cal State Northridge (BW_CAL_STATE_NORTHRIDGE_WSOC),63,best match 63% is below 88%
Minnesota,D3,St. Olaf,http://athletics.stolaf.edu/index.aspx?path=wsoc,check link,St. Thomas (SUM_ST_THOMAS_WSOC),73,best match 73% is below 88%
Minnesota,D3,St. Scholastica,https://csssaints.com/sports/2017/11/1/camps-clinics.aspx,check link,St. Thomas (SUM_ST_THOMAS_WSOC),69,best match 69% is below 88%
Mississippi,D3,Millsaps College,http://gomajors.com/index.aspx?path=wsoc&,check link,Dallas Baptist University (LSC_DALLAS_BAPTIST_UNIVERSITY_WSOC),55,best match 55% is below 88%
Mississippi,D3,Mississippi College,http://www.mcsoccercamps.com/,check link,Mississippi Christian University (GSC_MISSISSIPPI_CHRISTIAN_UNIVERSITY_WSOC),69,best match 69% is below 88%
Mississippi,NAIA,Belhaven College,https://www.belhavenwomenssoccercamps.com/,"June 21-24, 2026",Bellarmine (ASUN_BELLARMINE_WSOC),56,best match 56% is below 88%
Montana,NAIA,Carroll College,http://carrollathletics.com/sports/2015/1/14/GEN_0114151138.aspx?path=general,check link,Cedarville University (GMAC_CEDARVILLE_UNIVERSITY_WSOC),59,best match 59% is below 88%
Montana,NAIA,Rocky Mountain College,https://gobattlinbears.com/sports/womens-soccer,check link,Montana (BSKY_MONTANA_WSOC),57,best match 57% is below 88%
Nebraska,,Nebraska-Omaha,http://www.omahasocceracademy.com/,"June 13, 2026",Nebraska (B10_NEB_WSOC),73,best match 73% is below 88%
Nebraska,D3,Nebraska Wesleyan,http://www.nwusports.com/sports/2013/10/2/Camps.aspx,"June 13-14, 2026",Roberts Wesleyan University (ECC_ROBERTS_WESLEYAN_UNIVERSITY_WSOC),73,best match 73% is below 88%
Nebraska,NAIA,Bellevue,http://www.bubruins.com/sports/wsoc/index,check link,Bellarmine (ASUN_BELLARMINE_WSOC),56,best match 56% is below 88%
Nebraska,NAIA,Concordia,http://www.cune.edu/athletics/teams/womens-soccer,check link,Concord University (MEC_CONCORD_UNIVERSITY_WSOC),88,best match 88% is below 88%
Nebraska,NAIA,Doane College,https://www.doaneathletics.com/sports/wsoc/index,check link,Maine (AE_MAINE_WSOC),60,best match 60% is below 88%
Nebraska,NAIA,Hastings College,https://www.hastingsbroncos.com/sports/wsoc/index,check link,Washington (B10_UW_WSOC),56,best match 56% is below 88%
Nebraska,NAIA,Midland University,https://midlandathletics.com/sports/wsoc/index,check link,Maryland (B10_UMD_WSOC),67,best match 67% is below 88%
Nebraska,NAIA,York University,https://yorkpanthers.com/sports/womens-soccer,check link,Baylor (B12_BAY_WSOC),60,best match 60% is below 88%
Nevada,,Nevada-Las Vegas,https://unlvrebels.com/sports/womens-soccer,"March 8, 2026",Nevada (MW_NEVADA_WSOC),55,best match 55% is below 88%
New Hampshire,D2,Southern NH University,http://www.snhupenmen.com/sports/wsoc/index,check link,Southern (SWAC_SOUTHERN_WSOC),84,best match 84% is below 88%
New Hampshire,D2,St. Anselm,http://www.totalcamps.com/SAINTANSELMWOMENSSOCCERCAMPS,"March 29, 2026",St. John's (BE_ST_JOHN_S_WSOC),67,best match 67% is below 88%
New Hampshire,D3,Colby-Sawyer College,https://wsoccer.colby-sawyercamps.com/,check link,Columbus State University (PBC_COLUMBUS_STATE_UNIVERSITY_WSOC),60,best match 60% is below 88%
New Hampshire,D3,Keene State,https://keeneowls.com/sports/wsoc?path=wsoc,"July 13-17, 2026",Kent State (MAC_KENT_STATE_WSOC),86,best match 86% is below 88%
New Hampshire,D3,New England College,https://www.rfasoccer.com/index.cfm,check link,New Mexico Highlands University (RMAC_NEW_MEXICO_HIGHLANDS_UNIVERSITY_WSOC),65,best match 65% is below 88%
New Hampshire,D3,Plymouth State,http://athletics.plymouth.edu/sports/wsoc/index,"March 8, 2026",Utah State (PAC12_UTAH_STATE_WSOC),75,best match 75% is below 88%
New Hampshire,D3,Rivier University,https://www.rivierathletics.com/sports/wsoc/index,check link,Rider (MAAC_RIDER_WSOC),73,best match 73% is below 88%
New Jersey,,NJ Institute of Technology,http://www.njithighlanders.com/index.aspx?path=wsoc&,check link,Florida Institute of Technology (SSC_FLORIDA_INSTITUTE_OF_TECHNOLOGY_WSOC),82,best match 82% is below 88%
New Jersey,,St. Peter's College,http://www.saintpeterspeacocks.com/sports/wsoc/index,check link,St. Edward's University (LSC_ST_EDWARD_S_UNIVERSITY_WSOC),74,best match 74% is below 88%
New Jersey,D2,Bloomfield College,https://bcbearsathletics.com/news/2024/12/13/mens-basketball-montclair-state-university-to-launch-realigned-athletics-and-recreation-program-in-2025.aspx,check link,Bluefield State University (IND_BLUEFIELD_STATE_UNIVERSITY_WSOC),56,best match 56% is below 88%
New Jersey,D3,Centenary College,http://centenarycyclones.com/index.aspx?path=wsoc&&tab=1,check link,Bentley University (NEC_BENTLEY_UNIVERSITY_WSOC),62,best match 62% is below 88%
New Jersey,D3,Drew University,https://www.christaaluottosoccercamp.com/,check link,Drake (MVC_DRAKE_WSOC),67,best match 67% is below 88%
New Jersey,D3,Fairleigh Dickinson-Florham,https://fdudevils.com/sports/womens-soccer,check link,Fairleigh Dickinson (NEC_FAIRLEIGH_DICKINSON_WSOC),83,best match 83% is below 88%
New Jersey,D3,Kean University,http://www.keanathletics.com/sports/wsoc/index,check link,Kansas (B12_KU_WSOC),60,best match 60% is below 88%
New Jersey,D3,Montclair University,http://www.montclairathletics.com/index.aspx?path=wsoc&tab=soccer2,check link,Montana (BSKY_MONTANA_WSOC),62,best match 62% is below 88%
New Jersey,D3,New Jersey City University,http://www.njcugothicknights.com/index.aspx?path=wsoccer,check link,Kansas City (SUM_KANSAS_CITY_WSOC),54,best match 54% is below 88%
New Jersey,D3,College of New Jersey,http://www.tcnjathletics.com/index.aspx?path=wsoc,check link,Newberry College (SAC_NEWBERRY_COLLEGE_WSOC),67,best match 67% is below 88%
New Jersey,D3,Ramapo College,http://www.ramapoathletics.com/index.aspx?path=wsoc&,check link,Hampton (CAA_HAMPTON_WSOC),62,best match 62% is below 88%
New Jersey,D3,Stockton University,http://stocktonathletics.com/sports/2012/6/28/GEN_0628124833.aspx?tab=sportscampsclinics,check link,Stetson (ASUN_STETSON_WSOC),67,best match 67% is below 88%
New Jersey,D3,Rowan College,http://www.rowanathletics.com/sports/2008/12/8/CampsClinics0809.aspx?id=1009,check link,Brown (IVY_BRWN_WSOC),80,best match 80% is below 88%
New Jersey,D3,Rutgers-Camden,http://scarletraptors.com/index.aspx?path=wsoc&,check link,Rutgers (B10_RUT_WSOC),67,best match 67% is below 88%
New Jersey,D3,Rutgers-Newark,http://www.rutgersnewarkathletics.com/sports/2008/5/2/camps.aspx,check link,Rutgers (B10_RUT_WSOC),67,best match 67% is below 88%
New Jersey,D3,College of St. Elizabeth,https://seueagles.com/sports/womens-soccer,check link,St. Thomas (SUM_ST_THOMAS_WSOC),59,best match 59% is below 88%
New Jersey,D3,Stevens Institute of Tech,http://www.stevensducks.com/index.aspx?path=wsoc,. check link,Tennessee Tech (SOCON_TENNESSEE_TECH_WSOC),61,best match 61% is below 88%
New Jersey,D3,William Paterson,https://www.wpupioneers.com/sports/wsoc,check link,William & Mary (CAA_WILLIAM_AND_MARY_WSOC),71,best match 71% is below 88%
New Mexico,D2,Eastern New Mexico,https://easternnewmexicowomenssoccercamps.totalcamps.com/About%20Us,"April 25, 2026",New Mexico (MW_NEW_MEXICO_WSOC),71,best match 71% is below 88%
New Mexico,NAIA,University of the Southwest,http://uswathletics.com/index.aspx?path=wsoc,check link,Southern (SWAC_SOUTHERN_WSOC),71,best match 71% is below 88%
New York,,Long Island University-Brooklyn,http://www.liuathletics.com/index.aspx?path=wsoc,check link,Stony Brook (CAA_STONY_BROOK_WSOC),52,best match 52% is below 88%
New York,D2,Dominican University,https://dominicanuniversitywomenssoccer.totalcamps.com/About%20Us,check link,Ohio Dominican University (GMAC_OHIO_DOMINICAN_UNIVERSITY_WSOC),78,best match 78% is below 88%
North Carolina,,Queens U of Charlotte,http://queensgirlssoccercamps.com/,"December 13, 2026",Charlotte (AAC_CHARLOTTE_WSOC),72,best match 72% is below 88%
North Carolina,,UNC Chapel Hill,http://www.carolinagirlssoccercamp.com,check link,UNC Asheville (BSOUTH_UNC_ASHEVILLE_WSOC),64,best match 64% is below 88%
North Carolina,,UNC Charlotte,https://charlottewomenssoccercamps.totalcamps.com/About%20Us,check link,Charlotte (AAC_CHARLOTTE_WSOC),82,best match 82% is below 88%
North Carolina,D2,Brevard College,http://bctornados.com/sports/wsoc/index,check link,Harvard (IVY_HARV_WSOC),71,best match 71% is below 88%
North Carolina,D2,UNC Pembroke,http://www.uncpbraves.com/sports/2016/6/10/sports-camps.aspx,check link,UNC Greensboro (SOCON_UNC_GREENSBORO_WSOC),62,best match 62% is below 88%
North Carolina,D3,Greensboro College,https://greensborocollegewomenssoccercamps.totalcamps.com/About%20Us,check link,UNC Greensboro (SOCON_UNC_GREENSBORO_WSOC),83,best match 83% is below 88%
North Carolina,D3,Guilford College,https://www.guilfordwomenssoccercamps.com/,check link,Fordham (A10_FORDHAM_WSOC),53,best match 53% is below 88%
North Carolina,D3,Meredith College,https://soccer.meredithsportscamps.com/index.cfm,check link,Marist (MAAC_MARIST_WSOC),57,best match 57% is below 88%
North Carolina,D3,Methodist University,http://www.mumonarchs.com/sports/2008/8/24/camp.aspx?path=general,check link,Memphis (AAC_MEMPHIS_WSOC),62,best match 62% is below 88%
North Carolina,D3,North Carolina Wesleyan,https://ncwsports.com/sports/2024/1/18/n-c-wesleyan-womens-soccer-camps.aspx,check link,North Carolina (ACC_UNC_WSOC),76,best match 76% is below 88%
North Carolina,D3,Pfeiffer University,https://gofalconsports.com/sports/2021/6/2/information-camps.aspx,check link,Rider (MAAC_RIDER_WSOC),46,best match 46% is below 88%
North Carolina,D3,Salem College,http://salemspirits.com/sports/wsoc/index,check link,Seattle (WCC_SEATTLE_WSOC),67,best match 67% is below 88%
North Carolina,D3,William Peace,http://gopeacepacers.com/index.aspx?path=wsoc,check link,William Jewell College (GLVC_WILLIAM_JEWELL_COLLEGE_WSOC),74,best match 74% is below 88%
North Carolina,NAIA,Montreat College,https://www.playnsports.com/event/montreat-college-womens-soccer-id-camp-4/,check link,Montana (BSKY_MONTANA_WSOC),67,best match 67% is below 88%
North Carolina,NAIA,St. Andrews University,https://sauknights.com/sports/wsoc/index,check link,St. Mary's University (LSC_ST_MARY_S_UNIVERSITY_WSOC),72,best match 72% is below 88%
North Dakota,D2,University of Mary,http://www.umarysoccercamps.com/,check link,Army (PAT_ARMY_WSOC),75,best match 75% is below 88%
North Dakota,NAIA,University of Jamestown,http://www.jimmieathletics.com/sport/0/14.php,check link,James Madison (SB_JAMES_MADISON_WSOC),64,best match 64% is below 88%
Ohio,D1,Bowling Green State,https://www.bgsusoccercamps.com/,check link,Boise State (PAC12_BOISE_STATE_WSOC),67,best match 67% is below 88%
Oklahoma,D2,East Central University,http://www.ecutigers.com/index.aspx?tab=wsoc&path=wsoc,"July 5-8, 2026",West Chester University (PSAC_WEST_CHESTER_UNIVERSITY_WSOC),67,best match 67% is below 88%
Oklahoma,D2,Northwestern Oklahoma,https://www.northwesternsoccercamps.com/,,Northwestern (B10_NU_WSOC),73,best match 73% is below 88%
Oklahoma,D2,State University,http://www.riderangersride.com/index.aspx?path=wsoc&,check link,NC State (ACC_NCSU_WSOC),77,best match 77% is below 88%
Oklahoma,D2,Oklahoma Baptist U,https://bisonwomenssoccercamps.totalcamps.com/About%20Us,"March 14, 2026",Oklahoma Christian University (LSC_OKLAHOMA_CHRISTIAN_UNIVERSITY_WSOC),71,best match 71% is below 88%
Oklahoma,D2,Southern Nazarene U,https://snuwomenssoccercamps.totalcamps.com/About%20Us,check link,Northwest Nazarene University (GNAC_NORTHWEST_NAZARENE_UNIVERSITY_WSOC),74,best match 74% is below 88%
Oklahoma,D2,Southwestern OK State,https://swosuathletics.com/sports/womens-soccer,check link,Northwestern State (SLND_NORTHWESTERN_STATE_WSOC),82,best match 82% is below 88%
Oklahoma,NAIA,Mid-American Christian,https://macuathletics.com/sports/womens-soccer,check link,Abilene Christian (UAC_ABILENE_CHRISTIAN_WSOC),67,best match 67% is below 88%
Oklahoma,NAIA,Oklahoma City U,https://www.ocusports.com/index.aspx?tab=soccer2&path=wsoc,"June 21-24, 2026",Oklahoma Christian University (LSC_OKLAHOMA_CHRISTIAN_UNIVERSITY_WSOC),77,best match 77% is below 88%
Oklahoma,NAIA,Oklahoma Wesleyan,https://www.okwueagles.com/sports/wsoc/index,"June 7-10, 2026",Oklahoma Christian University (LSC_OKLAHOMA_CHRISTIAN_UNIVERSITY_WSOC),69,best match 69% is below 88%
Oklahoma,NAIA,Southwestern Christian,https://scueagles.com/sports/womens-soccer,check link,Southeastern Louisiana (SLND_SOUTHEASTERN_LOUISIANA_WSOC),77,best match 77% is below 88%
Oklahoma,NAIA,U of Science and Arts,https://usao.prestosports.com/sports/wsoc/index,check link,Saint Martin's University (GNAC_SAINT_MARTIN_S_UNIVERSITY_WSOC),62,best match 62% is below 88%
Pennsylvania,D1,Pitt,https://www.pittwomenssoccercamp.com/,"October 31, 2026",Pittsburgh (ACC_PITT_WSOC),57,best match 57% is below 88%
Pennsylvania,D1,St. Francis,https://sfuathletics.com/sports/womens-soccer,check link,St. John's (BE_ST_JOHN_S_WSOC),64,best match 64% is below 88%
Pennsylvania,D2,Bloomsburg University,http://www.totalcamps.com/BLOOMSBURGWOMENSSOCCERCAMPS,﻿ check link,Commonwealth University-Bloomsburg (PSAC_COMMONWEALTH_UNIVERSITY_BLOOMSBURG_WSOC),61,best match 61% is below 88%
Pennsylvania,D2,California U of PA,http://www.calvulcans.com/sports/2008/12/24/GEN_1224081348.aspx,check link,California (ACC_CAL_WSOC),87,best match 87% is below 88%
Pennsylvania,D2,Clarion University,https://clarionwomenssoccercamps.totalcamps.com/About%20Us,check link,Arizona (B12_ARIZ_WSOC),71,best match 71% is below 88%
Pennsylvania,D2,East Stroudsburg,http://womenssoccer.esuwarriorcamps.com/,"October 11, 2026",East Stroudsburg University of Pennsylvania (PSAC_EAST_STROUDSBURG_UNIVERSITY_OF_PENNSYLVANIA_WSOC),71,best match 71% is below 88%
Pennsylvania,D2,Edinboro University,https://clarionwomenssoccercamps.totalcamps.com/About%20Us,check link,UNC Greensboro (SOCON_UNC_GREENSBORO_WSOC),55,best match 55% is below 88%
Pennsylvania,D2,Indiana U of PA,https://iupsoccercamps.totalcamps.com/About%20Us,check link,Indiana (B10_IU_WSOC),82,best match 82% is below 88%
Pennsylvania,D2,Jefferson University,https://jeffersonrams.com/sports/womens-soccer,check link,Anderson University (SAC_ANDERSON_UNIVERSITY_WSOC),59,best match 59% is below 88%
Pennsylvania,D2,Kutztown University,https://kutztownusportscamps.com/,"November 1, 2026",Towson (CAA_TOWSON_WSOC),57,best match 57% is below 88%
Pennsylvania,D2,Lincoln University,http://www.lulions.com/index.aspx?path=wsoc,check link,Princeton (IVY_PRIN_WSOC),62,best match 62% is below 88%
Pennsylvania,D2,Lock,http://www.golhu.com/sports/2014/9/24/WSOC_0924145515.aspx,check link,Little Rock (UAC_LITTLE_ROCK_WSOC),53,best match 53% is below 88%
Pennsylvania,D2,Mansfield,https://gomounties.com/sports/womens-soccer,check link,Fairfield (MAAC_FAIRFIELD_WSOC),67,best match 67% is below 88%
Pennsylvania,D2,Millersville U,http://www.millersvillewomenssoccercamps.com/,check link,Maryville University (GLVC_MARYVILLE_UNIVERSITY_WSOC),67,best match 67% is below 88%
Pennsylvania,D2,"Pitt, Johnstown",http://pittjohnstownathletics.com/index.aspx?path=wsoc&,check link,University of Pittsburgh at Johnstown (PSAC_UNIVERSITY_OF_PITTSBURGH_AT_JOHNSTOWN_WSOC),82,best match 82% is below 88%
Pennsylvania,D2,Shippensburg,https://shipwomenssoccer.totalcamps.com/About%20Us,check link,Shippensburg University of Pennsylvania (PSAC_SHIPPENSBURG_UNIVERSITY_OF_PENNSYLVANIA_WSOC),65,best match 65% is below 88%
Pennsylvania,D2,Slippery Rock,https://therockwomenssoccercamps.totalcamps.com/About%20Us,check link,Little Rock (UAC_LITTLE_ROCK_WSOC),67,best match 67% is below 88%
Pennsylvania,D3,Albright College,https://albrightathletics.com/sports/2009/7/22/GEN_0722093632.aspx,check link,Creighton (BE_CREIGHTON_WSOC),59,best match 59% is below 88%
Pennsylvania,D3,Allegheny College,http://alleghenygators.com/index.aspx?path=wsoc&tab=1,check link,Allen University (IND_ALLEN_UNIVERSITY_WSOC),71,best match 71% is below 88%
Pennsylvania,D3,Alvernia University,http://athletics.alvernia.edu/sports/2005/8/17/campinfo.aspx,check link,California (ACC_CAL_WSOC),67,best match 67% is below 88%
Pennsylvania,D3,Arcadia University,https://arcadiawomenssoccer.totalcamps.com/About%20Us,"October 25, 2026",Harvard (IVY_HARV_WSOC),57,best match 57% is below 88%
Pennsylvania,D3,Bryn Athyn,https://brynathynathletics.com/sports/womens-soccer,check link,Bryant (AE_BRYANT_WSOC),62,best match 62% is below 88%
Pennsylvania,D3,Bryn Mawr College,https://gobrynmawr.com/sports/womens-soccer,check link,Bryant (AE_BRYANT_WSOC),53,best match 53% is below 88%
Pennsylvania,D3,Cairn College,https://www.cairnhighlanders.com/sports/womens-soccer,check link,California (ACC_CAL_WSOC),67,best match 67% is below 88%
Pennsylvania,D3,Carlow University,https://athletics.carlow.edu/sports/wsoc/index,check link,Charlotte (AAC_CHARLOTTE_WSOC),67,best match 67% is below 88%
Pennsylvania,D3,Carnegie Mellon,https://athletics.cmu.edu/sports/wsoc/camps,check link,Cornell (IVY_CORN_WSOC),55,best match 55% is below 88%
Pennsylvania,D3,Cedar Crest College,https://cedarcrestathletics.com/sports/womens-soccer,check link,Edward Waters University (IND_EDWARD_WATERS_UNIVERSITY_WSOC),58,best match 58% is below 88%
Pennsylvania,D3,Chatham University,http://www.gochathamcougars.com/index.aspx?path=wsoc,check link,Catawba College (SAC_CATAWBA_COLLEGE_WSOC),57,best match 57% is below 88%
Pennsylvania,D3,Delaware Valley College,http://athletics.delval.edu/index.aspx?path=wsoc,check link,Delaware (CUSA_DELAWARE_WSOC),70,best match 70% is below 88%
Pennsylvania,D3,De Sales University,http://www.desalessoccer.com/,check link,La Salle (A10_LA_SALLE_WSOC),62,best match 62% is below 88%
Pennsylvania,D3,Dickinson College,https://dickinsonathletics.com/sports/womens-soccer,check link,Fairleigh Dickinson (NEC_FAIRLEIGH_DICKINSON_WSOC),64,best match 64% is below 88%
Pennsylvania,D3,Eastern University,https://www.easternsocceracademy.com/,check link,Northeastern (CAA_NORTHEASTERN_WSOC),74,best match 74% is below 88%
Pennsylvania,D3,Elizabethtown College,http://www.etownbluejays.com/index.aspx?tab=soccer2&path=wsoc,check link,Creighton (BE_CREIGHTON_WSOC),55,best match 55% is below 88%
Pennsylvania,D3,Franklin and Marshall,https://godiplomats.com/sports/womens-soccer,check link,Marshall (SB_MARSHALL_WSOC),64,best match 64% is below 88%
Pennsylvania,D3,Geneva College,https://womenssoccer.genevasportscamps.com/,"December 4, 2026",Nevada (MW_NEVADA_WSOC),67,best match 67% is below 88%
Pennsylvania,D3,Gettysburg College,https://gettysburgsports.com/index.aspx?path=wsoc,"October 11, 2026",Pittsburgh (ACC_PITT_WSOC),70,best match 70% is below 88%
Pennsylvania,D3,Grove City College,https://athletics.gcc.edu/index.aspx?path=wsoc,check link,Green Bay (HOR_GREEN_BAY_WSOC),53,best match 53% is below 88%
Pennsylvania,D3,Gwynedd Mercy,http://gwyneddathletics.com/index.aspx?path=wsoc&tab=_soccer,check link,Mercy University (ECC_MERCY_UNIVERSITY_WSOC),56,best match 56% is below 88%
Pennsylvania,D3,Haverford College,http://www.haverfordathletics.com/information/camps/index,check link,Radford (BSOUTH_RADFORD_WSOC),62,best match 62% is below 88%
Pennsylvania,D3,Immaculata University,https://gomightymacs.com/sports/womens-soccer,check link,Emmanuel University (CAR_EMMANUEL_UNIVERSITY_WSOC),56,best match 56% is below 88%
Pennsylvania,D3,Juniata College,http://www.juniatasports.net/sports/wsoc/index,check link,Indiana (B10_IU_WSOC),57,best match 57% is below 88%
Pennsylvania,D3,Keystone College,http://www.readysetregister.com/Pages/series_display.php?de=423,check link,Westmont College (PACWEST_WESTMONT_COLLEGE_WSOC),62,best match 62% is below 88%
Pennsylvania,D3,King's College,https://kingscollegeathletics.com/sports/2008/10/9/FB_10_09_08_Kings_Sports_Camps.aspx,check link,King University (CAR_KING_UNIVERSITY_WSOC),80,best match 80% is below 88%
Pennsylvania,D3,La Roche University,https://www.larochesports.com/sports/wsoc/index,check link,Air Force (MW_AIR_FORCE_WSOC),59,best match 59% is below 88%
Pennsylvania,D3,Lancaster Bible College,http://www.lbcchargers.com/index.aspx?path=wsoc,check link,UNC Asheville (BSOUTH_UNC_ASHEVILLE_WSOC),57,best match 57% is below 88%
Pennsylvania,D3,Lebanon Valley,http://godutchmen.com/index.aspx?path=wsoc,"October 5, 2026",Utah Valley (BW_UTAH_VALLEY_WSOC),64,best match 64% is below 88%
Pennsylvania,D3,Lycoming College,https://lycomingathletics.com/sports/womens-soccer,check link,Wyoming (MW_WYOMING_WSOC),80,best match 80% is below 88%
Pennsylvania,D3,Marywood University,https://marywood.universitytickets.com/w/default.aspx?cid=160,"October 11, 2026",Maryland (B10_UMD_WSOC),62,best match 62% is below 88%
Pennsylvania,D3,Messiah College,http://leagues.bluesombrero.com/Default.aspx?tabid=941625,check link,American (PAT_AMERICAN_WSOC),53,best match 53% is below 88%
Pennsylvania,D3,Mesericordia University,http://athletics.misericordia.edu/index.aspx?path=wsoc,check link,American (PAT_AMERICAN_WSOC),60,best match 60% is below 88%
Pennsylvania,D3,Moravian College,https://moraviansports.com/information/tickets,check link,American (PAT_AMERICAN_WSOC),62,best match 62% is below 88%
Pennsylvania,D3,Mount Aloysius,http://mountieathletics.com/index.aspx?path=wsoc,check link,University of Mount Olive (CAR_UNIVERSITY_OF_MOUNT_OLIVE_WSOC),64,best match 64% is below 88%
Pennsylvania,D3,Muhlenburg College,http://www.muhlenbergsoccercamps.com/index.cfm,check link,Butler (BE_BUTLER_WSOC),50,best match 50% is below 88%
Pennsylvania,D3,Neumann University,http://www.neumannsoccercamps.com/index.cfm,"October 25, 2026",Newman University (MIAA_NEWMAN_UNIVERSITY_WSOC),77,best match 77% is below 88%
Pennsylvania,D3,Penn State-Abington,http://abingtonsports.com/index.aspx?path=wsoc&&tab=1,check link,Penn State (B10_PSU_WSOC),69,best match 69% is below 88%
Pennsylvania,D3,Penn State-Altoona,http://psaltoonalions.com/information/Camps/Main,check link,Penn State (B10_PSU_WSOC),71,best match 71% is below 88%
Pennsylvania,D3,Penn State-Behrend,http://www.psblions.com/sports/wsoc/index,check link,Penn State (B10_PSU_WSOC),71,best match 71% is below 88%
Pennsylvania,D3,Penn State-Berks,http://www.psuberksathletics.com/?path=wsoc,check link,Penn State (B10_PSU_WSOC),77,best match 77% is below 88%
Pennsylvania,D3,Penn State-Harrisburg,http://athletics.hbg.psu.edu/sports/wsoc/index,check link,Penn State (B10_PSU_WSOC),65,best match 65% is below 88%
Pennsylvania,D3,Penn College of Tech.,http://athletics.pct.edu/index.aspx?path=wsoc&,check link,Tennessee Tech (SOCON_TENNESSEE_TECH_WSOC),70,best match 70% is below 88%
Pennsylvania,D3,U of Pitt-Bradford,http://athletics.pittbradford.org/sports/wsoc/index,check link,Radford (BSOUTH_RADFORD_WSOC),70,best match 70% is below 88%
Pennsylvania,D3,U of Pitt-Greensburg,https://pittgreensburgathletics.com/index.aspx?path=wsoc,check link,Pittsburgh (ACC_PITT_WSOC),72,best match 72% is below 88%
Pennsylvania,D3,Rosemont College,http://rosemont-ravens.com/index.aspx?path=wsoc&,check link,Vermont (AE_VERMONT_WSOC),67,best match 67% is below 88%
Pennsylvania,D3,U of Scranton,https://athletics.scranton.edu/registrations/#!/camps/,"December 13, 2026",Creighton (BE_CREIGHTON_WSOC),59,best match 59% is below 88%
Pennsylvania,D3,St. Vincent College,https://athletics.stvincent.edu/sports/womens-soccer,check link,St. Bonaventure (A10_ST_BONAVENTURE_WSOC),67,best match 67% is below 88%
Pennsylvania,D3,Susquehanna,http://www.gosusqu.com/sports/wsoc/index,check link,Duquesne (A10_DUQUESNE_WSOC),53,best match 53% is below 88%
Pennsylvania,D3,Swarthmore College,https://www.swarthmoregirlsidcamps.com/,"October 4, 2026",Samford (SOCON_SAMFORD_WSOC),59,best match 59% is below 88%
Pennsylvania,D3,Thiel College,http://thielathletics.com/index.aspx?path=wsoc,check link,Stonehill (NEC_STONEHILL_WSOC),57,best match 57% is below 88%
Pennsylvania,D3,Ursinus College,https://www.ursinuscamps.com/index.cfm,check link,Ursuline College (GMAC_URSULINE_COLLEGE_WSOC),67,best match 67% is below 88%
Pennsylvania,D3,Valley Forge,http://uvfpatriots.com/index.aspx?path=wsoc,check link,Wake Forest (ACC_WAKE_WSOC),61,best match 61% is below 88%
Pennsylvania,D3,Washington & Jefferson,https://gopresidents.com/sports/womens-soccer,check link,Washington (B10_UW_WSOC),67,best match 67% is below 88%
Pennsylvania,D3,Waynesburg University,http://www.waynesburgsports.com/index.aspx?path=wsoc,check link,Washburn University (MIAA_WASHBURN_UNIVERSITY_WSOC),67,best match 67% is below 88%
Pennsylvania,D3,Widener University,http://www.widenerpride.com/index.aspx?path=wsoc,check link,Denver (WCC_DENVER_WSOC),77,best match 77% is below 88%
Pennsylvania,D3,Wilkes University,http://www.gowilkesu.com/sports/2011/3/21/GEN_0321111734.aspx,check link,Walsh University (GMAC_WALSH_UNIVERSITY_WSOC),55,best match 55% is below 88%
Pennsylvania,D3,Wilson College,https://wilsonphoenix.com/sports/womens-soccer,check link,Wisconsin (B10_WISC_WSOC),67,best match 67% is below 88%
Pennsylvania,D3,York College,https://www.yorksocceracademy.com/,"November 8, 2026",Baylor (B12_BAY_WSOC),60,best match 60% is below 88%
Rhode Island,D3,Johnson and Wales,https://providence.jwuathletics.com/sports/womens-soccer,check link,Youngstown State (HOR_YOUNGSTOWN_STATE_WSOC),55,best match 55% is below 88%
Rhode Island,D3,Roger Williams,http://rwuhawks.com/index.aspx?path=wsoc,check link,Northern Illinois (HOR_NORTHERN_ILLINOIS_WSOC),58,best match 58% is below 88%
Rhode Island,D3,Salve Regina,https://www.salveathletics.com/sports/wsoc/index,check link,Virginia (ACC_UVA_WSOC),60,best match 60% is below 88%
South Carolina,,South Carolina Upstate,http://upstatesoccercamps.com/,check link,University of South Carolina Aiken (PBC_UNIVERSITY_OF_SOUTH_CAROLINA_AIKEN_WSOC),81,best match 81% is below 88%
South Carolina,D2,Erskine College,https://erskinesports.com/sports/womens-soccer,check link,Ursuline College (GMAC_URSULINE_COLLEGE_WSOC),67,best match 67% is below 88%
South Carolina,D2,USC Aiken,https://klemansoccercamps.totalcamps.com/About%20Us,check link,USC Upstate (BSOUTH_USC_UPSTATE_WSOC),60,best match 60% is below 88%
South Carolina,NAIA,USC-Beaufort,https://www.gbsoccercamps.com/,"October 11, 2026",University of South Carolina Beaufort (PBC_UNIVERSITY_OF_SOUTH_CAROLINA_BEAUFORT_WSOC),63,best match 63% is below 88%
South Dakota,NAIA,Dakota Wesleyan,http://www.dwuathletics.com/sports/wsoc/index,check link,Roberts Wesleyan University (ECC_ROBERTS_WESLEYAN_UNIVERSITY_WSOC),71,best match 71% is below 88%
South Dakota,NAIA,Mount Marty College,https://mountmartyathletics.com/sports/womens-soccer,check link,UT Martin (OVC_UT_MARTIN_WSOC),70,best match 70% is below 88%
Tennessee,,Middle Tennessee State,http://www.mtsusoccercamps.com/,check link,East Tennessee State (SOCON_EAST_TENNESSEE_STATE_WSOC),81,best match 81% is below 88%
Tennessee,,Tennessee-Chattanooga,https://gomocs.com/sports/womens-soccer,check link,Chattanooga (SOCON_CHATTANOOGA_WSOC),69,best match 69% is below 88%
Tennessee,,Tennessee-Martin,https://utmsoccer.totalcamps.com/About%20Us,check link,Tennessee Tech (SOCON_TENNESSEE_TECH_WSOC),73,best match 73% is below 88%
Tennessee,D3,Rhodes College,https://www.rhodessoccercamps.com/content/womens-soccer-id-camps,check link,Rhode Island (A10_RHODE_ISLAND_WSOC),67,best match 67% is below 88%
Tennessee,D3,Sewanee,https://www.sewaneewomenssoccercamps.com/,"October 3, 2026",Wagner (NEC_WAGNER_WSOC),62,best match 62% is below 88%
Tennessee,NAIA,Bethel University,https://www.bethelathletics.com/sports/wsoc/index,check link,Bentley University (NEC_BENTLEY_UNIVERSITY_WSOC),62,best match 62% is below 88%
Tennessee,NAIA,Cumberland University,http://www.cumberlandsoccercamps.com/,check link,Maryland (B10_UMD_WSOC),67,best match 67% is below 88%
Tennessee,NAIA,Freed-Hardeman,https://gofhulions.com/sports/womens-soccer,check link,Fordham (A10_FORDHAM_WSOC),57,best match 57% is below 88%
Tennessee,NAIA,Milligan College,https://www.milliganbuffs.com/sports/wsoc/index,check link,Michigan (B10_MICH_WSOC),75,best match 75% is below 88%
Tennessee,NAIA,Tennessee Wesleyan,https://twbulldogs.com/sports/wsoc/index,check link,Tennessee Tech (SOCON_TENNESSEE_TECH_WSOC),69,best match 69% is below 88%
Tennessee,NAIA,UT Southern,https://www.utsfirehawks.com/sports/wsoc/index,check link,Southern (SWAC_SOUTHERN_WSOC),84,best match 84% is below 88%
Texas,D1,East,https://www.lionsoccercamp.com/index.cfm,check link,Texas (SEC_TEX_WSOC),67,best match 67% is below 88%
Texas,D1,Sam Houston State,https://kendallayerssoccercamp.totalcamps.com/About%20Us?path=wsoc,check link,Youngstown State (HOR_YOUNGSTOWN_STATE_WSOC),73,best match 73% is below 88%
Texas,D1,Texas A&M-Corpus,https://goislanders.com/sports/womens-soccer,,Texas A&M–Corpus Christi (SLND_TEXAS_A_AND_M_CORPUS_CHRISTI_WSOC),80,best match 80% is below 88%
Texas,D1,Christi,http://www.goislanders.com/index.aspx?path=wsoc,﻿ check link,Rockhurst University (GLVC_ROCKHURST_UNIVERSITY_WSOC),62,best match 62% is below 88%
Texas,D1,U of Texas-El Paso,https://utepsoccercamp.com/,check link,Texas A&M (SEC_TAMU_WSOC),64,best match 64% is below 88%
Texas,D1,U of Texas Rio Grand Valley,https://goutrgv.com/sports/womens-soccer,check link,UT Rio Grande Valley (SLND_UT_RIO_GRANDE_VALLEY_WSOC),86,best match 86% is below 88%
Texas,D1,U of Texas at San Antonio,http://www.utsasocceracademy.com/,check link,Texas A&M (SEC_TAMU_WSOC),62,best match 62% is below 88%
Texas,D2,UT of the Permian Basin,http://www.utpbfalcons.com/index.aspx?path=wsoc&tab=1,check link,University of Texas Permian Basin (LSC_UNIVERSITY_OF_TEXAS_PERMIAN_BASIN_WSOC),86,best match 86% is below 88%
Texas,D3,Austin College,http://www.acroos.com/sports/wsoc/index,check link,Austin Peay (UAC_AUSTIN_PEAY_WSOC),71,best match 71% is below 88%
Texas,D3,Concordia University,https://www.ctxsoccercamps.com/,"December 13, 2026",Concord University (MEC_CONCORD_UNIVERSITY_WSOC),88,best match 88% is below 88%
Texas,D3,University of Dallas,http://www.udallasathletics.com/sports/wsoc/index,check link,Dallas Baptist University (LSC_DALLAS_BAPTIST_UNIVERSITY_WSOC),60,best match 60% is below 88%
Texas,D3,East Texas Baptist,http://womenssoccer.etbusportscamps.com/,check link,|East Texas A&M (SLND_EAST_TEXAS_A_AND_M_WSOC),75,best match 75% is below 88%
Texas,D3,Hardin-Simmons,https://www.hsusoccercamps.com/,check link,Charleston (CAA_CHARLESTON_WSOC),50,best match 50% is below 88%
Texas,D3,Howard Payne,https://wsoccer.hpusportscamps.com/,check link,Howard (NEC_HOWARD_WSOC),67,best match 67% is below 88%
Texas,D3,LeTourneau University,https://letuathletics.com/sports/womens-soccer,check link,Le Moyne (NEC_LE_MOYNE_WSOC),56,best match 56% is below 88%
Texas,D3,Mary Hardin-Baylor,http://cruathletics.com/?path=wsoc,check link,Mars Hill University (SAC_MARS_HILL_UNIVERSITY_WSOC),52,best match 52% is below 88%
Texas,D3,McMurry University,http://abcsportscamps.com/mcmurrysoccer,check link,Murray State (MVC_MURRAY_STATE_WSOC),53,best match 53% is below 88%
Texas,D3,Schreiner University,https://www.schreinersoccercamp.com/,check link,Shorter University (CAR_SHORTER_UNIVERSITY_WSOC),62,best match 62% is below 88%
Texas,D3,Southwestern,https://www.southwesternsoccercamps.com/,check link,Northwestern (B10_NU_WSOC),83,best match 83% is below 88%
Texas,D3,Texas Lutheran,https://tlubulldogs.com/sports/wsoc/index,"September 20, 2026",Texas Southern (SWAC_TEXAS_SOUTHERN_WSOC),86,best match 86% is below 88%
Texas,D3,UT Dallas,https://utdcomets.com/sports/womens-soccer,check link,Utah Valley (BW_UTAH_VALLEY_WSOC),60,best match 60% is below 88%
Texas,D3,UT Tyler,https://www.totalcamps.com/UTTYLERWOMENSSOCCERCAMPS,check link,University of Texas at Tyler (LSC_UNIVERSITY_OF_TEXAS_AT_TYLER_WSOC),74,best match 74% is below 88%
Texas,D3,Trinity University,https://trinityuniversitysoccercamps.totalcamps.com/About%20Us,check link,Troy (SB_TROY_WSOC),55,best match 55% is below 88%
Texas,NAIA,Huston-Tillotson,https://www.htramsathletics.com/sports/womens-soccer,check link,Seton Hill University (PSAC_SETON_HILL_UNIVERSITY_WSOC),62,best match 62% is below 88%
Texas,NAIA,Jarvis Christian College,https://jcubulldogs.com/sports/wsoc/index,check link,Abilene Christian (UAC_ABILENE_CHRISTIAN_WSOC),73,best match 73% is below 88%
Texas,NAIA,Our Lady of the Lake,https://www.ollusaintsathletics.com/sports/wsoc/index,check link,Portland State (BSKY_PORTLAND_STATE_WSOC),59,best match 59% is below 88%
Texas,NAIA,Nelson University,https://soccer.nelsonsportscamps.com/,"November 20, 2026",Elon (CAA_ELON_WSOC),80,best match 80% is below 88%
Texas,NAIA,Texas A&M-Texarkana,https://www.tamuteagles.com/sports/wsoc/index,check link,Texas A&M International University (LSC_TEXAS_A_AND_M_INTERNATIONAL_UNIVERSITY_WSOC),71,best match 71% is below 88%
Texas,NAIA,Texas Wesleyan,https://ramsports.net/sports/womens-soccer,check link,Roberts Wesleyan University (ECC_ROBERTS_WESLEYAN_UNIVERSITY_WSOC),73,best match 73% is below 88%
Texas,NAIA,Texas A&M-Victoria,https://tamuvathletics.com/sports/wsoc/index,check link,Texas A&M International University (LSC_TEXAS_A_AND_M_INTERNATIONAL_UNIVERSITY_WSOC),68,best match 68% is below 88%
Texas,NAIA,U of St. Thomas Houston,https://www.ustwsoccercamps.com/index.cfm,"October 18, 2026",St. Thomas (SUM_ST_THOMAS_WSOC),75,best match 75% is below 88%
Texas,NAIA,Wayland Baptist,http://wbuathletics.com/index.aspx?tab=soccer2&path=wsoc,check link,Dallas Baptist University (LSC_DALLAS_BAPTIST_UNIVERSITY_WSOC),76,best match 76% is below 88%
Utah,,Brigham Young,https://www.byusportscamps.com/soccer,"May 15-16, 2026",Binghamton (AE_BINGHAMTON_WSOC),70,best match 70% is below 88%
Virginia,,VA Tech,https://wsoccercampsatvt.com/,check link,Utah Tech (BSKY_UTAH_TECH_WSOC),75,best match 75% is below 88%
Virginia,D3,Averett University,https://averettwomenssoccer.totalcamps.com/About%20Us,check link,Marquette (BE_MARQUETTE_WSOC),62,best match 62% is below 88%
Virginia,D3,Bridgewater College,http://www.asasoccercamps.com/,check link,University of Bridgeport (CACC_UNIVERSITY_OF_BRIDGEPORT_WSOC),67,best match 67% is below 88%
Virginia,D3,Christopher Newport U,https://www.ladycaptainssoccer.com/,"February 6, 2027",Christian Brothers University (GSC_CHRISTIAN_BROTHERS_UNIVERSITY_WSOC),54,best match 54% is below 88%
Virginia,D3,Eastern Mennonite U,http://www.emuroyals.com/information/summer/index,check link,Eastern Illinois (OVC_EASTERN_ILLINOIS_WSOC),67,best match 67% is below 88%
Virginia,D3,Ferrum College,https://www.ferrumpanthers.com/sports/wsoc/index,check link,Merrimack (MAAC_MERRIMACK_WSOC),53,best match 53% is below 88%
Virginia,D3,Hollins University,http://www.hollinssports.com/sports/wsoc/index,check link,Rollins College (SSC_ROLLINS_COLLEGE_WSOC),86,best match 86% is below 88%
Virginia,D3,Lynchburg,https://www.lynchburgsoccercamp.com/index.cfm,check link,Washburn University (MIAA_WASHBURN_UNIVERSITY_WSOC),47,best match 47% is below 88%
Virginia,D3,Mary Baldwin College,https://www.marybaldwinsoccercamps.com/index.cfm,check link,Maryland (B10_UMD_WSOC),60,best match 60% is below 88%
Virginia,D3,U of Mary Washington,http://www.eaglessoccercamps.com/,check link,Washington (B10_UW_WSOC),80,best match 80% is below 88%
Virginia,D3,Marymount University,https://girlssoccer.marymountsportscamps.com/,check link,Dartmouth (IVY_DART_WSOC),67,best match 67% is below 88%
Virginia,D3,Randolph College,http://www.randolphwildcats.com/sports/wsoc/index,check link,Adelphi University (NEC_ADELPHI_UNIVERSITY_WSOC),67,best match 67% is below 88%
Virginia,D3,Randolph-Macon College,https://www.rmcwscamps.com/,"October 18, 2026",Grand Canyon (MW_GRAND_CANYON_WSOC),62,best match 62% is below 88%
Virginia,D3,Roanoke College,http://www.roanokesoccerschool.com/,check link,Drake (MVC_DRAKE_WSOC),67,best match 67% is below 88%
Virginia,D3,Shenandoah University,http://www.suwomenssoccercamps.com/,"October 4, 2026",Ashland University (GMAC_ASHLAND_UNIVERSITY_WSOC),59,best match 59% is below 88%
Virginia,D3,Southern VA University,https://knightathletics.com/sports/womens-soccer?path=wsoc,check link,Southern (SWAC_SOUTHERN_WSOC),84,best match 84% is below 88%
Virginia,D3,Sweet Briar College,http://www.vixenathletics.com/sports/wsoc/index,check link,West Florida (ASUN_WEST_FLORIDA_WSOC),61,best match 61% is below 88%
Virginia,D3,VA Wesleyan,https://www.marlin-soccer-academy.com/,check link,Roberts Wesleyan University (ECC_ROBERTS_WESLEYAN_UNIVERSITY_WSOC),67,best match 67% is below 88%
Virginia,D3,Washington & Lee,https://www.generalswomenssoccercamps.com/index.cfm,check link,Washington (B10_UW_WSOC),83,best match 83% is below 88%
Virginia,NAIA,Bluefield University,https://burams.com/sports/womens-soccer,check link,Bluefield State University (IND_BLUEFIELD_STATE_UNIVERSITY_WSOC),60,best match 60% is below 88%
Washington,D2,St. Martin's University,https://www.saintswomensoccercamps.com/,check link,St. Mary's University (LSC_ST_MARY_S_UNIVERSITY_WSOC),85,best match 85% is below 88%
Washington,D3,Pacific Lutheran,http://abcsportscamps.com/lutessoccer,check link,Pacific (WCC_PACIFIC_WSOC),61,best match 61% is below 88%
Washington,D3,Puget Sound,http://www.loggersoccercamps.com/camps.php,"July 19, 2026",Stetson (ASUN_STETSON_WSOC),56,best match 56% is below 88%
Washington,D3,Whitman College,http://womens.whitmansoccercamps.com/,"August 16, 2026",Newman University (MIAA_NEWMAN_UNIVERSITY_WSOC),62,best match 62% is below 88%
Washington,D3,Whitworth University,https://whitworthpirates.com/sports/womens-soccer,check link,Washington (B10_UW_WSOC),53,best match 53% is below 88%
Washington,NAIA,Evergreen State College,http://www.gogeoducks.com/index.aspx?path=wsoc,check link,Weber State (BSKY_WEBER_STATE_WSOC),69,best match 69% is below 88%
Washington,NAIA,Northwest University,http://nueagles.com/index.aspx?path=wsoc,check link,Northwestern (B10_NU_WSOC),86,best match 86% is below 88%
West Virginia,D2,Salem International,https://salemtigers.com/sports/womens-soccer,check link,Texas A&M International University (LSC_TEXAS_A_AND_M_INTERNATIONAL_UNIVERSITY_WSOC),81,best match 81% is below 88%
West Virginia,D2,WV Wesleyan,https://wesleyanbobcats.com/sports/womens-soccer,check link,Roberts Wesleyan University (ECC_ROBERTS_WESLEYAN_UNIVERSITY_WSOC),67,best match 67% is below 88%
West Virginia,D3,Bethany College,http://bethanybison.com/sports/wsoc/index,check link,Albany (AE_ALBANY_WSOC),62,best match 62% is below 88%
West Virginia,NAIA,WVU Tech,http://www.goldenbearathletics.com/index.aspx?path=wsoc&&tab=1,check link,Utah Tech (BSKY_UTAH_TECH_WSOC),71,best match 71% is below 88%
