program_id,camp_name,camp_type,start_date,end_date,registration_deadline,location,age_range,grad_years,cost,registration_url,official_url,season,source_url,source_type,verified,last_verified_at,notes
BW_CAL_POLY_WSOC,Women's Soccer ID Camp,ID Camp,2026-12-05,,,,,,,https://gopoly.com/sports/2020/6/4/insideathletics-camps,https://gopoly.com/sports/2020/6/4/insideathletics-camps,2026,https://gopoly.com/sports/2020/6/4/insideathletics-camps,other,yes,2026-10-09,"Listed on www.collegeidcamps.net as ""Cal Poly""; school match 100%. Registration page prints the date (checked 2026-10-09)."
B10_USC_WSOC,Women's Soccer ID Camp,ID Camp,2026-11-01,,,,,,,https://socalsocceracademy.com/,,2026,https://www.collegeidcamps.net/california-womens-soccer-camps.html,other,no,,"Listed on www.collegeidcamps.net as ""USC""; school match 100%. Camp site is not on a domain we have for this school; confirm it is the school's camp."
WCC_PACIFIC_WSOC,Women's Soccer ID Camp,ID Camp,2026-10-12,,,,,,,https://pacificwomenssoccercamps.totalcamps.com/,,2026,https://www.collegeidcamps.net/california-womens-soccer-camps.html,other,no,,"Listed on www.collegeidcamps.net as ""University of the Pacific""; school match 100%. Camp site is not on a domain we have for this school; confirm it is the school's camp."
ASUN_JACKSONVILLE_WSOC,Women's Soccer ID Camp,ID Camp,2027-01-16,,,,,,,https://www.jaxwomenssoccer.com/,,2027,https://www.collegeidcamps.net/florida-womens-soccer-camps.html,other,no,,"Listed on www.collegeidcamps.net as ""Jacksonville University""; school match 100%. Camp site is not on a domain we have for this school; confirm it is the school's camp."
SOCON_MERCER_WSOC,Women's Soccer ID Camp,ID Camp,2027-01-18,,,,,,,https://www.teescamps.com/,,2027,https://www.collegeidcamps.net/georgia-womens-soccer-camps.html,other,no,,"Listed on www.collegeidcamps.net as ""Mercer""; school match 100%. Camp site is not on a domain we have for this school; confirm it is the school's camp."
BE_DEPAUL_WSOC,Women's Soccer ID Camp,ID Camp,2026-10-11,,,,,,,https://depaulwomenssoccercamps.totalcamps.com/About%20Us,,2026,https://www.collegeidcamps.net/illinois-womens-soccer-camps.html,other,no,,"Listed on www.collegeidcamps.net as ""DePaul University""; school match 100%. Camp site is not on a domain we have for this school; confirm it is the school's camp."
MVC_ILLINOIS_STATE_WSOC,Women's Soccer ID Camp,ID Camp,2026-10-11,,,,,,,https://www.redperformancesoccercamps.com/index.cfm,,2026,https://www.collegeidcamps.net/illinois-womens-soccer-camps.html,other,no,,"Listed on www.collegeidcamps.net as ""Illinois State""; school match 100%. Camp site is not on a domain we have for this school; confirm it is the school's camp."
GLVC_LEWIS_UNIVERSITY_WSOC,Women's Soccer ID Camp,ID Camp,2026-11-04,,,,,,,https://www.lewiswsocevents.com/,,2026,https://www.collegeidcamps.net/illinois-womens-soccer-camps.html,other,no,,"Listed on www.collegeidcamps.net as ""Lewis University""; school match 100%. Camp site is not on a domain we have for this school; confirm it is the school's camp."
GLIAC_FERRIS_STATE_UNIVERSITY_WSOC,Women's Soccer ID Camp,ID Camp,2026-10-11,,,,,,,https://www.ferrisstatebulldogs.com/camps/soccercamps,,2026,https://www.collegeidcamps.net/michigan-womens-soccer-camps.html,other,no,,"Listed on www.collegeidcamps.net as ""Ferris State""; school match 100%. Camp site is not on a domain we have for this school; confirm it is the school's camp."
GMAC_NORTHWOOD_UNIVERSITY_WSOC,Women's Soccer ID Camp,ID Camp,2026-11-08,,,,,,,https://northwoodwomenssoccercamps.totalcamps.com/About%20Us,,2026,https://www.collegeidcamps.net/michigan-womens-soccer-camps.html,other,no,,"Listed on www.collegeidcamps.net as ""Northwood University""; school match 100%. Camp site is not on a domain we have for this school; confirm it is the school's camp."
MAAC_MARIST_WSOC,Women's Soccer ID Camp,ID Camp,2026-10-18,,,,,,,https://maristwomenssoccer.totalcamps.com/,,2026,https://www.collegeidcamps.net/new-york-womens-soccer-camps.html,other,no,,"Listed on www.collegeidcamps.net as ""Marist College""; school match 100%. Camp site is not on a domain we have for this school; confirm it is the school's camp."
SB_APPALACHIAN_STATE_WSOC,Women's Soccer ID Camp,ID Camp,2026-11-22,,,,,,,https://www.mountaineerssoccercamps.com/,,2026,https://www.collegeidcamps.net/north-carolina-womens-soccer-camps.html,other,no,,"Listed on www.collegeidcamps.net as ""Appalachian State""; school match 100%. Camp site is not on a domain we have for this school; confirm it is the school's camp."
SAC_CATAWBA_COLLEGE_WSOC,Women's Soccer ID Camp,ID Camp,2027-06-05,,,,,,,http://www.catawbasoccercamp.com/,,2027,https://www.collegeidcamps.net/north-carolina-womens-soccer-camps.html,other,no,,"Listed on www.collegeidcamps.net as ""Catawba College""; school match 100%. Camp site is not on a domain we have for this school; confirm it is the school's camp."
SAC_LENOIR_RHYNE_UNIVERSITY_WSOC,Women's Soccer ID Camp,ID Camp,2026-10-25,,,,,,,https://lrbears.com/sports/womens-soccer,https://lrbears.com/sports/womens-soccer,2026,https://www.collegeidcamps.net/north-carolina-womens-soccer-camps.html,other,no,,"Listed on www.collegeidcamps.net as ""Lenoir-Rhyne University""; school match 100%. Registration page did not confirm the date."
SAC_MARS_HILL_UNIVERSITY_WSOC,Women's Soccer ID Camp,ID Camp,2026-10-25,,,,,,,https://marshillwomenssoccercamps.totalcamps.com/shop/EVENT,,2026,https://www.collegeidcamps.net/north-carolina-womens-soccer-camps.html,other,no,,"Listed on www.collegeidcamps.net as ""Mars Hill University""; school match 100%. Camp site is not on a domain we have for this school; confirm it is the school's camp."
BE_XAVIER_WSOC,Women's Soccer ID Camp,ID Camp,2026-10-11,,,,,,,https://xavierwomenssoccercamps.totalcamps.com/About%20Us,,2026,https://www.collegeidcamps.net/ohio-womens-soccer-camps.html,other,no,,"Listed on www.collegeidcamps.net as ""Xavier University""; school match 100%. Camp site is not on a domain we have for this school; confirm it is the school's camp."
A10_LA_SALLE_WSOC,Women's Soccer ID Camp,ID Camp,2026-10-16,,,,,,,https://royalelitesoccercamp.totalcamps.com/Content/38351,,2026,https://www.collegeidcamps.net/pennsylvania-womens-soccer-camps.html,other,no,,"Listed on www.collegeidcamps.net as ""La Salle""; school match 100%. Camp site is not on a domain we have for this school; confirm it is the school's camp."
IVY_PENN_WSOC,Women's Soccer ID Camp,ID Camp,2026-10-10,,,,,,,https://pennwomenssoccer.totalcamps.com/About%20Us,,2026,https://www.collegeidcamps.net/pennsylvania-womens-soccer-camps.html,other,no,,"Listed on www.collegeidcamps.net as ""Penn""; school match 100%. Camp site is not on a domain we have for this school; confirm it is the school's camp."
BE_VILLANOVA_WSOC,Women's Soccer ID Camp,ID Camp,2026-11-08,,,,,,,http://www.novawsoccer.com/About%20Us,http://www.novawsoccer.com/About%20Us,2026,https://www.collegeidcamps.net/pennsylvania-womens-soccer-camps.html,other,no,,"Listed on www.collegeidcamps.net as ""Villanova""; school match 100%. Registration page did not confirm the date."
SB_COASTAL_CAROLINA_WSOC,Women's Soccer ID Camp,ID Camp,2026-11-22,,,,,,,https://www.coastalcarolinasoccercamps.com/,https://www.coastalcarolinasoccercamps.com/,2026,https://www.coastalcarolinasoccercamps.com/,other,yes,2026-10-09,"Listed on www.collegeidcamps.net as ""Coastal Carolina""; school match 100%. Registration page prints the date (checked 2026-10-09)."
SOCON_WOFFORD_WSOC,Women's Soccer ID Camp,ID Camp,2026-11-22,,,,,,,https://www.terrierwsoccamps.com/index.cfm,,2026,https://www.collegeidcamps.net/south-carolina-womens-soccer-camps.html,other,no,,"Listed on www.collegeidcamps.net as ""Wofford""; school match 100%. Camp site is not on a domain we have for this school; confirm it is the school's camp."
PBC_LANDER_UNIVERSITY_WSOC,Women's Soccer ID Camp,ID Camp,2027-01-17,,,,,,,http://www.casoccerschool.com/,,2027,https://www.collegeidcamps.net/south-carolina-womens-soccer-camps.html,other,no,,"Listed on www.collegeidcamps.net as ""Lander University""; school match 100%. Camp site is not on a domain we have for this school; confirm it is the school's camp."
MVC_BELMONT_WSOC,Women's Soccer ID Camp,ID Camp,2026-11-20,2026-11-21,,,,,,https://belmontwomenssoccercamps.totalcamps.com/About%20Us,,2026,https://www.collegeidcamps.net/tennessee-womens-soccer-camps.html,other,no,,"Listed on www.collegeidcamps.net as ""Belmont""; school match 100%. Camp site is not on a domain we have for this school; confirm it is the school's camp."
SEC_VAN_WSOC,Women's Soccer ID Camp,ID Camp,2026-10-24,,,,,,,http://www.vandysoccercamps.com/,http://www.vandysoccercamps.com/,2026,https://www.collegeidcamps.net/tennessee-womens-soccer-camps.html,other,no,,"Listed on www.collegeidcamps.net as ""Vanderbilt""; school match 100%. Registration page did not confirm the date."
SAC_CARSON_NEWMAN_UNIVERSITY_WSOC,Women's Soccer ID Camp,ID Camp,2027-01-30,,,,,,,http://www.cneagles.com/sports/w-soccer/index,http://www.cneagles.com/sports/w-soccer/index,2027,https://www.collegeidcamps.net/tennessee-womens-soccer-camps.html,other,no,,"Listed on www.collegeidcamps.net as ""Carson-Newman""; school match 100%. Registration page did not confirm the date."
GSC_TREVECCA_NAZARENE_UNIVERSITY_WSOC,Women's Soccer ID Camp,ID Camp,2026-11-23,,,,,,,https://www.treveccawsoccercamps.com/index.cfm,,2026,https://www.collegeidcamps.net/tennessee-womens-soccer-camps.html,other,no,,"Listed on www.collegeidcamps.net as ""Trevecca Nazarene""; school match 100%. Camp site is not on a domain we have for this school; confirm it is the school's camp."
GSC_UNION_UNIVERSITY_WSOC,Women's Soccer ID Camp,ID Camp,2026-12-12,,,,,,,http://www.uuathletics.com/sports/2012/5/25/MSOC_0525123620.aspx?id=11,http://www.uuathletics.com/sports/2012/5/25/MSOC_0525123620.aspx?id=11,2026,https://www.collegeidcamps.net/tennessee-womens-soccer-camps.html,other,no,,"Listed on www.collegeidcamps.net as ""Union University""; school match 100%. Registration page did not confirm the date."
UAC_ABILENE_CHRISTIAN_WSOC,Women's Soccer ID Camp,ID Camp,2026-11-21,,,,,,,https://acusoccer.totalcamps.com/About%20Us,,2026,https://www.collegeidcamps.net/texas-womens-soccer-camps.html,other,no,,"Listed on www.collegeidcamps.net as ""Abilene Christian""; school match 100%. Camp site is not on a domain we have for this school; confirm it is the school's camp."
AAC_NORTH_TEXAS_WSOC,Women's Soccer ID Camp,ID Camp,2026-10-18,,,,,,,http://www.meangreensoccercamps.com/,http://www.meangreensoccercamps.com/,2026,https://www.meangreensoccercamps.com/,other,yes,2026-10-09,"Listed on www.collegeidcamps.net as ""North Texas""; school match 100%. Registration page prints the date (checked 2026-10-09)."
PAC12_TEXAS_STATE_WSOC,Women's Soccer ID Camp,ID Camp,2026-12-06,,,,,,,https://steveholemansoccercamps.com/,,2026,https://www.collegeidcamps.net/texas-womens-soccer-camps.html,other,no,,"Listed on www.collegeidcamps.net as ""Texas State""; school match 100%. Camp site is not on a domain we have for this school; confirm it is the school's camp."
A10_GEORGE_MASON_WSOC,Women's Soccer ID Camp,ID Camp,2026-11-28,,,,,,,https://www.gmuwomenssoccercamps.com/,,2026,https://www.collegeidcamps.net/virginia-womens-soccer-camps.html,other,no,,"Listed on www.collegeidcamps.net as ""George Mason""; school match 100%. Camp site is not on a domain we have for this school; confirm it is the school's camp."
SB_JAMES_MADISON_WSOC,Women's Soccer ID Camp,ID Camp,2026-10-18,,,,,,,https://jamesmadisonsoccercamp.com/camps,,2026,https://www.collegeidcamps.net/virginia-womens-soccer-camps.html,other,no,,"Listed on www.collegeidcamps.net as ""James Madison U""; school match 100%. Camp site is not on a domain we have for this school; confirm it is the school's camp."
BSOUTH_LONGWOOD_WSOC,Women's Soccer ID Camp,ID Camp,2026-10-24,,,,,,,http://www.totalcamps.com/LONGWOODwomensSOCCER/,,2026,https://www.collegeidcamps.net/virginia-womens-soccer-camps.html,other,no,,"Listed on www.collegeidcamps.net as ""Longwood University""; school match 100%. Camp site is not on a domain we have for this school; confirm it is the school's camp."
