program_id,school_name,first_name,last_name,title,email,phone,profile_url,source_url,source_name,source_type,verified,notes
ACC_BC_WSOC,Boston College,Chris,Watkins,Head Coach,,,,https://en.wikipedia.org/wiki/2025_Boston_College_Eagles_women's_soccer_team,Wikipedia: 2025 Boston College Eagles women's soccer team (staff as listed for the 2025 season),other,no,
ACC_BC_WSOC,Boston College,Andrea,Morrow,Assistant Coach,,,,https://en.wikipedia.org/wiki/2025_Boston_College_Eagles_women's_soccer_team,Wikipedia: 2025 Boston College Eagles women's soccer team (staff as listed for the 2025 season),other,no,
ACC_BC_WSOC,Boston College,Stephanie,Demake,Assistant Coach,,,,https://en.wikipedia.org/wiki/2025_Boston_College_Eagles_women's_soccer_team,Wikipedia: 2025 Boston College Eagles women's soccer team (staff as listed for the 2025 season),other,no,
ACC_BC_WSOC,Boston College,Grace,Barnard,Assistant Coach,,,,https://en.wikipedia.org/wiki/2025_Boston_College_Eagles_women's_soccer_team,Wikipedia: 2025 Boston College Eagles women's soccer team (staff as listed for the 2025 season),other,no,
ACC_CAL_WSOC,California,Neil,McGuire,Head Coach,,,,https://en.wikipedia.org/wiki/2025_California_Golden_Bears_women's_soccer_team,Wikipedia: 2025 California Golden Bears women's soccer team (staff as listed for the 2025 season),other,no,
ACC_CAL_WSOC,California,Cori,Callahan,Associate Head Coach,,,,https://en.wikipedia.org/wiki/2025_California_Golden_Bears_women's_soccer_team,Wikipedia: 2025 California Golden Bears women's soccer team (staff as listed for the 2025 season),other,no,
ACC_CAL_WSOC,California,Alec,Sundly,Assistant Coach,,,,https://en.wikipedia.org/wiki/2025_California_Golden_Bears_women's_soccer_team,Wikipedia: 2025 California Golden Bears women's soccer team (staff as listed for the 2025 season),other,no,
ACC_DUKE_WSOC,Duke,Kieran,Hall,Head Coach,,,,https://en.wikipedia.org/wiki/2025_Duke_Blue_Devils_women's_soccer_team,Wikipedia: 2025 Duke Blue Devils women's soccer team (staff as listed for the 2025 season),other,no,
ACC_DUKE_WSOC,Duke,Carla,Overbeck,Associate Head Coach,,,,https://en.wikipedia.org/wiki/2025_Duke_Blue_Devils_women's_soccer_team,Wikipedia: 2025 Duke Blue Devils women's soccer team (staff as listed for the 2025 season),other,no,
ACC_DUKE_WSOC,Duke,Hanna,Gardner,Assistant Coach,,,,https://en.wikipedia.org/wiki/2025_Duke_Blue_Devils_women's_soccer_team,Wikipedia: 2025 Duke Blue Devils women's soccer team (staff as listed for the 2025 season),other,no,
ACC_FSU_WSOC,Florida State,Brian,Pensky,Head Coach,,,,https://en.wikipedia.org/wiki/2025_Florida_State_Seminoles_women's_soccer_team,Wikipedia: 2025 Florida State Seminoles women's soccer team (staff as listed for the 2025 season),other,no,
ACC_FSU_WSOC,Florida State,Bobby,Shuttleworth,Associate Head Coach,,,,https://en.wikipedia.org/wiki/2025_Florida_State_Seminoles_women's_soccer_team,Wikipedia: 2025 Florida State Seminoles women's soccer team (staff as listed for the 2025 season),other,no,
ACC_FSU_WSOC,Florida State,Micah,Bledsoe,Assistant Coach,,,,https://en.wikipedia.org/wiki/2025_Florida_State_Seminoles_women's_soccer_team,Wikipedia: 2025 Florida State Seminoles women's soccer team (staff as listed for the 2025 season),other,no,
ACC_FSU_WSOC,Florida State,Erwin,van Bennekom,Assistant Coach,,,,https://en.wikipedia.org/wiki/2025_Florida_State_Seminoles_women's_soccer_team,Wikipedia: 2025 Florida State Seminoles women's soccer team (staff as listed for the 2025 season),other,no,
ACC_LOU_WSOC,Louisville,Karen,Ferguson-Dayes,Head Coach,,,,https://en.wikipedia.org/wiki/2025_Louisville_Cardinals_women's_soccer_team,Wikipedia: 2025 Louisville Cardinals women's soccer team (staff as listed for the 2025 season),other,no,
ACC_LOU_WSOC,Louisville,Hunter,Norton,Associate Head Coach,,,,https://en.wikipedia.org/wiki/2025_Louisville_Cardinals_women's_soccer_team,Wikipedia: 2025 Louisville Cardinals women's soccer team (staff as listed for the 2025 season),other,no,
ACC_LOU_WSOC,Louisville,Olivia,Mills,Assistant Coach,,,,https://en.wikipedia.org/wiki/2025_Louisville_Cardinals_women's_soccer_team,Wikipedia: 2025 Louisville Cardinals women's soccer team (staff as listed for the 2025 season),other,no,
ACC_MIA_WSOC,Miami (FL),Ken,Masuhr,Head Coach,,,,https://en.wikipedia.org/wiki/2025_Miami_Hurricanes_women's_soccer_team,Wikipedia: 2025 Miami Hurricanes women's soccer team (staff as listed for the 2025 season),other,no,
ACC_MIA_WSOC,Miami (FL),Kelly,Keelan,Assistant Coach,,,,https://en.wikipedia.org/wiki/2025_Miami_Hurricanes_women's_soccer_team,Wikipedia: 2025 Miami Hurricanes women's soccer team (staff as listed for the 2025 season),other,no,
ACC_MIA_WSOC,Miami (FL),Peter-John,Falloon,Assistant Coach,,,,https://en.wikipedia.org/wiki/2025_Miami_Hurricanes_women's_soccer_team,Wikipedia: 2025 Miami Hurricanes women's soccer team (staff as listed for the 2025 season),other,no,
ACC_NCSU_WSOC,NC State,Gary,Higgins,Head Coach,,,,https://en.wikipedia.org/wiki/2025_NC_State_Wolfpack_women's_soccer_team,Wikipedia: 2025 NC State Wolfpack women's soccer team (staff as listed for the 2025 season),other,no,
ACC_NCSU_WSOC,NC State,Joanna,Fennema,Associate Head Coach,,,,https://en.wikipedia.org/wiki/2025_NC_State_Wolfpack_women's_soccer_team,Wikipedia: 2025 NC State Wolfpack women's soccer team (staff as listed for the 2025 season),other,no,
ACC_NCSU_WSOC,NC State,David,Rodriguez,Assistant Coach,,,,https://en.wikipedia.org/wiki/2025_NC_State_Wolfpack_women's_soccer_team,Wikipedia: 2025 NC State Wolfpack women's soccer team (staff as listed for the 2025 season),other,no,
ACC_NCSU_WSOC,NC State,Juan,Basabe,Assistant Coach,,,,https://en.wikipedia.org/wiki/2025_NC_State_Wolfpack_women's_soccer_team,Wikipedia: 2025 NC State Wolfpack women's soccer team (staff as listed for the 2025 season),other,no,
ACC_UNC_WSOC,North Carolina,Damon,Nahas,Head Coach,,,,https://en.wikipedia.org/wiki/2025_North_Carolina_Tar_Heels_women's_soccer_team,Wikipedia: 2025 North Carolina Tar Heels women's soccer team (staff as listed for the 2025 season),other,no,
ACC_UNC_WSOC,North Carolina,Chris,Ducar,Associate Head Coach,,,,https://en.wikipedia.org/wiki/2025_North_Carolina_Tar_Heels_women's_soccer_team,Wikipedia: 2025 North Carolina Tar Heels women's soccer team (staff as listed for the 2025 season),other,no,
ACC_UNC_WSOC,North Carolina,Tracey,Leone,Assistant Coach,,,,https://en.wikipedia.org/wiki/2025_North_Carolina_Tar_Heels_women's_soccer_team,Wikipedia: 2025 North Carolina Tar Heels women's soccer team (staff as listed for the 2025 season),other,no,
ACC_ND_WSOC,Notre Dame,Nate,Norman,Head Coach,,,,https://en.wikipedia.org/wiki/2025_Notre_Dame_Fighting_Irish_women's_soccer_team,Wikipedia: 2025 Notre Dame Fighting Irish women's soccer team (staff as listed for the 2025 season),other,no,
ACC_ND_WSOC,Notre Dame,Dawn,Siergiej,Associate Head Coach,,,,https://en.wikipedia.org/wiki/2025_Notre_Dame_Fighting_Irish_women's_soccer_team,Wikipedia: 2025 Notre Dame Fighting Irish women's soccer team (staff as listed for the 2025 season),other,no,
ACC_ND_WSOC,Notre Dame,Martin,Rennie,Assistant Coach,,,,https://en.wikipedia.org/wiki/2025_Notre_Dame_Fighting_Irish_women's_soccer_team,Wikipedia: 2025 Notre Dame Fighting Irish women's soccer team (staff as listed for the 2025 season),other,no,
ACC_ND_WSOC,Notre Dame,Gina,Lewandowski,Assistant Coach,,,,https://en.wikipedia.org/wiki/2025_Notre_Dame_Fighting_Irish_women's_soccer_team,Wikipedia: 2025 Notre Dame Fighting Irish women's soccer team (staff as listed for the 2025 season),other,no,
ACC_PITT_WSOC,Pittsburgh,Ben,Waldrum,Head Coach,,,,https://en.wikipedia.org/wiki/2025_Pittsburgh_Panthers_women's_soccer_team,Wikipedia: 2025 Pittsburgh Panthers women's soccer team (staff as listed for the 2025 season),other,no,
ACC_PITT_WSOC,Pittsburgh,Jesse,Goleman,Assistant Coach,,,,https://en.wikipedia.org/wiki/2025_Pittsburgh_Panthers_women's_soccer_team,Wikipedia: 2025 Pittsburgh Panthers women's soccer team (staff as listed for the 2025 season),other,no,
ACC_PITT_WSOC,Pittsburgh,Brianna,Alleyne,Assistant Coach,,,,https://en.wikipedia.org/wiki/2025_Pittsburgh_Panthers_women's_soccer_team,Wikipedia: 2025 Pittsburgh Panthers women's soccer team (staff as listed for the 2025 season),other,no,
ACC_SMU_WSOC,SMU,Nicole,Nelson,Head Coach,,,,https://en.wikipedia.org/wiki/2025_SMU_Mustangs_women's_soccer_team,Wikipedia: 2025 SMU Mustangs women's soccer team (staff as listed for the 2025 season),other,no,
ACC_SMU_WSOC,SMU,Miles,Vaughn,Assistant Coach,,,,https://en.wikipedia.org/wiki/2025_SMU_Mustangs_women's_soccer_team,Wikipedia: 2025 SMU Mustangs women's soccer team (staff as listed for the 2025 season),other,no,
ACC_SMU_WSOC,SMU,Daniel,O'Hare,Assistant Coach,,,,https://en.wikipedia.org/wiki/2025_SMU_Mustangs_women's_soccer_team,Wikipedia: 2025 SMU Mustangs women's soccer team (staff as listed for the 2025 season),other,no,
ACC_SMU_WSOC,SMU,Callie,McKinney,Assistant Coach,,,,https://en.wikipedia.org/wiki/2025_SMU_Mustangs_women's_soccer_team,Wikipedia: 2025 SMU Mustangs women's soccer team (staff as listed for the 2025 season),other,no,
ACC_STAN_WSOC,Stanford,Paul,Ratcliffe,Head Coach,,,,https://en.wikipedia.org/wiki/2025_Stanford_Cardinal_women's_soccer_team,Wikipedia: 2025 Stanford Cardinal women's soccer team (staff as listed for the 2025 season),other,no,
ACC_STAN_WSOC,Stanford,Paul,Hart,Assistant Coach,,,,https://en.wikipedia.org/wiki/2025_Stanford_Cardinal_women's_soccer_team,Wikipedia: 2025 Stanford Cardinal women's soccer team (staff as listed for the 2025 season),other,no,
ACC_STAN_WSOC,Stanford,Daisy,Sanchez,Assistant Coach,,,,https://en.wikipedia.org/wiki/2025_Stanford_Cardinal_women's_soccer_team,Wikipedia: 2025 Stanford Cardinal women's soccer team (staff as listed for the 2025 season),other,no,
ACC_STAN_WSOC,Stanford,Brianna,Visalli,Assistant Coach,,,,https://en.wikipedia.org/wiki/2025_Stanford_Cardinal_women's_soccer_team,Wikipedia: 2025 Stanford Cardinal women's soccer team (staff as listed for the 2025 season),other,no,
ACC_SYR_WSOC,Syracuse,Nicky,Adams,Head Coach,,,,https://en.wikipedia.org/wiki/2025_Syracuse_Orange_women's_soccer_team,Wikipedia: 2025 Syracuse Orange women's soccer team (staff as listed for the 2025 season),other,no,
ACC_SYR_WSOC,Syracuse,Brandon,DeNoyer,Assistant Coach,,,,https://en.wikipedia.org/wiki/2025_Syracuse_Orange_women's_soccer_team,Wikipedia: 2025 Syracuse Orange women's soccer team (staff as listed for the 2025 season),other,no,
ACC_SYR_WSOC,Syracuse,Alex,Zaroyan,Assistant Coach,,,,https://en.wikipedia.org/wiki/2025_Syracuse_Orange_women's_soccer_team,Wikipedia: 2025 Syracuse Orange women's soccer team (staff as listed for the 2025 season),other,no,
ACC_UVA_WSOC,Virginia,Steve,Swanson,Head Coach,,,,https://en.wikipedia.org/wiki/2025_Virginia_Cavaliers_women's_soccer_team,Wikipedia: 2025 Virginia Cavaliers women's soccer team (staff as listed for the 2025 season),other,no,
ACC_UVA_WSOC,Virginia,Ron,Raab,Associate Head Coach,,,,https://en.wikipedia.org/wiki/2025_Virginia_Cavaliers_women's_soccer_team,Wikipedia: 2025 Virginia Cavaliers women's soccer team (staff as listed for the 2025 season),other,no,
ACC_UVA_WSOC,Virginia,Sam,Raper,Assistant Coach,,,,https://en.wikipedia.org/wiki/2025_Virginia_Cavaliers_women's_soccer_team,Wikipedia: 2025 Virginia Cavaliers women's soccer team (staff as listed for the 2025 season),other,no,
ACC_UVA_WSOC,Virginia,Lizzy,Sieracki,Assistant Coach,,,,https://en.wikipedia.org/wiki/2025_Virginia_Cavaliers_women's_soccer_team,Wikipedia: 2025 Virginia Cavaliers women's soccer team (staff as listed for the 2025 season),other,no,
ACC_WAKE_WSOC,Wake Forest,Tony,da Luz,Head Coach,,,,https://en.wikipedia.org/wiki/2025_Wake_Forest_Demon_Deacons_women's_soccer_team,Wikipedia: 2025 Wake Forest Demon Deacons women's soccer team (staff as listed for the 2025 season),other,no,
ACC_WAKE_WSOC,Wake Forest,Brittany,Cameron,Associate Head Coach,,,,https://en.wikipedia.org/wiki/2025_Wake_Forest_Demon_Deacons_women's_soccer_team,Wikipedia: 2025 Wake Forest Demon Deacons women's soccer team (staff as listed for the 2025 season),other,no,
ACC_WAKE_WSOC,Wake Forest,Courtney,Drummond,Assistant Coach,,,,https://en.wikipedia.org/wiki/2025_Wake_Forest_Demon_Deacons_women's_soccer_team,Wikipedia: 2025 Wake Forest Demon Deacons women's soccer team (staff as listed for the 2025 season),other,no,
ACC_WAKE_WSOC,Wake Forest,Taylor,Culp,Assistant Coach,,,,https://en.wikipedia.org/wiki/2025_Wake_Forest_Demon_Deacons_women's_soccer_team,Wikipedia: 2025 Wake Forest Demon Deacons women's soccer team (staff as listed for the 2025 season),other,no,
