program_id,school_name,conference,start_season,end_season,source_url,source_name,source_type,verified,notes
AE_BRYANT_WSOC,Bryant,Northeast Conference,,2021,,Supplied research file (d1-other); not independently sourced,other,no,
AE_BRYANT_WSOC,Bryant,America East Conference,2022,,,Supplied research file (d1-other); not independently sourced,other,no,
AE_NJIT_WSOC,NJIT,Atlantic Sun Conference,,2019,,Supplied research file (d1-other); not independently sourced,other,no,
AE_NJIT_WSOC,NJIT,America East Conference,2020,,,Supplied research file (d1-other); not independently sourced,other,no,
AAC_CHARLOTTE_WSOC,Charlotte,Conference USA,,2022,,Supplied research file (d1-other); not independently sourced,other,no,
AAC_CHARLOTTE_WSOC,Charlotte,American Conference,2023,,,Supplied research file (d1-other); not independently sourced,other,no,
AAC_EAST_CAROLINA_WSOC,East Carolina,Conference USA,,2013,,Supplied research file (d1-other); not independently sourced,other,no,
AAC_EAST_CAROLINA_WSOC,East Carolina,American Conference,2014,,,Supplied research file (d1-other); not independently sourced,other,no,
AAC_FLORIDA_ATLANTIC_WSOC,Florida Atlantic,Conference USA,,2022,,Supplied research file (d1-other); not independently sourced,other,no,
AAC_FLORIDA_ATLANTIC_WSOC,Florida Atlantic,American Conference,2023,,,Supplied research file (d1-other); not independently sourced,other,no,
AAC_MEMPHIS_WSOC,Memphis,Conference USA,,2012,,Supplied research file (d1-other); not independently sourced,other,no,
AAC_MEMPHIS_WSOC,Memphis,American Conference,2013,,,Supplied research file (d1-other); not independently sourced,other,no,
AAC_NORTH_TEXAS_WSOC,North Texas,Conference USA,,2022,,Supplied research file (d1-other); not independently sourced,other,no,
AAC_NORTH_TEXAS_WSOC,North Texas,American Conference,2023,,,Supplied research file (d1-other); not independently sourced,other,no,
AAC_RICE_WSOC,Rice,Conference USA,,2022,,Supplied research file (d1-other); not independently sourced,other,no,
AAC_RICE_WSOC,Rice,American Conference,2023,,,Supplied research file (d1-other); not independently sourced,other,no,
AAC_SOUTH_FLORIDA_WSOC,South Florida,Big East Conference,,2012,,Supplied research file (d1-other); not independently sourced,other,no,
AAC_SOUTH_FLORIDA_WSOC,South Florida,American Conference,2013,,,Supplied research file (d1-other); not independently sourced,other,no,
AAC_TEMPLE_WSOC,Temple,Atlantic 10 Conference,,2012,,Supplied research file (d1-other); not independently sourced,other,no,
AAC_TEMPLE_WSOC,Temple,American Conference,2013,,,Supplied research file (d1-other); not independently sourced,other,no,
AAC_TULSA_WSOC,Tulsa,Conference USA,,2013,,Supplied research file (d1-other); not independently sourced,other,no,
AAC_TULSA_WSOC,Tulsa,American Conference,2014,,,Supplied research file (d1-other); not independently sourced,other,no,
AAC_UAB_WSOC,UAB,Conference USA,,2022,,Supplied research file (d1-other); not independently sourced,other,no,
AAC_UAB_WSOC,UAB,American Conference,2023,,,Supplied research file (d1-other); not independently sourced,other,no,
AAC_UTSA_WSOC,UTSA,Conference USA,,2022,,Supplied research file (d1-other); not independently sourced,other,no,
AAC_UTSA_WSOC,UTSA,American Conference,2023,,,Supplied research file (d1-other); not independently sourced,other,no,
A10_DAVIDSON_WSOC,Davidson,Southern Conference,,2013,,Supplied research file (d1-other); not independently sourced,other,no,
A10_DAVIDSON_WSOC,Davidson,Atlantic 10 Conference,2014,,,Supplied research file (d1-other); not independently sourced,other,no,
A10_GEORGE_MASON_WSOC,George Mason,Coastal Athletic Association,,2012,,Supplied research file (d1-other); not independently sourced,other,no,
A10_GEORGE_MASON_WSOC,George Mason,Atlantic 10 Conference,2013,,,Supplied research file (d1-other); not independently sourced,other,no,
A10_LOYOLA_CHICAGO_WSOC,Loyola Chicago,Missouri Valley Conference,,2021,,Supplied research file (d1-other); not independently sourced,other,no,
A10_LOYOLA_CHICAGO_WSOC,Loyola Chicago,Atlantic 10 Conference,2022,,,Supplied research file (d1-other); not independently sourced,other,no,
A10_VCU_WSOC,VCU,Coastal Athletic Association,,2011,,Supplied research file (d1-other); not independently sourced,other,no,
A10_VCU_WSOC,VCU,Atlantic 10 Conference,2012,,,Supplied research file (d1-other); not independently sourced,other,no,
BE_BUTLER_WSOC,Butler,Horizon League,,2011,,Supplied research file (d1-other); not independently sourced,other,no,
BE_BUTLER_WSOC,Butler,Atlantic 10 Conference,2012,2012,,Supplied research file (d1-other); not independently sourced,other,no,
BE_BUTLER_WSOC,Butler,Big East Conference,2013,,,Supplied research file (d1-other); not independently sourced,other,no,
BE_CREIGHTON_WSOC,Creighton,Missouri Valley Conference,,2012,,Supplied research file (d1-other); not independently sourced,other,no,
BE_CREIGHTON_WSOC,Creighton,Big East Conference,2013,,,Supplied research file (d1-other); not independently sourced,other,no,
BE_UCONN_WSOC,UConn,Big East Conference,,2012,,Supplied research file (d1-other); not independently sourced,other,no,
BE_UCONN_WSOC,UConn,American Athletic Conference,2013,2019,,Supplied research file (d1-other); not independently sourced,other,no,
BE_UCONN_WSOC,UConn,Big East Conference,2020,,,Supplied research file (d1-other); not independently sourced,other,no,
BE_XAVIER_WSOC,Xavier,Atlantic 10 Conference,,2012,,Supplied research file (d1-other); not independently sourced,other,no,
BE_XAVIER_WSOC,Xavier,Big East Conference,2013,,,Supplied research file (d1-other); not independently sourced,other,no,
BSKY_IDAHO_WSOC,Idaho,Western Athletic Conference,,2013,,Supplied research file (d1-other); not independently sourced,other,no,
BSKY_IDAHO_WSOC,Idaho,Big Sky Conference,2014,,,Supplied research file (d1-other); not independently sourced,other,no,
BSOUTH_USC_UPSTATE_WSOC,USC Upstate,Atlantic Sun Conference,,2017,,Supplied research file (d1-other); not independently sourced,other,no,
BSOUTH_USC_UPSTATE_WSOC,USC Upstate,Big South Conference,2018,,,Supplied research file (d1-other); not independently sourced,other,no,
BW_CAL_STATE_BAKERSFIELD_WSOC,Cal State Bakersfield,Western Athletic Conference,,2019,,Supplied research file (d1-other); not independently sourced,other,no,
BW_CAL_STATE_BAKERSFIELD_WSOC,Cal State Bakersfield,Big West Conference,2020,,,Supplied research file (d1-other); not independently sourced,other,no,
BW_UC_SAN_DIEGO_WSOC,UC San Diego,Big West Conference,2020,,,Supplied research file (d1-other); not independently sourced,other,no,
CAA_CAMPBELL_WSOC,Campbell,Big South Conference,,2022,,Supplied research file (d1-other); not independently sourced,other,no,
CAA_CAMPBELL_WSOC,Campbell,Coastal Athletic Association,2023,,,Supplied research file (d1-other); not independently sourced,other,no,
CAA_CHARLESTON_WSOC,Charleston,Southern Conference,,2012,,Supplied research file (d1-other); not independently sourced,other,no,
CAA_CHARLESTON_WSOC,Charleston,Coastal Athletic Association,2013,,,Supplied research file (d1-other); not independently sourced,other,no,
CAA_ELON_WSOC,Elon,Southern Conference,,2013,,Supplied research file (d1-other); not independently sourced,other,no,
CAA_ELON_WSOC,Elon,Coastal Athletic Association,2014,,,Supplied research file (d1-other); not independently sourced,other,no,
CAA_HAMPTON_WSOC,Hampton,Big South Conference,,2021,,Supplied research file (d1-other); not independently sourced,other,no,
CAA_HAMPTON_WSOC,Hampton,Coastal Athletic Association,2022,,,Supplied research file (d1-other); not independently sourced,other,no,
CAA_MONMOUTH_WSOC,Monmouth,Metro Atlantic Athletic Conference,,2021,,Supplied research file (d1-other); not independently sourced,other,no,
CAA_MONMOUTH_WSOC,Monmouth,Coastal Athletic Association,2022,,,Supplied research file (d1-other); not independently sourced,other,no,
CAA_STONY_BROOK_WSOC,Stony Brook,America East Conference,,2021,,Supplied research file (d1-other); not independently sourced,other,no,
CAA_STONY_BROOK_WSOC,Stony Brook,Coastal Athletic Association,2022,,,Supplied research file (d1-other); not independently sourced,other,no,
CUSA_FIU_WSOC,FIU,Sun Belt Conference,,2012,,Supplied research file (d1-other); not independently sourced,other,no,
CUSA_FIU_WSOC,FIU,Conference USA,2013,,,Supplied research file (d1-other); not independently sourced,other,no,
CUSA_JACKSONVILLE_STATE_WSOC,Jacksonville State,Ohio Valley Conference,,2020,,Supplied research file (d1-other); not independently sourced,other,no,
CUSA_JACKSONVILLE_STATE_WSOC,Jacksonville State,Atlantic Sun Conference,2021,2022,,Supplied research file (d1-other); not independently sourced,other,no,
CUSA_JACKSONVILLE_STATE_WSOC,Jacksonville State,Conference USA,2023,,,Supplied research file (d1-other); not independently sourced,other,no,
CUSA_KENNESAW_STATE_WSOC,Kennesaw State,Atlantic Sun Conference,,2023,,Supplied research file (d1-other); not independently sourced,other,no,Joined CUSA fall 2024
CUSA_KENNESAW_STATE_WSOC,Kennesaw State,Conference USA,2024,,,Supplied research file (d1-other); not independently sourced,other,no,Joined CUSA fall 2024
CUSA_LIBERTY_WSOC,Liberty,Big South Conference,,2017,,Supplied research file (d1-other); not independently sourced,other,no,
CUSA_LIBERTY_WSOC,Liberty,Atlantic Sun Conference,2018,2022,,Supplied research file (d1-other); not independently sourced,other,no,
CUSA_LIBERTY_WSOC,Liberty,Conference USA,2023,,,Supplied research file (d1-other); not independently sourced,other,no,
CUSA_MIDDLE_TENNESSEE_WSOC,Middle Tennessee,Sun Belt Conference,,2012,,Supplied research file (d1-other); not independently sourced,other,no,
CUSA_MIDDLE_TENNESSEE_WSOC,Middle Tennessee,Conference USA,2013,,,Supplied research file (d1-other); not independently sourced,other,no,
CUSA_NEW_MEXICO_STATE_WSOC,New Mexico State,Western Athletic Conference,,2022,,Supplied research file (d1-other); not independently sourced,other,no,
CUSA_NEW_MEXICO_STATE_WSOC,New Mexico State,Conference USA,2023,,,Supplied research file (d1-other); not independently sourced,other,no,
CUSA_SAM_HOUSTON_WSOC,Sam Houston,Southland Conference,,2020,,Supplied research file (d1-other); not independently sourced,other,no,
CUSA_SAM_HOUSTON_WSOC,Sam Houston,Western Athletic Conference,2021,2022,,Supplied research file (d1-other); not independently sourced,other,no,
CUSA_SAM_HOUSTON_WSOC,Sam Houston,Conference USA,2023,,,Supplied research file (d1-other); not independently sourced,other,no,
CUSA_WESTERN_KENTUCKY_WSOC,Western Kentucky,Sun Belt Conference,,2013,,Supplied research file (d1-other); not independently sourced,other,no,
CUSA_WESTERN_KENTUCKY_WSOC,Western Kentucky,Conference USA,2014,,,Supplied research file (d1-other); not independently sourced,other,no,
HOR_IU_INDY_WSOC,IU Indy,Summit League,,2016,,Supplied research file (d1-other); not independently sourced,other,no,Formerly IUPUI
HOR_IU_INDY_WSOC,IU Indy,Horizon League,2017,,,Supplied research file (d1-other); not independently sourced,other,no,Formerly IUPUI
HOR_NORTHERN_KENTUCKY_WSOC,Northern Kentucky,Atlantic Sun Conference,,2014,,Supplied research file (d1-other); not independently sourced,other,no,
HOR_NORTHERN_KENTUCKY_WSOC,Northern Kentucky,Horizon League,2015,,,Supplied research file (d1-other); not independently sourced,other,no,
HOR_OAKLAND_WSOC,Oakland,Summit League,,2012,,Supplied research file (d1-other); not independently sourced,other,no,
HOR_OAKLAND_WSOC,Oakland,Horizon League,2013,,,Supplied research file (d1-other); not independently sourced,other,no,
HOR_PURDUE_FORT_WAYNE_WSOC,Purdue Fort Wayne,Summit League,,2019,,Supplied research file (d1-other); not independently sourced,other,no,
HOR_PURDUE_FORT_WAYNE_WSOC,Purdue Fort Wayne,Horizon League,2020,,,Supplied research file (d1-other); not independently sourced,other,no,
HOR_ROBERT_MORRIS_WSOC,Robert Morris,Northeast Conference,,2019,,Supplied research file (d1-other); not independently sourced,other,no,
HOR_ROBERT_MORRIS_WSOC,Robert Morris,Horizon League,2020,,,Supplied research file (d1-other); not independently sourced,other,no,
MAAC_MERRIMACK_WSOC,Merrimack,Northeast Conference,,2023,,Supplied research file (d1-other); not independently sourced,other,no,Joined MAAC fall 2024
MAAC_MERRIMACK_WSOC,Merrimack,Metro Atlantic Athletic Conference,2024,,,Supplied research file (d1-other); not independently sourced,other,no,Joined MAAC fall 2024
MAAC_MOUNT_ST_MARY_S_WSOC,Mount St. Mary's,Northeast Conference,,2021,,Supplied research file (d1-other); not independently sourced,other,no,
MAAC_MOUNT_ST_MARY_S_WSOC,Mount St. Mary's,Metro Atlantic Athletic Conference,2022,,,Supplied research file (d1-other); not independently sourced,other,no,
MAAC_QUINNIPIAC_WSOC,Quinnipiac,Northeast Conference,,2012,,Supplied research file (d1-other); not independently sourced,other,no,
MAAC_QUINNIPIAC_WSOC,Quinnipiac,Metro Atlantic Athletic Conference,2013,,,Supplied research file (d1-other); not independently sourced,other,no,
MAAC_SACRED_HEART_WSOC,Sacred Heart,Northeast Conference,,2023,,Supplied research file (d1-other); not independently sourced,other,no,Joined MAAC fall 2024
MAAC_SACRED_HEART_WSOC,Sacred Heart,Metro Atlantic Athletic Conference,2024,,,Supplied research file (d1-other); not independently sourced,other,no,Joined MAAC fall 2024
MVC_BELMONT_WSOC,Belmont,Ohio Valley Conference,,2021,,Supplied research file (d1-other); not independently sourced,other,no,
MVC_BELMONT_WSOC,Belmont,Missouri Valley Conference,2022,,,Supplied research file (d1-other); not independently sourced,other,no,
MVC_MURRAY_STATE_WSOC,Murray State,Ohio Valley Conference,,2021,,Supplied research file (d1-other); not independently sourced,other,no,
MVC_MURRAY_STATE_WSOC,Murray State,Missouri Valley Conference,2022,,,Supplied research file (d1-other); not independently sourced,other,no,
MVC_UIC_WSOC,UIC,Horizon League,,2021,,Supplied research file (d1-other); not independently sourced,other,no,
MVC_UIC_WSOC,UIC,Missouri Valley Conference,2022,,,Supplied research file (d1-other); not independently sourced,other,no,
MVC_VALPARAISO_WSOC,Valparaiso,Horizon League,,2016,,Supplied research file (d1-other); not independently sourced,other,no,
MVC_VALPARAISO_WSOC,Valparaiso,Missouri Valley Conference,2017,,,Supplied research file (d1-other); not independently sourced,other,no,
MW_COLORADO_COLLEGE_WSOC,Colorado College,Conference USA,,2013,,Supplied research file (d1-other); not independently sourced,other,no,Division I women's soccer affiliate
MW_COLORADO_COLLEGE_WSOC,Colorado College,Mountain West Conference,2014,,,Supplied research file (d1-other); not independently sourced,other,no,Division I women's soccer affiliate
MW_NEVADA_WSOC,Nevada,Western Athletic Conference,,2011,,Supplied research file (d1-other); not independently sourced,other,no,
MW_NEVADA_WSOC,Nevada,Mountain West Conference,2012,,,Supplied research file (d1-other); not independently sourced,other,no,
MW_SAN_JOSE_STATE_WSOC,San Jose State,Western Athletic Conference,,2012,,Supplied research file (d1-other); not independently sourced,other,no,
MW_SAN_JOSE_STATE_WSOC,San Jose State,Mountain West Conference,2013,,,Supplied research file (d1-other); not independently sourced,other,no,
NEC_HOWARD_WSOC,Howard,Southwestern Athletic Conference,,2020,,Supplied research file (d1-other); not independently sourced,other,no,Associate member for WSOC
NEC_HOWARD_WSOC,Howard,Northeast Conference,2021,,,Supplied research file (d1-other); not independently sourced,other,no,Associate member for WSOC
NEC_LE_MOYNE_WSOC,Le Moyne,Northeast Conference,2023,,,Supplied research file (d1-other); not independently sourced,other,no,
NEC_MERCYHURST_WSOC,Mercyhurst,Northeast Conference,2024,,,Supplied research file (d1-other); not independently sourced,other,no,Joined NEC fall 2024
NEC_STONEHILL_WSOC,Stonehill,Northeast Conference,2022,,,Supplied research file (d1-other); not independently sourced,other,no,
OVC_LINDENWOOD_WSOC,Lindenwood,Ohio Valley Conference,2022,,,Supplied research file (d1-other); not independently sourced,other,no,
OVC_SOUTHERN_INDIANA_WSOC,Southern Indiana,Ohio Valley Conference,2022,,,Supplied research file (d1-other); not independently sourced,other,no,
OVC_WESTERN_ILLINOIS_WSOC,Western Illinois,Summit League,,2022,,Supplied research file (d1-other); not independently sourced,other,no,
OVC_WESTERN_ILLINOIS_WSOC,Western Illinois,Ohio Valley Conference,2023,,,Supplied research file (d1-other); not independently sourced,other,no,
PAT_BOSTON_UNIVERSITY_WSOC,Boston University,America East Conference,,2012,,Supplied research file (d1-other); not independently sourced,other,no,
PAT_BOSTON_UNIVERSITY_WSOC,Boston University,Patriot League,2013,,,Supplied research file (d1-other); not independently sourced,other,no,
PAT_LOYOLA_MD_WSOC,Loyola (MD),Metro Atlantic Athletic Conference,,2012,,Supplied research file (d1-other); not independently sourced,other,no,
PAT_LOYOLA_MD_WSOC,Loyola (MD),Patriot League,2013,,,Supplied research file (d1-other); not independently sourced,other,no,
SOCON_EAST_TENNESSEE_STATE_WSOC,East Tennessee State,Atlantic Sun Conference,,2013,,Supplied research file (d1-other); not independently sourced,other,no,
SOCON_EAST_TENNESSEE_STATE_WSOC,East Tennessee State,Southern Conference,2014,,,Supplied research file (d1-other); not independently sourced,other,no,
SOCON_MERCER_WSOC,Mercer,Atlantic Sun Conference,,2013,,Supplied research file (d1-other); not independently sourced,other,no,
SOCON_MERCER_WSOC,Mercer,Southern Conference,2014,,,Supplied research file (d1-other); not independently sourced,other,no,
SOCON_SAMFORD_WSOC,Samford,Ohio Valley Conference,,2007,,Supplied research file (d1-other); not independently sourced,other,no,
SOCON_SAMFORD_WSOC,Samford,Southern Conference,2008,,,Supplied research file (d1-other); not independently sourced,other,no,
SOCON_VMI_WSOC,VMI,Big South Conference,,2013,,Supplied research file (d1-other); not independently sourced,other,no,
SOCON_VMI_WSOC,VMI,Southern Conference,2014,,,Supplied research file (d1-other); not independently sourced,other,no,
SLND_LAMAR_WSOC,Lamar,Southland Conference,,2020,,Supplied research file (d1-other); not independently sourced,other,no,
SLND_LAMAR_WSOC,Lamar,Western Athletic Conference,2021,2021,,Supplied research file (d1-other); not independently sourced,other,no,
SLND_LAMAR_WSOC,Lamar,Southland Conference,2022,,,Supplied research file (d1-other); not independently sourced,other,no,
SLND_STEPHEN_F_AUSTIN_WSOC,Stephen F. Austin,Southland Conference,,2020,,Supplied research file (d1-other); not independently sourced,other,no,Rejoined Southland fall 2024
SLND_STEPHEN_F_AUSTIN_WSOC,Stephen F. Austin,Western Athletic Conference,2021,2023,,Supplied research file (d1-other); not independently sourced,other,no,Rejoined Southland fall 2024
SLND_STEPHEN_F_AUSTIN_WSOC,Stephen F. Austin,Southland Conference,2024,,,Supplied research file (d1-other); not independently sourced,other,no,Rejoined Southland fall 2024
SLND_EAST_TEXAS_A_AND_M_WSOC,|East Texas A&M,Southland Conference,2022,,,Supplied research file (d1-other); not independently sourced,other,no,
SLND_UT_RIO_GRANDE_VALLEY_WSOC,UT Rio Grande Valley,Western Athletic Conference,,2023,,Supplied research file (d1-other); not independently sourced,other,no,Joined Southland fall 2024
SLND_UT_RIO_GRANDE_VALLEY_WSOC,UT Rio Grande Valley,Southland Conference,2024,,,Supplied research file (d1-other); not independently sourced,other,no,Joined Southland fall 2024
SUM_KANSAS_CITY_WSOC,Kansas City,Western Athletic Conference,,2019,,Supplied research file (d1-other); not independently sourced,other,no,
SUM_KANSAS_CITY_WSOC,Kansas City,Summit League,2020,,,Supplied research file (d1-other); not independently sourced,other,no,
SUM_NORTH_DAKOTA_WSOC,North Dakota,Big Sky Conference,,2017,,Supplied research file (d1-other); not independently sourced,other,no,
SUM_NORTH_DAKOTA_WSOC,North Dakota,Summit League,2018,,,Supplied research file (d1-other); not independently sourced,other,no,
SUM_ORAL_ROBERTS_WSOC,Oral Roberts,Southland Conference,,2013,,Supplied research file (d1-other); not independently sourced,other,no,
SUM_ORAL_ROBERTS_WSOC,Oral Roberts,Summit League,2014,,,Supplied research file (d1-other); not independently sourced,other,no,
SUM_ST_THOMAS_WSOC,St. Thomas,Summit League,2021,,,Supplied research file (d1-other); not independently sourced,other,no,
SB_APPALACHIAN_STATE_WSOC,Appalachian State,Southern Conference,,2013,,Supplied research file (d1-other); not independently sourced,other,no,
SB_APPALACHIAN_STATE_WSOC,Appalachian State,Sun Belt Conference,2014,,,Supplied research file (d1-other); not independently sourced,other,no,
SB_COASTAL_CAROLINA_WSOC,Coastal Carolina,Big South Conference,,2015,,Supplied research file (d1-other); not independently sourced,other,no,
SB_COASTAL_CAROLINA_WSOC,Coastal Carolina,Sun Belt Conference,2016,,,Supplied research file (d1-other); not independently sourced,other,no,
SB_GEORGIA_SOUTHERN_WSOC,Georgia Southern,Southern Conference,,2013,,Supplied research file (d1-other); not independently sourced,other,no,
SB_GEORGIA_SOUTHERN_WSOC,Georgia Southern,Sun Belt Conference,2014,,,Supplied research file (d1-other); not independently sourced,other,no,
SB_GEORGIA_STATE_WSOC,Georgia State,Coastal Athletic Association,,2012,,Supplied research file (d1-other); not independently sourced,other,no,
SB_GEORGIA_STATE_WSOC,Georgia State,Sun Belt Conference,2013,,,Supplied research file (d1-other); not independently sourced,other,no,
SB_JAMES_MADISON_WSOC,James Madison,Coastal Athletic Association,,2021,,Supplied research file (d1-other); not independently sourced,other,no,
SB_JAMES_MADISON_WSOC,James Madison,Sun Belt Conference,2022,,,Supplied research file (d1-other); not independently sourced,other,no,
SB_MARSHALL_WSOC,Marshall,Conference USA,,2021,,Supplied research file (d1-other); not independently sourced,other,no,
SB_MARSHALL_WSOC,Marshall,Sun Belt Conference,2022,,,Supplied research file (d1-other); not independently sourced,other,no,
SB_OLD_DOMINION_WSOC,Old Dominion,Conference USA,,2021,,Supplied research file (d1-other); not independently sourced,other,no,
SB_OLD_DOMINION_WSOC,Old Dominion,Sun Belt Conference,2022,,,Supplied research file (d1-other); not independently sourced,other,no,
SB_SOUTHERN_MISS_WSOC,Southern Miss,Conference USA,,2021,,Supplied research file (d1-other); not independently sourced,other,no,
SB_SOUTHERN_MISS_WSOC,Southern Miss,Sun Belt Conference,2022,,,Supplied research file (d1-other); not independently sourced,other,no,
WCC_PACIFIC_WSOC,Pacific,Big West Conference,,2012,,Supplied research file (d1-other); not independently sourced,other,no,
WCC_PACIFIC_WSOC,Pacific,West Coast Conference,2013,,,Supplied research file (d1-other); not independently sourced,other,no,
