program_id,school_name,conference,start_season,end_season,source_url,source_type,verified,last_verified_at,notes
,Austin Peay,Atlantic Sun Conference,,2025,,other,no,,"From the ProIQ brief: moved ASUN to UAC for 2026. ASUN start season unknown. Confirm against the ASUN/UAC announcements."
,Austin Peay,United Athletic Conference,2026,,,other,no,,"From the ProIQ brief: UAC member from 2026."
,Central Arkansas,Atlantic Sun Conference,,2025,,other,no,,"From the ProIQ brief: moved ASUN to UAC for 2026. ASUN start season unknown. Confirm against the ASUN/UAC announcements."
,Central Arkansas,United Athletic Conference,2026,,,other,no,,"From the ProIQ brief: UAC member from 2026."
,Eastern Kentucky,Atlantic Sun Conference,,2025,,other,no,,"From the ProIQ brief: moved ASUN to UAC for 2026. ASUN start season unknown. Confirm against the ASUN/UAC announcements."
,Eastern Kentucky,United Athletic Conference,2026,,,other,no,,"From the ProIQ brief: UAC member from 2026."
,North Alabama,Atlantic Sun Conference,,2025,,other,no,,"From the ProIQ brief: moved ASUN to UAC for 2026. ASUN start season unknown. Confirm against the ASUN/UAC announcements."
,North Alabama,United Athletic Conference,2026,,,other,no,,"From the ProIQ brief: UAC member from 2026."
,West Florida,Atlantic Sun Conference,2026,,,other,no,,"From the ProIQ brief: joined the ASUN in 2026. Prior conference not recorded here."
