sport,division,school_name,official_school_name,nickname,conference,city,state,region,public_private,school_type,source_url,source_name
womens-soccer,D1,Abilene Christian,Abilene Christian University,Wildcats,United Athletic Conference,Abilene,Texas,Southwest,Private,,https://web3.ncaa.org/directory/memberList?type=12&division=I&sportCode=WSO,NCAA institution directory (via Wikipedia list)
womens-soccer,D1,Air Force,United States Air Force Academy,Falcons,Mountain West Conference,USAF Academy,Colorado,West,,Service Academy,https://web3.ncaa.org/directory/memberList?type=12&division=I&sportCode=WSO,NCAA institution directory (via Wikipedia list)
womens-soccer,D1,Akron,University of Akron,Zips,Mid-American Conference,Akron,Ohio,Midwest,Public,,https://web3.ncaa.org/directory/memberList?type=12&division=I&sportCode=WSO,NCAA institution directory (via Wikipedia list)
womens-soccer,D1,Alabama,University of Alabama,Crimson Tide,Southeastern Conference,Tuscaloosa,Alabama,Southeast,Public,,https://web3.ncaa.org/directory/memberList?type=12&division=I&sportCode=WSO,NCAA institution directory (via Wikipedia list)
womens-soccer,D1,Alabama A&M,Alabama A&M University,Bulldogs,Southwestern Athletic Conference,Normal,Alabama,Southeast,Public,,https://web3.ncaa.org/directory/memberList?type=12&division=I&sportCode=WSO,NCAA institution directory (via Wikipedia list)
womens-soccer,D1,Alabama State,Alabama State University,Hornets,Southwestern Athletic Conference,Montgomery,Alabama,Southeast,Public,,https://web3.ncaa.org/directory/memberList?type=12&division=I&sportCode=WSO,NCAA institution directory (via Wikipedia list)
womens-soccer,D1,Albany,University at Albany,Great Danes,America East Conference,Albany,New York,Northeast,Public,,https://web3.ncaa.org/directory/memberList?type=12&division=I&sportCode=WSO,NCAA institution directory (via Wikipedia list)
womens-soccer,D1,Alcorn State,Alcorn State University,Lady Braves,Southwestern Athletic Conference,Lorman,Mississippi,Southeast,Public,,https://web3.ncaa.org/directory/memberList?type=12&division=I&sportCode=WSO,NCAA institution directory (via Wikipedia list)
womens-soccer,D1,American,American University,Eagles,Patriot League,Washington,District of Columbia,Northeast,Private,,https://web3.ncaa.org/directory/memberList?type=12&division=I&sportCode=WSO,NCAA institution directory (via Wikipedia list)
womens-soccer,D1,Appalachian State,Appalachian State University,Mountaineers,Sun Belt Conference,Boone,North Carolina,Southeast,Public,,https://web3.ncaa.org/directory/memberList?type=12&division=I&sportCode=WSO,NCAA institution directory (via Wikipedia list)
womens-soccer,D1,Arizona,University of Arizona,Wildcats,Big 12 Conference,Tucson,Arizona,Southwest,Public,,https://web3.ncaa.org/directory/memberList?type=12&division=I&sportCode=WSO,NCAA institution directory (via Wikipedia list)
womens-soccer,D1,Arizona State,Arizona State University,Sun Devils,Big 12 Conference,Tempe,Arizona,Southwest,Public,,https://web3.ncaa.org/directory/memberList?type=12&division=I&sportCode=WSO,NCAA institution directory (via Wikipedia list)
womens-soccer,D1,Arkansas,University of Arkansas,Razorbacks,Southeastern Conference,Fayetteville,Arkansas,Southeast,Public,,https://web3.ncaa.org/directory/memberList?type=12&division=I&sportCode=WSO,NCAA institution directory (via Wikipedia list)
womens-soccer,D1,Arkansas State,Arkansas State University,Red Wolves,Sun Belt Conference,Jonesboro,Arkansas,Southeast,Public,,https://web3.ncaa.org/directory/memberList?type=12&division=I&sportCode=WSO,NCAA institution directory (via Wikipedia list)
womens-soccer,D1,Arkansas–Pine Bluff,University of Arkansas at Pine Bluff,Golden Lions,Southwestern Athletic Conference,Pine Bluff,Arkansas,Southeast,Public,,https://web3.ncaa.org/directory/memberList?type=12&division=I&sportCode=WSO,NCAA institution directory (via Wikipedia list)
womens-soccer,D1,Army,United States Military Academy,Black Knights,Patriot League,West Point,New York,Northeast,,Service Academy,https://web3.ncaa.org/directory/memberList?type=12&division=I&sportCode=WSO,NCAA institution directory (via Wikipedia list)
womens-soccer,D1,Auburn,Auburn University,Tigers,Southeastern Conference,Auburn,Alabama,Southeast,Public,,https://web3.ncaa.org/directory/memberList?type=12&division=I&sportCode=WSO,NCAA institution directory (via Wikipedia list)
womens-soccer,D1,Austin Peay,Austin Peay State University,Governors<!--Peay has called its women's teams Governors since at least 2016.-->,United Athletic Conference,Clarksville,Tennessee,Southeast,Public,,https://web3.ncaa.org/directory/memberList?type=12&division=I&sportCode=WSO,NCAA institution directory (via Wikipedia list)
womens-soccer,D1,Ball State,Ball State University,Cardinals,Mid-American Conference,Muncie,Indiana,Midwest,Public,,https://web3.ncaa.org/directory/memberList?type=12&division=I&sportCode=WSO,NCAA institution directory (via Wikipedia list)
womens-soccer,D1,Baylor,Baylor University,"Bears<!--All Baylor women's teams now use just ""Bears"".-->",Big 12 Conference,Waco,Texas,Southwest,Private,,https://web3.ncaa.org/directory/memberList?type=12&division=I&sportCode=WSO,NCAA institution directory (via Wikipedia list)
womens-soccer,D1,Bellarmine,Bellarmine University,Knights,Atlantic Sun Conference,Louisville,Kentucky,Southeast,Private,,https://web3.ncaa.org/directory/memberList?type=12&division=I&sportCode=WSO,NCAA institution directory (via Wikipedia list)
womens-soccer,D1,Belmont,Belmont University,Bruins,Missouri Valley Conference,Nashville,Tennessee,Southeast,Private,,https://web3.ncaa.org/directory/memberList?type=12&division=I&sportCode=WSO,NCAA institution directory (via Wikipedia list)
womens-soccer,D1,Binghamton,Binghamton University,Bearcats,America East Conference,Binghamton,New York,Northeast,Public,,https://web3.ncaa.org/directory/memberList?type=12&division=I&sportCode=WSO,NCAA institution directory (via Wikipedia list)
womens-soccer,D1,Boise State,Boise State University,Broncos,Pac-12 Conference,Boise,Idaho,West,Public,,https://web3.ncaa.org/directory/memberList?type=12&division=I&sportCode=WSO,NCAA institution directory (via Wikipedia list)
womens-soccer,D1,Boston College,Boston College,Eagles,Atlantic Coast Conference,Newton,Massachusetts,Northeast,Private,,https://web3.ncaa.org/directory/memberList?type=12&division=I&sportCode=WSO,NCAA institution directory (via Wikipedia list)
womens-soccer,D1,Boston University,Boston University,Terriers,Patriot League,Boston,Massachusetts,Northeast,Private,,https://web3.ncaa.org/directory/memberList?type=12&division=I&sportCode=WSO,NCAA institution directory (via Wikipedia list)
womens-soccer,D1,Bowling Green,Bowling Green State University,Falcons,Mid-American Conference,Bowling Green,Ohio,Midwest,Public,,https://web3.ncaa.org/directory/memberList?type=12&division=I&sportCode=WSO,NCAA institution directory (via Wikipedia list)
womens-soccer,D1,Brown,Brown University,Bears,Ivy League,Providence,Rhode Island,Northeast,Private,,https://web3.ncaa.org/directory/memberList?type=12&division=I&sportCode=WSO,NCAA institution directory (via Wikipedia list)
womens-soccer,D1,Bryant,Bryant University,Bulldogs,America East Conference,Smithfield,Rhode Island,Northeast,Private,,https://web3.ncaa.org/directory/memberList?type=12&division=I&sportCode=WSO,NCAA institution directory (via Wikipedia list)
womens-soccer,D1,Bucknell,Bucknell University,Bison,Patriot League,Lewisburg,Pennsylvania,Northeast,Private,,https://web3.ncaa.org/directory/memberList?type=12&division=I&sportCode=WSO,NCAA institution directory (via Wikipedia list)
womens-soccer,D1,Buffalo,University at Buffalo,Bulls,Mid-American Conference,Buffalo,New York,Northeast,Public,,https://web3.ncaa.org/directory/memberList?type=12&division=I&sportCode=WSO,NCAA institution directory (via Wikipedia list)
womens-soccer,D1,Butler,Butler University,Bulldogs,Big East Conference,Indianapolis,Indiana,Midwest,Private,,https://web3.ncaa.org/directory/memberList?type=12&division=I&sportCode=WSO,NCAA institution directory (via Wikipedia list)
womens-soccer,D1,BYU,Brigham Young University,Cougars,Big 12 Conference,Provo,Utah,West,Private,,https://web3.ncaa.org/directory/memberList?type=12&division=I&sportCode=WSO,NCAA institution directory (via Wikipedia list)
womens-soccer,D1,Cal Poly,"California Polytechnic State University, San Luis Obispo",Mustangs,Big West Conference,San Luis Obispo,California,West,Public,,https://web3.ncaa.org/directory/memberList?type=12&division=I&sportCode=WSO,NCAA institution directory (via Wikipedia list)
womens-soccer,D1,Cal State Bakersfield,"California State University, Bakersfield",Roadrunners,Big West Conference,Bakersfield,California,West,Public,,https://web3.ncaa.org/directory/memberList?type=12&division=I&sportCode=WSO,NCAA institution directory (via Wikipedia list)
womens-soccer,D1,Cal State Fullerton,"California State University, Fullerton",Titans,Big West Conference,Fullerton,California,West,Public,,https://web3.ncaa.org/directory/memberList?type=12&division=I&sportCode=WSO,NCAA institution directory (via Wikipedia list)
womens-soccer,D1,Cal State Northridge,"California State University, Northridge",Matadors,Big West Conference,Northridge (Los Angeles),California,West,Public,,https://web3.ncaa.org/directory/memberList?type=12&division=I&sportCode=WSO,NCAA institution directory (via Wikipedia list)
womens-soccer,D1,California,"University of California, Berkeley",Golden Bears,Atlantic Coast Conference,Berkeley,California,West,Public,,https://web3.ncaa.org/directory/memberList?type=12&division=I&sportCode=WSO,NCAA institution directory (via Wikipedia list)
womens-soccer,D1,California Baptist,California Baptist University,Lancers,Big West Conference,Riverside,California,West,Private,,https://web3.ncaa.org/directory/memberList?type=12&division=I&sportCode=WSO,NCAA institution directory (via Wikipedia list)
womens-soccer,D1,Campbell,Campbell University,Fighting Camels,Coastal Athletic Association,Buies Creek,North Carolina,Southeast,Private,,https://web3.ncaa.org/directory/memberList?type=12&division=I&sportCode=WSO,NCAA institution directory (via Wikipedia list)
womens-soccer,D1,Canisius,Canisius University,Golden Griffins,Metro Atlantic Athletic Conference,Buffalo,New York,Northeast,Private,,https://web3.ncaa.org/directory/memberList?type=12&division=I&sportCode=WSO,NCAA institution directory (via Wikipedia list)
womens-soccer,D1,Central Arkansas,University of Central Arkansas,Sugar Bears,United Athletic Conference,Conway,Arkansas,Southeast,Public,,https://web3.ncaa.org/directory/memberList?type=12&division=I&sportCode=WSO,NCAA institution directory (via Wikipedia list)
womens-soccer,D1,Central Connecticut,Central Connecticut State University,Blue Devils,Northeast Conference,New Britain,Connecticut,Northeast,Public,,https://web3.ncaa.org/directory/memberList?type=12&division=I&sportCode=WSO,NCAA institution directory (via Wikipedia list)
womens-soccer,D1,Central Michigan,Central Michigan University,Chippewas,Mid-American Conference,Mount Pleasant,Michigan,Midwest,Public,,https://web3.ncaa.org/directory/memberList?type=12&division=I&sportCode=WSO,NCAA institution directory (via Wikipedia list)
womens-soccer,D1,Charleston,College of Charleston,Cougars,Coastal Athletic Association,Charleston,South Carolina,Southeast,Public,,https://web3.ncaa.org/directory/memberList?type=12&division=I&sportCode=WSO,NCAA institution directory (via Wikipedia list)
womens-soccer,D1,Charleston Southern,Charleston Southern University,Buccaneers,Big South Conference,North Charleston,South Carolina,Southeast,Private,,https://web3.ncaa.org/directory/memberList?type=12&division=I&sportCode=WSO,NCAA institution directory (via Wikipedia list)
womens-soccer,D1,Charlotte,University of North Carolina at Charlotte,49ers,American Conference,Charlotte,North Carolina,Southeast,Public,,https://web3.ncaa.org/directory/memberList?type=12&division=I&sportCode=WSO,NCAA institution directory (via Wikipedia list)
womens-soccer,D1,Chattanooga,University of Tennessee at Chattanooga,Mocs,Southern Conference,Chattanooga,Tennessee,Southeast,Public,,https://web3.ncaa.org/directory/memberList?type=12&division=I&sportCode=WSO,NCAA institution directory (via Wikipedia list)
womens-soccer,D1,Chicago State,Chicago State University,Cougars,Northeast Conference,Chicago,Illinois,Midwest,Public,,https://web3.ncaa.org/directory/memberList?type=12&division=I&sportCode=WSO,NCAA institution directory (via Wikipedia list)
womens-soccer,D1,Cincinnati,University of Cincinnati,Bearcats,Big 12 Conference,Cincinnati,Ohio,Midwest,Public,,https://web3.ncaa.org/directory/memberList?type=12&division=I&sportCode=WSO,NCAA institution directory (via Wikipedia list)
womens-soccer,D1,Clemson,Clemson University,Tigers,Atlantic Coast Conference,Clemson,South Carolina,Southeast,Public,,https://web3.ncaa.org/directory/memberList?type=12&division=I&sportCode=WSO,NCAA institution directory (via Wikipedia list)
womens-soccer,D1,Cleveland State,Cleveland State University,Vikings,Horizon League,Cleveland,Ohio,Midwest,Public,,https://web3.ncaa.org/directory/memberList?type=12&division=I&sportCode=WSO,NCAA institution directory (via Wikipedia list)
womens-soccer,D1,Coastal Carolina,Coastal Carolina University,Chanticleers,Sun Belt Conference,Conway,South Carolina,Southeast,Public,,https://web3.ncaa.org/directory/memberList?type=12&division=I&sportCode=WSO,NCAA institution directory (via Wikipedia list)
womens-soccer,D1,Colgate,Colgate University,Raiders,Patriot League,Hamilton,New York,Northeast,Private,,https://web3.ncaa.org/directory/memberList?type=12&division=I&sportCode=WSO,NCAA institution directory (via Wikipedia list)
womens-soccer,D1,Colorado,University of Colorado Boulder,Buffaloes,Big 12 Conference,Boulder,Colorado,West,Public,,https://web3.ncaa.org/directory/memberList?type=12&division=I&sportCode=WSO,NCAA institution directory (via Wikipedia list)
womens-soccer,D1,Colorado College,Colorado College,Tigers,Mountain West Conference,Colorado Springs,Colorado,West,Private,,https://web3.ncaa.org/directory/memberList?type=12&division=I&sportCode=WSO,NCAA institution directory (via Wikipedia list)
womens-soccer,D1,Colorado State,Colorado State University,Rams,Pac-12 Conference,Fort Collins,Colorado,West,Public,,https://web3.ncaa.org/directory/memberList?type=12&division=I&sportCode=WSO,NCAA institution directory (via Wikipedia list)
womens-soccer,D1,Columbia,Columbia University,Lions,Ivy League,New York (New York City),New York,Northeast,Private,,https://web3.ncaa.org/directory/memberList?type=12&division=I&sportCode=WSO,NCAA institution directory (via Wikipedia list)
womens-soccer,D1,Cornell,Cornell University,Big Red,Ivy League,Ithaca,New York,Northeast,Private,,https://web3.ncaa.org/directory/memberList?type=12&division=I&sportCode=WSO,NCAA institution directory (via Wikipedia list)
womens-soccer,D1,Creighton,Creighton University,Bluejays,Big East Conference,Omaha,Nebraska,Midwest,Private,,https://web3.ncaa.org/directory/memberList?type=12&division=I&sportCode=WSO,NCAA institution directory (via Wikipedia list)
womens-soccer,D1,Dartmouth,Dartmouth College,Big Green,Ivy League,Hanover,New Hampshire,Northeast,Private,,https://web3.ncaa.org/directory/memberList?type=12&division=I&sportCode=WSO,NCAA institution directory (via Wikipedia list)
womens-soccer,D1,Davidson,Davidson College,Wildcats,Atlantic 10 Conference,Davidson,North Carolina,Southeast,Private,,https://web3.ncaa.org/directory/memberList?type=12&division=I&sportCode=WSO,NCAA institution directory (via Wikipedia list)
womens-soccer,D1,Dayton,University of Dayton,Flyers,Atlantic 10 Conference,Dayton,Ohio,Midwest,Private,,https://web3.ncaa.org/directory/memberList?type=12&division=I&sportCode=WSO,NCAA institution directory (via Wikipedia list)
womens-soccer,D1,Delaware,University of Delaware,Fightin' Blue Hens,Conference USA,Newark,Delaware,Northeast,Public,,https://web3.ncaa.org/directory/memberList?type=12&division=I&sportCode=WSO,NCAA institution directory (via Wikipedia list)
womens-soccer,D1,Delaware State,Delaware State University,Hornets,Northeast Conference,Dover,Delaware,Northeast,Public,,https://web3.ncaa.org/directory/memberList?type=12&division=I&sportCode=WSO,NCAA institution directory (via Wikipedia list)
womens-soccer,D1,Denver,University of Denver,Pioneers,West Coast Conference,Denver,Colorado,West,Private,,https://web3.ncaa.org/directory/memberList?type=12&division=I&sportCode=WSO,NCAA institution directory (via Wikipedia list)
womens-soccer,D1,DePaul,DePaul University,Blue Demons,Big East Conference,Chicago,Illinois,Midwest,Private,,https://web3.ncaa.org/directory/memberList?type=12&division=I&sportCode=WSO,NCAA institution directory (via Wikipedia list)
womens-soccer,D1,Detroit Mercy,University of Detroit Mercy,Titans,Horizon League,Detroit,Michigan,Midwest,Private,,https://web3.ncaa.org/directory/memberList?type=12&division=I&sportCode=WSO,NCAA institution directory (via Wikipedia list)
womens-soccer,D1,Drake,Drake University,Bulldogs,Missouri Valley Conference,Des Moines,Iowa,Midwest,Private,,https://web3.ncaa.org/directory/memberList?type=12&division=I&sportCode=WSO,NCAA institution directory (via Wikipedia list)
womens-soccer,D1,Drexel,Drexel University,Dragons,Coastal Athletic Association,Philadelphia,Pennsylvania,Northeast,Private,,https://web3.ncaa.org/directory/memberList?type=12&division=I&sportCode=WSO,NCAA institution directory (via Wikipedia list)
womens-soccer,D1,Duke,Duke University,Blue Devils,Atlantic Coast Conference,Durham,North Carolina,Southeast,Private,,https://web3.ncaa.org/directory/memberList?type=12&division=I&sportCode=WSO,NCAA institution directory (via Wikipedia list)
womens-soccer,D1,Duquesne,Duquesne University,Dukes,Atlantic 10 Conference,Pittsburgh,Pennsylvania,Northeast,Private,,https://web3.ncaa.org/directory/memberList?type=12&division=I&sportCode=WSO,NCAA institution directory (via Wikipedia list)
womens-soccer,D1,East Carolina,East Carolina University,Pirates,American Conference,Greenville,North Carolina,Southeast,Public,,https://web3.ncaa.org/directory/memberList?type=12&division=I&sportCode=WSO,NCAA institution directory (via Wikipedia list)
womens-soccer,D1,East Tennessee State,East Tennessee State University,Buccaneers,Southern Conference,Johnson City,Tennessee,Southeast,Public,,https://web3.ncaa.org/directory/memberList?type=12&division=I&sportCode=WSO,NCAA institution directory (via Wikipedia list)
womens-soccer,D1,|East Texas A&M,East Texas A&M University,Lions,Southland Conference,Commerce,Texas,Southwest,Public,,https://web3.ncaa.org/directory/memberList?type=12&division=I&sportCode=WSO,NCAA institution directory (via Wikipedia list)
womens-soccer,D1,Eastern Illinois,Eastern Illinois University,Panthers,Ohio Valley Conference,Charleston,Illinois,Midwest,Public,,https://web3.ncaa.org/directory/memberList?type=12&division=I&sportCode=WSO,NCAA institution directory (via Wikipedia list)
womens-soccer,D1,Eastern Kentucky,Eastern Kentucky University,Colonels,United Athletic Conference,Richmond,Kentucky,Southeast,Public,,https://web3.ncaa.org/directory/memberList?type=12&division=I&sportCode=WSO,NCAA institution directory (via Wikipedia list)
womens-soccer,D1,Eastern Michigan,Eastern Michigan University,Eagles,Mid-American Conference,Ypsilanti,Michigan,Midwest,Public,,https://web3.ncaa.org/directory/memberList?type=12&division=I&sportCode=WSO,NCAA institution directory (via Wikipedia list)
womens-soccer,D1,Eastern Washington,Eastern Washington University,Eagles,Big Sky Conference,Cheney,Washington,West,Public,,https://web3.ncaa.org/directory/memberList?type=12&division=I&sportCode=WSO,NCAA institution directory (via Wikipedia list)
womens-soccer,D1,Elon,Elon University,Phoenix,Coastal Athletic Association,Elon,North Carolina,Southeast,Private,,https://web3.ncaa.org/directory/memberList?type=12&division=I&sportCode=WSO,NCAA institution directory (via Wikipedia list)
womens-soccer,D1,Evansville,University of Evansville,Purple Aces,Missouri Valley Conference,Evansville,Indiana,Midwest,Private,,https://web3.ncaa.org/directory/memberList?type=12&division=I&sportCode=WSO,NCAA institution directory (via Wikipedia list)
womens-soccer,D1,Fairfield,Fairfield University,Stags,Metro Atlantic Athletic Conference,Fairfield,Connecticut,Northeast,Private,,https://web3.ncaa.org/directory/memberList?type=12&division=I&sportCode=WSO,NCAA institution directory (via Wikipedia list)
womens-soccer,D1,Fairleigh Dickinson,Fairleigh Dickinson University,Knights,Northeast Conference,Madison,New Jersey,Northeast,Private,,https://web3.ncaa.org/directory/memberList?type=12&division=I&sportCode=WSO,NCAA institution directory (via Wikipedia list)
womens-soccer,D1,FIU,Florida International University,Panthers,Conference USA,Miami,Florida,Southeast,Public,,https://web3.ncaa.org/directory/memberList?type=12&division=I&sportCode=WSO,NCAA institution directory (via Wikipedia list)
womens-soccer,D1,Florida,University of Florida,Gators,Southeastern Conference,Gainesville,Florida,Southeast,Public,,https://web3.ncaa.org/directory/memberList?type=12&division=I&sportCode=WSO,NCAA institution directory (via Wikipedia list)
womens-soccer,D1,Florida Atlantic,Florida Atlantic University,Owls,American Conference,Boca Raton,Florida,Southeast,Public,,https://web3.ncaa.org/directory/memberList?type=12&division=I&sportCode=WSO,NCAA institution directory (via Wikipedia list)
womens-soccer,D1,Florida Gulf Coast,Florida Gulf Coast University,Eagles,Atlantic Sun Conference,Fort Myers,Florida,Southeast,Public,,https://web3.ncaa.org/directory/memberList?type=12&division=I&sportCode=WSO,NCAA institution directory (via Wikipedia list)
womens-soccer,D1,Florida State,Florida State University,Seminoles,Atlantic Coast Conference,Tallahassee,Florida,Southeast,Public,,https://web3.ncaa.org/directory/memberList?type=12&division=I&sportCode=WSO,NCAA institution directory (via Wikipedia list)
womens-soccer,D1,Fordham,Fordham University,Rams,Atlantic 10 Conference,Bronx (New York City),New York,Northeast,Private,,https://web3.ncaa.org/directory/memberList?type=12&division=I&sportCode=WSO,NCAA institution directory (via Wikipedia list)
womens-soccer,D1,Fresno State,"California State University, Fresno",Bulldogs,Pac-12 Conference,Fresno,California,West,Public,,https://web3.ncaa.org/directory/memberList?type=12&division=I&sportCode=WSO,NCAA institution directory (via Wikipedia list)
womens-soccer,D1,Furman,Furman University,Paladins,Southern Conference,Greenville,South Carolina,Southeast,Private,,https://web3.ncaa.org/directory/memberList?type=12&division=I&sportCode=WSO,NCAA institution directory (via Wikipedia list)
womens-soccer,D1,Gardner–Webb,Gardner–Webb University,Runnin' Bulldogs,Big South Conference,Boilings Springs,North Carolina,Southeast,Private,,https://web3.ncaa.org/directory/memberList?type=12&division=I&sportCode=WSO,NCAA institution directory (via Wikipedia list)
womens-soccer,D1,George Mason,George Mason University,Patriots,Atlantic 10 Conference,Fairfax,Virginia,Southeast,Public,,https://web3.ncaa.org/directory/memberList?type=12&division=I&sportCode=WSO,NCAA institution directory (via Wikipedia list)
womens-soccer,D1,George Washington,George Washington University,Revolutionaries,Atlantic 10 Conference,Washington,District of Columbia,Northeast,Private,,https://web3.ncaa.org/directory/memberList?type=12&division=I&sportCode=WSO,NCAA institution directory (via Wikipedia list)
womens-soccer,D1,Georgetown,Georgetown University,Hoyas,Big East Conference,Washington,District of Columbia,Northeast,Private,,https://web3.ncaa.org/directory/memberList?type=12&division=I&sportCode=WSO,NCAA institution directory (via Wikipedia list)
womens-soccer,D1,Georgia,University of Georgia,Bulldogs,Southeastern Conference,Athens,Georgia,Southeast,Public,,https://web3.ncaa.org/directory/memberList?type=12&division=I&sportCode=WSO,NCAA institution directory (via Wikipedia list)
womens-soccer,D1,Georgia Southern,Georgia Southern University,Eagles,Sun Belt Conference,Statesboro,Georgia,Southeast,Public,,https://web3.ncaa.org/directory/memberList?type=12&division=I&sportCode=WSO,NCAA institution directory (via Wikipedia list)
womens-soccer,D1,Georgia State,Georgia State University,Panthers,Sun Belt Conference,Atlanta,Georgia,Southeast,Public,,https://web3.ncaa.org/directory/memberList?type=12&division=I&sportCode=WSO,NCAA institution directory (via Wikipedia list)
womens-soccer,D1,Gonzaga,Gonzaga University,Bulldogs,Pac-12 Conference,Spokane,Washington,West,Private,,https://web3.ncaa.org/directory/memberList?type=12&division=I&sportCode=WSO,NCAA institution directory (via Wikipedia list)
womens-soccer,D1,Grambling State,Grambling State University,Tigers,Southwestern Athletic Conference,Grambling,Louisiana,Southeast,Public,,https://web3.ncaa.org/directory/memberList?type=12&division=I&sportCode=WSO,NCAA institution directory (via Wikipedia list)
womens-soccer,D1,Grand Canyon,Grand Canyon University,Antelopes,Mountain West Conference,Phoenix,Arizona,Southwest,Private,,https://web3.ncaa.org/directory/memberList?type=12&division=I&sportCode=WSO,NCAA institution directory (via Wikipedia list)
womens-soccer,D1,Green Bay,University of Wisconsin–Green Bay,Phoenix,Horizon League,Green Bay,Wisconsin,Midwest,Public,,https://web3.ncaa.org/directory/memberList?type=12&division=I&sportCode=WSO,NCAA institution directory (via Wikipedia list)
womens-soccer,D1,Hampton,Hampton University,Lady Pirates,Coastal Athletic Association,Hampton,Virginia,Southeast,Private,,https://web3.ncaa.org/directory/memberList?type=12&division=I&sportCode=WSO,NCAA institution directory (via Wikipedia list)
womens-soccer,D1,Harvard,Harvard University,Crimson,Ivy League,Boston,Massachusetts,Northeast,Private,,https://web3.ncaa.org/directory/memberList?type=12&division=I&sportCode=WSO,NCAA institution directory (via Wikipedia list)
womens-soccer,D1,Hawaii,University of Hawaiʻi at Mānoa,Rainbow Wahine,Mountain West Conference,Honolulu,Hawaii,West,Public,,https://web3.ncaa.org/directory/memberList?type=12&division=I&sportCode=WSO,NCAA institution directory (via Wikipedia list)
womens-soccer,D1,High Point,High Point University,Panthers,Big South Conference,High Point,North Carolina,Southeast,Private,,https://web3.ncaa.org/directory/memberList?type=12&division=I&sportCode=WSO,NCAA institution directory (via Wikipedia list)
womens-soccer,D1,Hofstra,Hofstra University,Pride,Coastal Athletic Association,Hempstead,New York,Northeast,Private,,https://web3.ncaa.org/directory/memberList?type=12&division=I&sportCode=WSO,NCAA institution directory (via Wikipedia list)
womens-soccer,D1,Holy Cross,College of the Holy Cross,Crusaders,Patriot League,Worcester,Massachusetts,Northeast,Private,,https://web3.ncaa.org/directory/memberList?type=12&division=I&sportCode=WSO,NCAA institution directory (via Wikipedia list)
womens-soccer,D1,Houston,University of Houston,Cougars,Big 12 Conference,Houston,Texas,Southwest,Public,,https://web3.ncaa.org/directory/memberList?type=12&division=I&sportCode=WSO,NCAA institution directory (via Wikipedia list)
womens-soccer,D1,Houston Christian,Houston Christian University,Huskies,Southland Conference,Houston,Texas,Southwest,Private,,https://web3.ncaa.org/directory/memberList?type=12&division=I&sportCode=WSO,NCAA institution directory (via Wikipedia list)
womens-soccer,D1,Howard,Howard University,Bison,Northeast Conference,Washington,District of Columbia,Northeast,Private,,https://web3.ncaa.org/directory/memberList?type=12&division=I&sportCode=WSO,NCAA institution directory (via Wikipedia list)
womens-soccer,D1,Idaho,University of Idaho,Vandals,Big Sky Conference,Moscow,Idaho,West,Public,,https://web3.ncaa.org/directory/memberList?type=12&division=I&sportCode=WSO,NCAA institution directory (via Wikipedia list)
womens-soccer,D1,Idaho State,Idaho State University,Bengals,Big Sky Conference,Pocatello,Idaho,West,Public,,https://web3.ncaa.org/directory/memberList?type=12&division=I&sportCode=WSO,NCAA institution directory (via Wikipedia list)
womens-soccer,D1,Illinois,University of Illinois Urbana-Champaign,Fighting Illini,Big Ten Conference,Champaign,Illinois,Midwest,Public,,https://web3.ncaa.org/directory/memberList?type=12&division=I&sportCode=WSO,NCAA institution directory (via Wikipedia list)
womens-soccer,D1,Illinois State,Illinois State University,Redbirds,Missouri Valley Conference,Normal,Illinois,Midwest,Public,,https://web3.ncaa.org/directory/memberList?type=12&division=I&sportCode=WSO,NCAA institution directory (via Wikipedia list)
womens-soccer,D1,Incarnate Word,University of the Incarnate Word,Cardinals,Southland Conference,San Antonio,Texas,Southwest,Private,,https://web3.ncaa.org/directory/memberList?type=12&division=I&sportCode=WSO,NCAA institution directory (via Wikipedia list)
womens-soccer,D1,Indiana,Indiana University Bloomington,Hoosiers,Big Ten Conference,Bloomington,Indiana,Midwest,Public,,https://web3.ncaa.org/directory/memberList?type=12&division=I&sportCode=WSO,NCAA institution directory (via Wikipedia list)
womens-soccer,D1,Indiana State,Indiana State University,Sycamores,Missouri Valley Conference,Terre Haute,Indiana,Midwest,Public,,https://web3.ncaa.org/directory/memberList?type=12&division=I&sportCode=WSO,NCAA institution directory (via Wikipedia list)
womens-soccer,D1,Iona,Iona University,Gaels,Metro Atlantic Athletic Conference,New Rochelle,New York,Northeast,Private,,https://web3.ncaa.org/directory/memberList?type=12&division=I&sportCode=WSO,NCAA institution directory (via Wikipedia list)
womens-soccer,D1,Iowa,University of Iowa,Hawkeyes,Big Ten Conference,Iowa City,Iowa,Midwest,Public,,https://web3.ncaa.org/directory/memberList?type=12&division=I&sportCode=WSO,NCAA institution directory (via Wikipedia list)
womens-soccer,D1,Iowa State,Iowa State University,Cyclones,Big 12 Conference,Ames,Iowa,Midwest,Public,,https://web3.ncaa.org/directory/memberList?type=12&division=I&sportCode=WSO,NCAA institution directory (via Wikipedia list)
womens-soccer,D1,IU Indy,Indiana University Indianapolis,Jaguars,Horizon League,Indianapolis,Indiana,Midwest,Public,,https://web3.ncaa.org/directory/memberList?type=12&division=I&sportCode=WSO,NCAA institution directory (via Wikipedia list)
womens-soccer,D1,Jackson State,Jackson State University,Tigers,Southwestern Athletic Conference,Jackson,Mississippi,Southeast,Public,,https://web3.ncaa.org/directory/memberList?type=12&division=I&sportCode=WSO,NCAA institution directory (via Wikipedia list)
womens-soccer,D1,Jacksonville,Jacksonville University,Dolphins,Atlantic Sun Conference,Jacksonville,Florida,Southeast,Private,,https://web3.ncaa.org/directory/memberList?type=12&division=I&sportCode=WSO,NCAA institution directory (via Wikipedia list)
womens-soccer,D1,Jacksonville State,Jacksonville State University,Gamecocks,Conference USA,Jacksonville,Alabama,Southeast,Public,,https://web3.ncaa.org/directory/memberList?type=12&division=I&sportCode=WSO,NCAA institution directory (via Wikipedia list)
womens-soccer,D1,James Madison,James Madison University,Dukes,Sun Belt Conference,Harrisonburg,Virginia,Southeast,Public,,https://web3.ncaa.org/directory/memberList?type=12&division=I&sportCode=WSO,NCAA institution directory (via Wikipedia list)
womens-soccer,D1,Kansas,University of Kansas,Jayhawks,Big 12 Conference,Lawrence,Kansas,Midwest,Public,,https://web3.ncaa.org/directory/memberList?type=12&division=I&sportCode=WSO,NCAA institution directory (via Wikipedia list)
womens-soccer,D1,Kansas City,University of Missouri–Kansas City,Roos,Summit League,Kansas City,Missouri,Midwest,Public,,https://web3.ncaa.org/directory/memberList?type=12&division=I&sportCode=WSO,NCAA institution directory (via Wikipedia list)
womens-soccer,D1,Kansas State,Kansas State University,Wildcats,Big 12 Conference,Manhattan,Kansas,Midwest,Public,,https://web3.ncaa.org/directory/memberList?type=12&division=I&sportCode=WSO,NCAA institution directory (via Wikipedia list)
womens-soccer,D1,Kennesaw State,Kennesaw State University,Owls,Conference USA,Kennesaw,Georgia,Southeast,Public,,https://web3.ncaa.org/directory/memberList?type=12&division=I&sportCode=WSO,NCAA institution directory (via Wikipedia list)
womens-soccer,D1,Kent State,Kent State University,Golden Flashes,Mid-American Conference,Kent,Ohio,Midwest,Public,,https://web3.ncaa.org/directory/memberList?type=12&division=I&sportCode=WSO,NCAA institution directory (via Wikipedia list)
womens-soccer,D1,Kentucky,University of Kentucky,Wildcats,Southeastern Conference,Lexington,Kentucky,Southeast,Public,,https://web3.ncaa.org/directory/memberList?type=12&division=I&sportCode=WSO,NCAA institution directory (via Wikipedia list)
womens-soccer,D1,La Salle,La Salle University,Explorers,Atlantic 10 Conference,Philadelphia,Pennsylvania,Northeast,Private,,https://web3.ncaa.org/directory/memberList?type=12&division=I&sportCode=WSO,NCAA institution directory (via Wikipedia list)
womens-soccer,D1,Lafayette,Lafayette College,Leopards,Patriot League,Easton,Pennsylvania,Northeast,Private,,https://web3.ncaa.org/directory/memberList?type=12&division=I&sportCode=WSO,NCAA institution directory (via Wikipedia list)
womens-soccer,D1,Lamar,Lamar University,Lady Cardinals,Southland Conference,Beaumont,Texas,Southwest,Public,,https://web3.ncaa.org/directory/memberList?type=12&division=I&sportCode=WSO,NCAA institution directory (via Wikipedia list)
womens-soccer,D1,Le Moyne,Le Moyne College,Dolphins,Northeast Conference,Syracuse,New York,Northeast,Private,,https://web3.ncaa.org/directory/memberList?type=12&division=I&sportCode=WSO,NCAA institution directory (via Wikipedia list)
womens-soccer,D1,Lehigh,Lehigh University,Mountain Hawks,Patriot League,Bethlehem,Pennsylvania,Northeast,Private,,https://web3.ncaa.org/directory/memberList?type=12&division=I&sportCode=WSO,NCAA institution directory (via Wikipedia list)
womens-soccer,D1,Liberty,Liberty University,Lady Flames,Conference USA,Lynchburg,Virginia,Southeast,Private,,https://web3.ncaa.org/directory/memberList?type=12&division=I&sportCode=WSO,NCAA institution directory (via Wikipedia list)
womens-soccer,D1,Lindenwood,Lindenwood University,Lions,Ohio Valley Conference,St. Charles,Missouri,Midwest,Private,,https://web3.ncaa.org/directory/memberList?type=12&division=I&sportCode=WSO,NCAA institution directory (via Wikipedia list)
womens-soccer,D1,Lipscomb,Lipscomb University,Bisons,Atlantic Sun Conference,Nashville,Tennessee,Southeast,Private,,https://web3.ncaa.org/directory/memberList?type=12&division=I&sportCode=WSO,NCAA institution directory (via Wikipedia list)
womens-soccer,D1,Little Rock,University of Arkansas at Little Rock,Trojans,United Athletic Conference,Little Rock,Arkansas,Southeast,Public,,https://web3.ncaa.org/directory/memberList?type=12&division=I&sportCode=WSO,NCAA institution directory (via Wikipedia list)
womens-soccer,D1,LIU,Long Island University,Sharks,Northeast Conference,Brookville,New York,Northeast,Private,,https://web3.ncaa.org/directory/memberList?type=12&division=I&sportCode=WSO,NCAA institution directory (via Wikipedia list)
womens-soccer,D1,Long Beach State,"California State University, Long Beach",The Beach,Big West Conference,Long Beach,California,West,Public,,https://web3.ncaa.org/directory/memberList?type=12&division=I&sportCode=WSO,NCAA institution directory (via Wikipedia list)
womens-soccer,D1,Longwood,Longwood University,Lancers,Big South Conference,Farmville,Virginia,Southeast,Public,,https://web3.ncaa.org/directory/memberList?type=12&division=I&sportCode=WSO,NCAA institution directory (via Wikipedia list)
womens-soccer,D1,Louisiana,University of Louisiana at Lafayette,Ragin' Cajuns,Sun Belt Conference,Lafayette,Louisiana,Southeast,Public,,https://web3.ncaa.org/directory/memberList?type=12&division=I&sportCode=WSO,NCAA institution directory (via Wikipedia list)
womens-soccer,D1,Louisiana Tech,Louisiana Tech University,Lady Techsters,Sun Belt Conference,Ruston,Louisiana,Southeast,Public,,https://web3.ncaa.org/directory/memberList?type=12&division=I&sportCode=WSO,NCAA institution directory (via Wikipedia list)
womens-soccer,D1,Louisiana–Monroe,University of Louisiana at Monroe,Warhawks,Sun Belt Conference,Monroe,Louisiana,Southeast,Public,,https://web3.ncaa.org/directory/memberList?type=12&division=I&sportCode=WSO,NCAA institution directory (via Wikipedia list)
womens-soccer,D1,Louisville,University of Louisville,Cardinals,Atlantic Coast Conference,Louisville,Kentucky,Southeast,Public,,https://web3.ncaa.org/directory/memberList?type=12&division=I&sportCode=WSO,NCAA institution directory (via Wikipedia list)
womens-soccer,D1,Loyola Chicago,Loyola University Chicago,Ramblers,Atlantic 10 Conference,Chicago,Illinois,Midwest,Private,,https://web3.ncaa.org/directory/memberList?type=12&division=I&sportCode=WSO,NCAA institution directory (via Wikipedia list)
womens-soccer,D1,Loyola (MD),Loyola University Maryland,Greyhounds,Patriot League,Baltimore,Maryland,Northeast,Private,,https://web3.ncaa.org/directory/memberList?type=12&division=I&sportCode=WSO,NCAA institution directory (via Wikipedia list)
womens-soccer,D1,Loyola Marymount,Loyola Marymount University,Lions,West Coast Conference,Los Angeles,California,West,Private,,https://web3.ncaa.org/directory/memberList?type=12&division=I&sportCode=WSO,NCAA institution directory (via Wikipedia list)
womens-soccer,D1,LSU,Louisiana State University,Tigers,Southeastern Conference,Baton Rouge,Louisiana,Southeast,Public,,https://web3.ncaa.org/directory/memberList?type=12&division=I&sportCode=WSO,NCAA institution directory (via Wikipedia list)
womens-soccer,D1,Maine,University of Maine,Black Bears,America East Conference,Orono,Maine,Northeast,Public,,https://web3.ncaa.org/directory/memberList?type=12&division=I&sportCode=WSO,NCAA institution directory (via Wikipedia list)
womens-soccer,D1,Manhattan,Manhattan University,Jaspers,Metro Atlantic Athletic Conference,"Riverdale (Bronx, New York City)",New York,Northeast,Private,,https://web3.ncaa.org/directory/memberList?type=12&division=I&sportCode=WSO,NCAA institution directory (via Wikipedia list)
womens-soccer,D1,Marist,Marist University,Red Foxes,Metro Atlantic Athletic Conference,Poughkeepsie,New York,Northeast,Private,,https://web3.ncaa.org/directory/memberList?type=12&division=I&sportCode=WSO,NCAA institution directory (via Wikipedia list)
womens-soccer,D1,Marquette,Marquette University,Golden Eagles,Big East Conference,Milwaukee,Wisconsin,Midwest,Private,,https://web3.ncaa.org/directory/memberList?type=12&division=I&sportCode=WSO,NCAA institution directory (via Wikipedia list)
womens-soccer,D1,Marshall,Marshall University,Thundering Herd,Sun Belt Conference,Huntington,West Virginia,Southeast,Public,,https://web3.ncaa.org/directory/memberList?type=12&division=I&sportCode=WSO,NCAA institution directory (via Wikipedia list)
womens-soccer,D1,Maryland,"University of Maryland, College Park",Terrapins,Big Ten Conference,College Park,Maryland,Northeast,Public,,https://web3.ncaa.org/directory/memberList?type=12&division=I&sportCode=WSO,NCAA institution directory (via Wikipedia list)
womens-soccer,D1,McNeese,McNeese State University,Cowgirls,Southland Conference,Lake Charles,Louisiana,Southeast,Public,,https://web3.ncaa.org/directory/memberList?type=12&division=I&sportCode=WSO,NCAA institution directory (via Wikipedia list)
womens-soccer,D1,Memphis,University of Memphis,Tigers,American Conference,Memphis,Tennessee,Southeast,Public,,https://web3.ncaa.org/directory/memberList?type=12&division=I&sportCode=WSO,NCAA institution directory (via Wikipedia list)
womens-soccer,D1,Mercer,Mercer University,Bears,Southern Conference,Macon,Georgia,Southeast,Private,,https://web3.ncaa.org/directory/memberList?type=12&division=I&sportCode=WSO,NCAA institution directory (via Wikipedia list)
womens-soccer,D1,Mercyhurst,Mercyhurst University,Lakers,Northeast Conference,Erie,Pennsylvania,Northeast,Private,,https://web3.ncaa.org/directory/memberList?type=12&division=I&sportCode=WSO,NCAA institution directory (via Wikipedia list)
womens-soccer,D1,Merrimack,Merrimack College,Warriors,Metro Atlantic Athletic Conference,North Andover,Massachusetts,Northeast,Private,,https://web3.ncaa.org/directory/memberList?type=12&division=I&sportCode=WSO,NCAA institution directory (via Wikipedia list)
womens-soccer,D1,Miami (FL),University of Miami,Hurricanes,Atlantic Coast Conference,Coral Gables,Florida,Southeast,Public,,https://web3.ncaa.org/directory/memberList?type=12&division=I&sportCode=WSO,NCAA institution directory (via Wikipedia list)
womens-soccer,D1,Miami (OH),Miami University,RedHawks,Mid-American Conference,Oxford,Ohio,Midwest,Public,,https://web3.ncaa.org/directory/memberList?type=12&division=I&sportCode=WSO,NCAA institution directory (via Wikipedia list)
womens-soccer,D1,Michigan,University of Michigan,Wolverines,Big Ten Conference,Ann Arbor,Michigan,Midwest,Public,,https://web3.ncaa.org/directory/memberList?type=12&division=I&sportCode=WSO,NCAA institution directory (via Wikipedia list)
womens-soccer,D1,Michigan State,Michigan State University,Spartans,Big Ten Conference,East Lansing,Michigan,Midwest,Public,,https://web3.ncaa.org/directory/memberList?type=12&division=I&sportCode=WSO,NCAA institution directory (via Wikipedia list)
womens-soccer,D1,Middle Tennessee,Middle Tennessee State University,Blue Raiders,Conference USA,Murfreesboro,Tennessee,Southeast,Public,,https://web3.ncaa.org/directory/memberList?type=12&division=I&sportCode=WSO,NCAA institution directory (via Wikipedia list)
womens-soccer,D1,Milwaukee,University of Wisconsin–Milwaukee,Panthers,Horizon League,Milwaukee,Wisconsin,Midwest,Public,,https://web3.ncaa.org/directory/memberList?type=12&division=I&sportCode=WSO,NCAA institution directory (via Wikipedia list)
womens-soccer,D1,Minnesota,University of Minnesota,Golden Gophers,Big Ten Conference,Falcon Heights,Minnesota,Midwest,Public,,https://web3.ncaa.org/directory/memberList?type=12&division=I&sportCode=WSO,NCAA institution directory (via Wikipedia list)
womens-soccer,D1,Mississippi State,Mississippi State University,Bulldogs,Southeastern Conference,Mississippi State,Mississippi,Southeast,Public,,https://web3.ncaa.org/directory/memberList?type=12&division=I&sportCode=WSO,NCAA institution directory (via Wikipedia list)
womens-soccer,D1,Missouri,University of Missouri,Tigers,Southeastern Conference,Columbia,Missouri,Midwest,Public,,https://web3.ncaa.org/directory/memberList?type=12&division=I&sportCode=WSO,NCAA institution directory (via Wikipedia list)
womens-soccer,D1,Missouri State,Missouri State University,Lady Bears,Conference USA,Springfield,Missouri,Midwest,Public,,https://web3.ncaa.org/directory/memberList?type=12&division=I&sportCode=WSO,NCAA institution directory (via Wikipedia list)
womens-soccer,D1,Monmouth,Monmouth University,Hawks,Coastal Athletic Association,West Long Branch,New Jersey,Northeast,Private,,https://web3.ncaa.org/directory/memberList?type=12&division=I&sportCode=WSO,NCAA institution directory (via Wikipedia list)
womens-soccer,D1,Montana,University of Montana,"Grizzlies<!--IIRC, ""Lady Griz"" is only used in basketball.-->",Big Sky Conference,Missoula,Montana,West,Public,,https://web3.ncaa.org/directory/memberList?type=12&division=I&sportCode=WSO,NCAA institution directory (via Wikipedia list)
womens-soccer,D1,Morehead State,Morehead State University,Eagles,Ohio Valley Conference,Morehead,Kentucky,Southeast,Public,,https://web3.ncaa.org/directory/memberList?type=12&division=I&sportCode=WSO,NCAA institution directory (via Wikipedia list)
womens-soccer,D1,Mount St. Mary's,Mount St. Mary's University,Mountaineers,Metro Atlantic Athletic Conference,Emmitsburg,Maryland,Northeast,Private,,https://web3.ncaa.org/directory/memberList?type=12&division=I&sportCode=WSO,NCAA institution directory (via Wikipedia list)
womens-soccer,D1,Murray State,Murray State University,Racers,Missouri Valley Conference,Murray,Kentucky,Southeast,Public,,https://web3.ncaa.org/directory/memberList?type=12&division=I&sportCode=WSO,NCAA institution directory (via Wikipedia list)
womens-soccer,D1,Navy,United States Naval Academy,Midshipmen,Patriot League,Annapolis,Maryland,Northeast,,Service Academy,https://web3.ncaa.org/directory/memberList?type=12&division=I&sportCode=WSO,NCAA institution directory (via Wikipedia list)
womens-soccer,D1,NC State,North Carolina State University,Wolfpack,Atlantic Coast Conference,Raleigh,North Carolina,Southeast,Public,,https://web3.ncaa.org/directory/memberList?type=12&division=I&sportCode=WSO,NCAA institution directory (via Wikipedia list)
womens-soccer,D1,Nebraska,University of Nebraska–Lincoln,Cornhuskers,Big Ten Conference,Lincoln,Nebraska,Midwest,Public,,https://web3.ncaa.org/directory/memberList?type=12&division=I&sportCode=WSO,NCAA institution directory (via Wikipedia list)
womens-soccer,D1,Nevada,"University of Nevada, Reno",Wolf Pack,Mountain West Conference,Reno,Nevada,West,Public,,https://web3.ncaa.org/directory/memberList?type=12&division=I&sportCode=WSO,NCAA institution directory (via Wikipedia list)
womens-soccer,D1,New Hampshire,University of New Hampshire,Wildcats,America East Conference,Durham,New Hampshire,Northeast,Public,,https://web3.ncaa.org/directory/memberList?type=12&division=I&sportCode=WSO,NCAA institution directory (via Wikipedia list)
womens-soccer,D1,New Haven,University of New Haven,Chargers,Northeast Conference,West Haven,Connecticut,Northeast,Private,,https://web3.ncaa.org/directory/memberList?type=12&division=I&sportCode=WSO,NCAA institution directory (via Wikipedia list)
womens-soccer,D1,New Mexico,University of New Mexico,Lobos,Mountain West Conference,Albuquerque,New Mexico,Southwest,Public,,https://web3.ncaa.org/directory/memberList?type=12&division=I&sportCode=WSO,NCAA institution directory (via Wikipedia list)
womens-soccer,D1,New Mexico State,New Mexico State University,Aggies,Conference USA,Las Cruces,New Mexico,Southwest,Public,,https://web3.ncaa.org/directory/memberList?type=12&division=I&sportCode=WSO,NCAA institution directory (via Wikipedia list)
womens-soccer,D1,Niagara,Niagara University,Purple Eagles,Metro Atlantic Athletic Conference,Niagara University,New York,Northeast,Private,,https://web3.ncaa.org/directory/memberList?type=12&division=I&sportCode=WSO,NCAA institution directory (via Wikipedia list)
womens-soccer,D1,Nicholls,Nicholls State University,Colonels,Southland Conference,Thibodaux,Louisiana,Southeast,Public,,https://web3.ncaa.org/directory/memberList?type=12&division=I&sportCode=WSO,NCAA institution directory (via Wikipedia list)
womens-soccer,D1,NJIT,New Jersey Institute of Technology,Highlanders,America East Conference,Newark,New Jersey,Northeast,Public,,https://web3.ncaa.org/directory/memberList?type=12&division=I&sportCode=WSO,NCAA institution directory (via Wikipedia list)
womens-soccer,D1,North Alabama,University of North Alabama,Lions,United Athletic Conference,Florence,Alabama,Southeast,Public,,https://web3.ncaa.org/directory/memberList?type=12&division=I&sportCode=WSO,NCAA institution directory (via Wikipedia list)
womens-soccer,D1,North Carolina,University of North Carolina at Chapel Hill,Tar Heels,Atlantic Coast Conference,Chapel Hill,North Carolina,Southeast,Public,,https://web3.ncaa.org/directory/memberList?type=12&division=I&sportCode=WSO,NCAA institution directory (via Wikipedia list)
womens-soccer,D1,North Dakota,University of North Dakota,Fighting Hawks,Summit League,Grand Forks,North Dakota,Midwest,Public,,https://web3.ncaa.org/directory/memberList?type=12&division=I&sportCode=WSO,NCAA institution directory (via Wikipedia list)
womens-soccer,D1,North Dakota State,North Dakota State University,Bison,Summit League,Fargo,North Dakota,Midwest,Public,,https://web3.ncaa.org/directory/memberList?type=12&division=I&sportCode=WSO,NCAA institution directory (via Wikipedia list)
womens-soccer,D1,North Florida,University of North Florida,Ospreys,Atlantic Sun Conference,Jacksonville,Florida,Southeast,Public,,https://web3.ncaa.org/directory/memberList?type=12&division=I&sportCode=WSO,NCAA institution directory (via Wikipedia list)
womens-soccer,D1,North Texas,University of North Texas,Mean Green,American Conference,Denton,Texas,Southwest,Public,,https://web3.ncaa.org/directory/memberList?type=12&division=I&sportCode=WSO,NCAA institution directory (via Wikipedia list)
womens-soccer,D1,Northeastern,Northeastern University,Huskies,Coastal Athletic Association,Boston,Massachusetts,Northeast,Private,,https://web3.ncaa.org/directory/memberList?type=12&division=I&sportCode=WSO,NCAA institution directory (via Wikipedia list)
womens-soccer,D1,Northern Arizona,Northern Arizona University,Lumberjacks,Big Sky Conference,Flagstaff,Arizona,Southwest,Public,,https://web3.ncaa.org/directory/memberList?type=12&division=I&sportCode=WSO,NCAA institution directory (via Wikipedia list)
womens-soccer,D1,Northern Colorado,University of Northern Colorado,Bears,Big Sky Conference,Greeley,Colorado,West,Public,,https://web3.ncaa.org/directory/memberList?type=12&division=I&sportCode=WSO,NCAA institution directory (via Wikipedia list)
womens-soccer,D1,Northern Illinois,Northern Illinois University,Huskies,Horizon League,DeKalb,Illinois,Midwest,Public,,https://web3.ncaa.org/directory/memberList?type=12&division=I&sportCode=WSO,NCAA institution directory (via Wikipedia list)
womens-soccer,D1,Northern Iowa,University of Northern Iowa,Panthers,Missouri Valley Conference,Cedar Falls,Iowa,Midwest,Public,,https://web3.ncaa.org/directory/memberList?type=12&division=I&sportCode=WSO,NCAA institution directory (via Wikipedia list)
womens-soccer,D1,Northern Kentucky,Northern Kentucky University,Norse,Horizon League,Highland Heights,Kentucky,Southeast,Public,,https://web3.ncaa.org/directory/memberList?type=12&division=I&sportCode=WSO,NCAA institution directory (via Wikipedia list)
womens-soccer,D1,Northwestern,Northwestern University,Wildcats,Big Ten Conference,Evanston,Illinois,Midwest,Private,,https://web3.ncaa.org/directory/memberList?type=12&division=I&sportCode=WSO,NCAA institution directory (via Wikipedia list)
womens-soccer,D1,Northwestern State,Northwestern State University,Lady Demons,Southland Conference,Natchitoches,Louisiana,Southeast,Public,,https://web3.ncaa.org/directory/memberList?type=12&division=I&sportCode=WSO,NCAA institution directory (via Wikipedia list)
womens-soccer,D1,Notre Dame,University of Notre Dame,Fighting Irish,Atlantic Coast Conference,Notre Dame,Indiana,Midwest,Private,,https://web3.ncaa.org/directory/memberList?type=12&division=I&sportCode=WSO,NCAA institution directory (via Wikipedia list)
womens-soccer,D1,Oakland,Oakland University,Golden Grizzlies,Horizon League,Rochester,Michigan,Midwest,Public,,https://web3.ncaa.org/directory/memberList?type=12&division=I&sportCode=WSO,NCAA institution directory (via Wikipedia list)
womens-soccer,D1,Ohio,Ohio University,Bobcats,Mid-American Conference,Athens,Ohio,Midwest,Public,,https://web3.ncaa.org/directory/memberList?type=12&division=I&sportCode=WSO,NCAA institution directory (via Wikipedia list)
womens-soccer,D1,Ohio State,Ohio State University,Buckeyes,Big Ten Conference,Columbus,Ohio,Midwest,Public,,https://web3.ncaa.org/directory/memberList?type=12&division=I&sportCode=WSO,NCAA institution directory (via Wikipedia list)
womens-soccer,D1,Oklahoma,University of Oklahoma,Sooners,Southeastern Conference,Norman,Oklahoma,Southwest,Public,,https://web3.ncaa.org/directory/memberList?type=12&division=I&sportCode=WSO,NCAA institution directory (via Wikipedia list)
womens-soccer,D1,Oklahoma State,Oklahoma State University,Cowgirls,Big 12 Conference,Stillwater,Oklahoma,Southwest,Public,,https://web3.ncaa.org/directory/memberList?type=12&division=I&sportCode=WSO,NCAA institution directory (via Wikipedia list)
womens-soccer,D1,Old Dominion,Old Dominion University,Monarchs,Sun Belt Conference,Norfolk,Virginia,Southeast,Public,,https://web3.ncaa.org/directory/memberList?type=12&division=I&sportCode=WSO,NCAA institution directory (via Wikipedia list)
womens-soccer,D1,Ole Miss,University of Mississippi,Rebels,Southeastern Conference,University,Mississippi,Southeast,Public,,https://web3.ncaa.org/directory/memberList?type=12&division=I&sportCode=WSO,NCAA institution directory (via Wikipedia list)
womens-soccer,D1,Omaha,University of Nebraska Omaha,Mavericks,Summit League,Omaha,Nebraska,Midwest,Public,,https://web3.ncaa.org/directory/memberList?type=12&division=I&sportCode=WSO,NCAA institution directory (via Wikipedia list)
womens-soccer,D1,Oral Roberts,Oral Roberts University,Golden Eagles,Summit League,Tulsa,Oklahoma,Southwest,Private,,https://web3.ncaa.org/directory/memberList?type=12&division=I&sportCode=WSO,NCAA institution directory (via Wikipedia list)
womens-soccer,D1,Oregon,University of Oregon,Ducks,Big Ten Conference,Eugene,Oregon,West,Public,,https://web3.ncaa.org/directory/memberList?type=12&division=I&sportCode=WSO,NCAA institution directory (via Wikipedia list)
womens-soccer,D1,Oregon State,Oregon State University,Beavers,Pac-12 Conference,Corvallis,Oregon,West,Public,,https://web3.ncaa.org/directory/memberList?type=12&division=I&sportCode=WSO,NCAA institution directory (via Wikipedia list)
womens-soccer,D1,Pacific,University of the Pacific,Tigers,West Coast Conference,Stockton,California,West,Private,,https://web3.ncaa.org/directory/memberList?type=12&division=I&sportCode=WSO,NCAA institution directory (via Wikipedia list)
womens-soccer,D1,Penn,University of Pennsylvania,Quakers,Ivy League,Philadelphia,Pennsylvania,Northeast,Private,,https://web3.ncaa.org/directory/memberList?type=12&division=I&sportCode=WSO,NCAA institution directory (via Wikipedia list)
womens-soccer,D1,Penn State,Pennsylvania State University,Nittany Lions,Big Ten Conference,University Park,Pennsylvania,Northeast,Public,,https://web3.ncaa.org/directory/memberList?type=12&division=I&sportCode=WSO,NCAA institution directory (via Wikipedia list)
womens-soccer,D1,Pepperdine,Pepperdine University,Waves,West Coast Conference,Malibu,California,West,Private,,https://web3.ncaa.org/directory/memberList?type=12&division=I&sportCode=WSO,NCAA institution directory (via Wikipedia list)
womens-soccer,D1,Pittsburgh,University of Pittsburgh,Panthers,Atlantic Coast Conference,Pittsburgh,Pennsylvania,Northeast,Public,,https://web3.ncaa.org/directory/memberList?type=12&division=I&sportCode=WSO,NCAA institution directory (via Wikipedia list)
womens-soccer,D1,Portland,University of Portland,Pilots,West Coast Conference,Portland,Oregon,West,Private,,https://web3.ncaa.org/directory/memberList?type=12&division=I&sportCode=WSO,NCAA institution directory (via Wikipedia list)
womens-soccer,D1,Portland State,Portland State University,Vikings,Big Sky Conference,Portland,Oregon,West,Public,,https://web3.ncaa.org/directory/memberList?type=12&division=I&sportCode=WSO,NCAA institution directory (via Wikipedia list)
womens-soccer,D1,Prairie View A&M,Prairie View A&M University,Lady Panthers,Southwestern Athletic Conference,Prairie View,Texas,Southwest,Public,,https://web3.ncaa.org/directory/memberList?type=12&division=I&sportCode=WSO,NCAA institution directory (via Wikipedia list)
womens-soccer,D1,Presbyterian,Presbyterian College,Blue Hose,Big South Conference,Clinton,South Carolina,Southeast,Private,,https://web3.ncaa.org/directory/memberList?type=12&division=I&sportCode=WSO,NCAA institution directory (via Wikipedia list)
womens-soccer,D1,Princeton,Princeton University,Tigers,Ivy League,Princeton,New Jersey,Northeast,Private,,https://web3.ncaa.org/directory/memberList?type=12&division=I&sportCode=WSO,NCAA institution directory (via Wikipedia list)
womens-soccer,D1,Providence,Providence College,Friars,Big East Conference,Providence,Rhode Island,Northeast,Private,,https://web3.ncaa.org/directory/memberList?type=12&division=I&sportCode=WSO,NCAA institution directory (via Wikipedia list)
womens-soccer,D1,Purdue,Purdue University,Boilermakers,Big Ten Conference,West Lafayette,Indiana,Midwest,Public,,https://web3.ncaa.org/directory/memberList?type=12&division=I&sportCode=WSO,NCAA institution directory (via Wikipedia list)
womens-soccer,D1,Purdue Fort Wayne,Purdue University Fort Wayne,Mastodons,Horizon League,Fort Wayne,Indiana,Midwest,Public,,https://web3.ncaa.org/directory/memberList?type=12&division=I&sportCode=WSO,NCAA institution directory (via Wikipedia list)
womens-soccer,D1,Queens,Queens University of Charlotte,Royals,Atlantic Sun Conference,Charlotte,North Carolina,Southeast,Private,,https://web3.ncaa.org/directory/memberList?type=12&division=I&sportCode=WSO,NCAA institution directory (via Wikipedia list)
womens-soccer,D1,Quinnipiac,Quinnipiac University,Bobcats,Metro Atlantic Athletic Conference,Hamden,Connecticut,Northeast,Private,,https://web3.ncaa.org/directory/memberList?type=12&division=I&sportCode=WSO,NCAA institution directory (via Wikipedia list)
womens-soccer,D1,Radford,Radford University,Highlanders,Big South Conference,Radford,Virginia,Southeast,Public,,https://web3.ncaa.org/directory/memberList?type=12&division=I&sportCode=WSO,NCAA institution directory (via Wikipedia list)
womens-soccer,D1,Rhode Island,University of Rhode Island,Rams,Atlantic 10 Conference,Kingston,Rhode Island,Northeast,Public,,https://web3.ncaa.org/directory/memberList?type=12&division=I&sportCode=WSO,NCAA institution directory (via Wikipedia list)
womens-soccer,D1,Rice,Rice University,Owls,American Conference,Houston,Texas,Southwest,Private,,https://web3.ncaa.org/directory/memberList?type=12&division=I&sportCode=WSO,NCAA institution directory (via Wikipedia list)
womens-soccer,D1,Richmond,University of Richmond,Spiders,Atlantic 10 Conference,Richmond,Virginia,Southeast,Private,,https://web3.ncaa.org/directory/memberList?type=12&division=I&sportCode=WSO,NCAA institution directory (via Wikipedia list)
womens-soccer,D1,Rider,Rider University,Broncs,Metro Atlantic Athletic Conference,Lawrenceville,New Jersey,Northeast,Private,,https://web3.ncaa.org/directory/memberList?type=12&division=I&sportCode=WSO,NCAA institution directory (via Wikipedia list)
womens-soccer,D1,Robert Morris,Robert Morris University,Colonials,Horizon League,Moon Township,Pennsylvania,Northeast,Private,,https://web3.ncaa.org/directory/memberList?type=12&division=I&sportCode=WSO,NCAA institution directory (via Wikipedia list)
womens-soccer,D1,Rutgers,Rutgers University–New Brunswick,Scarlet Knights,Big Ten Conference,Piscataway,New Jersey,Northeast,Public,,https://web3.ncaa.org/directory/memberList?type=12&division=I&sportCode=WSO,NCAA institution directory (via Wikipedia list)
womens-soccer,D1,Sacramento State,"California State University, Sacramento",Hornets,Big West Conference,Sacramento,California,West,Public,,https://web3.ncaa.org/directory/memberList?type=12&division=I&sportCode=WSO,NCAA institution directory (via Wikipedia list)
womens-soccer,D1,Sacred Heart,Sacred Heart University,Pioneers,Metro Atlantic Athletic Conference,Fairfield,Connecticut,Northeast,Private,,https://web3.ncaa.org/directory/memberList?type=12&division=I&sportCode=WSO,NCAA institution directory (via Wikipedia list)
womens-soccer,D1,St. Bonaventure,St. Bonaventure University,Bonnies,Atlantic 10 Conference,St. Bonaventure,New York,Northeast,Private,,https://web3.ncaa.org/directory/memberList?type=12&division=I&sportCode=WSO,NCAA institution directory (via Wikipedia list)
womens-soccer,D1,St. John's,St. John's University,Red Storm,Big East Conference,Jamaica,New York,Northeast,Private,,https://web3.ncaa.org/directory/memberList?type=12&division=I&sportCode=WSO,NCAA institution directory (via Wikipedia list)
womens-soccer,D1,Saint Joseph's,Saint Joseph's University,Hawks,Atlantic 10 Conference,Philadelphia,Pennsylvania,Northeast,Private,,https://web3.ncaa.org/directory/memberList?type=12&division=I&sportCode=WSO,NCAA institution directory (via Wikipedia list)
womens-soccer,D1,Saint Louis,Saint Louis University,Billikens,Atlantic 10 Conference,St. Louis,Missouri,Midwest,Private,,https://web3.ncaa.org/directory/memberList?type=12&division=I&sportCode=WSO,NCAA institution directory (via Wikipedia list)
womens-soccer,D1,Saint Mary's,Saint Mary's College of California,Gaels,West Coast Conference,Moraga,California,West,Private,,https://web3.ncaa.org/directory/memberList?type=12&division=I&sportCode=WSO,NCAA institution directory (via Wikipedia list)
womens-soccer,D1,Saint Peter's,Saint Peter's University,Peacocks,Metro Atlantic Athletic Conference,Jersey City,New Jersey,Northeast,Private,,https://web3.ncaa.org/directory/memberList?type=12&division=I&sportCode=WSO,NCAA institution directory (via Wikipedia list)
womens-soccer,D1,St. Thomas,University of St. Thomas,Tommies,Summit League,Saint Paul,Minnesota,Midwest,Private,,https://web3.ncaa.org/directory/memberList?type=12&division=I&sportCode=WSO,NCAA institution directory (via Wikipedia list)
womens-soccer,D1,Sam Houston,Sam Houston State University,Bearkats,Conference USA,Huntsville,Texas,Southwest,Public,,https://web3.ncaa.org/directory/memberList?type=12&division=I&sportCode=WSO,NCAA institution directory (via Wikipedia list)
womens-soccer,D1,Samford,Samford University,Bulldogs,Southern Conference,Homewood,Alabama,Southeast,Private,,https://web3.ncaa.org/directory/memberList?type=12&division=I&sportCode=WSO,NCAA institution directory (via Wikipedia list)
womens-soccer,D1,San Diego,University of San Diego,Toreros,West Coast Conference,San Diego,California,West,Private,,https://web3.ncaa.org/directory/memberList?type=12&division=I&sportCode=WSO,NCAA institution directory (via Wikipedia list)
womens-soccer,D1,San Diego State,San Diego State University,Aztecs,Pac-12 Conference,San Diego,California,West,Public,,https://web3.ncaa.org/directory/memberList?type=12&division=I&sportCode=WSO,NCAA institution directory (via Wikipedia list)
womens-soccer,D1,San Francisco,University of San Francisco,Dons,West Coast Conference,San Francisco,California,West,Private,,https://web3.ncaa.org/directory/memberList?type=12&division=I&sportCode=WSO,NCAA institution directory (via Wikipedia list)
womens-soccer,D1,San Jose State,San Jose State University,Spartans,Mountain West Conference,San Jose,California,West,Public,,https://web3.ncaa.org/directory/memberList?type=12&division=I&sportCode=WSO,NCAA institution directory (via Wikipedia list)
womens-soccer,D1,Santa Clara,Santa Clara University,Broncos,West Coast Conference,Santa Clara,California,West,Private,,https://web3.ncaa.org/directory/memberList?type=12&division=I&sportCode=WSO,NCAA institution directory (via Wikipedia list)
womens-soccer,D1,Seattle,Seattle University,Redhawks,West Coast Conference,Seattle,Washington,West,Private,,https://web3.ncaa.org/directory/memberList?type=12&division=I&sportCode=WSO,NCAA institution directory (via Wikipedia list)
womens-soccer,D1,Seton Hall,Seton Hall University,Pirates,Big East Conference,South Orange,New Jersey,Northeast,Private,,https://web3.ncaa.org/directory/memberList?type=12&division=I&sportCode=WSO,NCAA institution directory (via Wikipedia list)
womens-soccer,D1,Siena,Siena University,Saints,Metro Atlantic Athletic Conference,Loudonville,New York,Northeast,Private,,https://web3.ncaa.org/directory/memberList?type=12&division=I&sportCode=WSO,NCAA institution directory (via Wikipedia list)
womens-soccer,D1,SIU Edwardsville,Southern Illinois University Edwardsville,Cougars,Ohio Valley Conference,Edwardsville,Illinois,Midwest,Public,,https://web3.ncaa.org/directory/memberList?type=12&division=I&sportCode=WSO,NCAA institution directory (via Wikipedia list)
womens-soccer,D1,SMU,Southern Methodist University,Mustangs,Atlantic Coast Conference,Dallas,Texas,Southwest,Private,,https://web3.ncaa.org/directory/memberList?type=12&division=I&sportCode=WSO,NCAA institution directory (via Wikipedia list)
womens-soccer,D1,South Alabama,University of South Alabama,Jaguars,Sun Belt Conference,Mobile,Alabama,Southeast,Public,,https://web3.ncaa.org/directory/memberList?type=12&division=I&sportCode=WSO,NCAA institution directory (via Wikipedia list)
womens-soccer,D1,South Carolina,University of South Carolina,Gamecocks,Southeastern Conference,Columbia,South Carolina,Southeast,Public,,https://web3.ncaa.org/directory/memberList?type=12&division=I&sportCode=WSO,NCAA institution directory (via Wikipedia list)
womens-soccer,D1,South Carolina State,South Carolina State University,Lady Bulldogs,Independent,Orangeburg,South Carolina,Southeast,Public,,https://web3.ncaa.org/directory/memberList?type=12&division=I&sportCode=WSO,NCAA institution directory (via Wikipedia list)
womens-soccer,D1,South Dakota,University of South Dakota,Coyotes,Summit League,Vermillion,South Dakota,Midwest,Public,,https://web3.ncaa.org/directory/memberList?type=12&division=I&sportCode=WSO,NCAA institution directory (via Wikipedia list)
womens-soccer,D1,South Dakota State,South Dakota State University,Jackrabbits,Summit League,Brookings,South Dakota,Midwest,Public,,https://web3.ncaa.org/directory/memberList?type=12&division=I&sportCode=WSO,NCAA institution directory (via Wikipedia list)
womens-soccer,D1,South Florida,University of South Florida,Bulls,American Conference,Tampa,Florida,Southeast,Public,,https://web3.ncaa.org/directory/memberList?type=12&division=I&sportCode=WSO,NCAA institution directory (via Wikipedia list)
womens-soccer,D1,Southeast Missouri State,Southeast Missouri State University,Redhawks,Ohio Valley Conference,Cape Girardeau,Missouri,Midwest,Public,,https://web3.ncaa.org/directory/memberList?type=12&division=I&sportCode=WSO,NCAA institution directory (via Wikipedia list)
womens-soccer,D1,Southeastern Louisiana,Southeastern Louisiana University,Lady Lions,Southland Conference,Hammond,Louisiana,Southeast,Public,,https://web3.ncaa.org/directory/memberList?type=12&division=I&sportCode=WSO,NCAA institution directory (via Wikipedia list)
womens-soccer,D1,Southern,Southern University,Lady Jaguars,Southwestern Athletic Conference,Baton Rouge,Louisiana,Southeast,Public,,https://web3.ncaa.org/directory/memberList?type=12&division=I&sportCode=WSO,NCAA institution directory (via Wikipedia list)
womens-soccer,D1,Southern Illinois,Southern Illinois University Carbondale,Salukis,Missouri Valley Conference,Carbondale,Illinois,Midwest,Public,,https://web3.ncaa.org/directory/memberList?type=12&division=I&sportCode=WSO,NCAA institution directory (via Wikipedia list)
womens-soccer,D1,Southern Indiana,University of Southern Indiana,Screaming Eagles,Ohio Valley Conference,Evansville,Indiana,Midwest,Public,,https://web3.ncaa.org/directory/memberList?type=12&division=I&sportCode=WSO,NCAA institution directory (via Wikipedia list)
womens-soccer,D1,Southern Miss,University of Southern Mississippi,Lady Eagles,Sun Belt Conference,Hattiesburg,Mississippi,Southeast,Public,,https://web3.ncaa.org/directory/memberList?type=12&division=I&sportCode=WSO,NCAA institution directory (via Wikipedia list)
womens-soccer,D1,Southern Utah,Southern Utah University,Thunderbirds,Big Sky Conference,Cedar City,Utah,West,Public,,https://web3.ncaa.org/directory/memberList?type=12&division=I&sportCode=WSO,NCAA institution directory (via Wikipedia list)
womens-soccer,D1,Stanford,Stanford University,Cardinal,Atlantic Coast Conference,Stanford,California,West,Private,,https://web3.ncaa.org/directory/memberList?type=12&division=I&sportCode=WSO,NCAA institution directory (via Wikipedia list)
womens-soccer,D1,Stephen F. Austin,Stephen F. Austin State University,Ladyjacks,Southland Conference,Nacogdoches,Texas,Southwest,Public,,https://web3.ncaa.org/directory/memberList?type=12&division=I&sportCode=WSO,NCAA institution directory (via Wikipedia list)
womens-soccer,D1,Stetson,Stetson University,Hatters,Atlantic Sun Conference,DeLand,Florida,Southeast,Private,,https://web3.ncaa.org/directory/memberList?type=12&division=I&sportCode=WSO,NCAA institution directory (via Wikipedia list)
womens-soccer,D1,Stonehill,Stonehill College,Skyhawks,Northeast Conference,Easton,Massachusetts,Northeast,Private,,https://web3.ncaa.org/directory/memberList?type=12&division=I&sportCode=WSO,NCAA institution directory (via Wikipedia list)
womens-soccer,D1,Stony Brook,Stony Brook University,Seawolves,Coastal Athletic Association,Stony Brook,New York,Northeast,Public,,https://web3.ncaa.org/directory/memberList?type=12&division=I&sportCode=WSO,NCAA institution directory (via Wikipedia list)
womens-soccer,D1,Syracuse,Syracuse University,Orange,Atlantic Coast Conference,Syracuse,New York,Northeast,Private,,https://web3.ncaa.org/directory/memberList?type=12&division=I&sportCode=WSO,NCAA institution directory (via Wikipedia list)
womens-soccer,D1,Tarleton State,Tarleton State University,Texans,United Athletic Conference,Stephenville,Texas,Southwest,Public,,https://web3.ncaa.org/directory/memberList?type=12&division=I&sportCode=WSO,NCAA institution directory (via Wikipedia list)
womens-soccer,D1,TCU,Texas Christian University,Horned Frogs,Big 12 Conference,Fort Worth,Texas,Southwest,Private,,https://web3.ncaa.org/directory/memberList?type=12&division=I&sportCode=WSO,NCAA institution directory (via Wikipedia list)
womens-soccer,D1,Temple,Temple University,Owls,American Conference,Philadelphia,Pennsylvania,Northeast,Public,,https://web3.ncaa.org/directory/memberList?type=12&division=I&sportCode=WSO,NCAA institution directory (via Wikipedia list)
womens-soccer,D1,Tennessee,University of Tennessee,"Volunteers<!--Tennessee began allowing women's teams to use ""Lady Volunteers"" again in 2017–18, after a few years in which only basketball used that nickname. Basketball and softball now use ""Lady"".-->",Southeastern Conference,Knoxville,Tennessee,Southeast,Public,,https://web3.ncaa.org/directory/memberList?type=12&division=I&sportCode=WSO,NCAA institution directory (via Wikipedia list)
womens-soccer,D1,Tennessee Tech,Tennessee Technological University,Golden Eagles,Southern Conference,Cookeville,Tennessee,Southeast,Public,,https://web3.ncaa.org/directory/memberList?type=12&division=I&sportCode=WSO,NCAA institution directory (via Wikipedia list)
womens-soccer,D1,Texas,University of Texas at Austin,Longhorns,Southeastern Conference,Austin,Texas,Southwest,Public,,https://web3.ncaa.org/directory/memberList?type=12&division=I&sportCode=WSO,NCAA institution directory (via Wikipedia list)
womens-soccer,D1,Texas A&M,Texas A&M University,Aggies,Southeastern Conference,College Station,Texas,Southwest,Public,,https://web3.ncaa.org/directory/memberList?type=12&division=I&sportCode=WSO,NCAA institution directory (via Wikipedia list)
womens-soccer,D1,Texas A&M–Corpus Christi,Texas A&M University–Corpus Christi,Islanders,Southland Conference,Corpus Christi,Texas,Southwest,Public,,https://web3.ncaa.org/directory/memberList?type=12&division=I&sportCode=WSO,NCAA institution directory (via Wikipedia list)
womens-soccer,D1,Texas Southern,Texas Southern University,Tigers,Southwestern Athletic Conference,Houston,Texas,Southwest,Public,,https://web3.ncaa.org/directory/memberList?type=12&division=I&sportCode=WSO,NCAA institution directory (via Wikipedia list)
womens-soccer,D1,Texas State,Texas State University,Bobcats,Pac-12 Conference,San Marcos,Texas,Southwest,Public,,https://web3.ncaa.org/directory/memberList?type=12&division=I&sportCode=WSO,NCAA institution directory (via Wikipedia list)
womens-soccer,D1,Texas Tech,Texas Tech University,"Red Raiders<!--Texas Tech uses ""Lady Raiders"" in sports that have men's and women's teams. The school sponsors varsity soccer only for women.-->",Big 12 Conference,Lubbock,Texas,Southwest,Public,,https://web3.ncaa.org/directory/memberList?type=12&division=I&sportCode=WSO,NCAA institution directory (via Wikipedia list)
womens-soccer,D1,The Citadel,The Citadel,Bulldogs,Southern Conference,Charleston,South Carolina,Southeast,Public,,https://web3.ncaa.org/directory/memberList?type=12&division=I&sportCode=WSO,NCAA institution directory (via Wikipedia list)
womens-soccer,D1,Toledo,University of Toledo,Rockets,Mid-American Conference,Toledo,Ohio,Midwest,Public,,https://web3.ncaa.org/directory/memberList?type=12&division=I&sportCode=WSO,NCAA institution directory (via Wikipedia list)
womens-soccer,D1,Towson,Towson University,Tigers,Coastal Athletic Association,Towson,Maryland,Northeast,Public,,https://web3.ncaa.org/directory/memberList?type=12&division=I&sportCode=WSO,NCAA institution directory (via Wikipedia list)
womens-soccer,D1,Troy,Troy University,Trojans,Sun Belt Conference,Troy,Alabama,Southeast,Public,,https://web3.ncaa.org/directory/memberList?type=12&division=I&sportCode=WSO,NCAA institution directory (via Wikipedia list)
womens-soccer,D1,Tulsa,University of Tulsa,Golden Hurricane,American Conference,Tulsa,Oklahoma,Southwest,Private,,https://web3.ncaa.org/directory/memberList?type=12&division=I&sportCode=WSO,NCAA institution directory (via Wikipedia list)
womens-soccer,D1,UAB,University of Alabama at Birmingham,Blazers,American Conference,Birmingham,Alabama,Southeast,Public,,https://web3.ncaa.org/directory/memberList?type=12&division=I&sportCode=WSO,NCAA institution directory (via Wikipedia list)
womens-soccer,D1,UC Davis,"University of California, Davis",Aggies,Mountain West Conference,Davis,California,West,Public,,https://web3.ncaa.org/directory/memberList?type=12&division=I&sportCode=WSO,NCAA institution directory (via Wikipedia list)
womens-soccer,D1,UC Irvine,"University of California, Irvine",Anteaters,Big West Conference,Irvine,California,West,Public,,https://web3.ncaa.org/directory/memberList?type=12&division=I&sportCode=WSO,NCAA institution directory (via Wikipedia list)
womens-soccer,D1,UC Riverside,"University of California, Riverside",Highlanders,Big West Conference,Riverside,California,West,Public,,https://web3.ncaa.org/directory/memberList?type=12&division=I&sportCode=WSO,NCAA institution directory (via Wikipedia list)
womens-soccer,D1,UC San Diego,"University of California, San Diego",Tritons,Big West Conference,La Jolla (San Diego),California,West,Public,,https://web3.ncaa.org/directory/memberList?type=12&division=I&sportCode=WSO,NCAA institution directory (via Wikipedia list)
womens-soccer,D1,UC Santa Barbara,"University of California, Santa Barbara",Gauchos,Big West Conference,Santa Barbara,California,West,Public,,https://web3.ncaa.org/directory/memberList?type=12&division=I&sportCode=WSO,NCAA institution directory (via Wikipedia list)
womens-soccer,D1,UCF,University of Central Florida,Knights,Big 12 Conference,Orlando,Florida,Southeast,Public,,https://web3.ncaa.org/directory/memberList?type=12&division=I&sportCode=WSO,NCAA institution directory (via Wikipedia list)
womens-soccer,D1,UCLA,"University of California, Los Angeles",Bruins,Big Ten Conference,Los Angeles,California,West,Public,,https://web3.ncaa.org/directory/memberList?type=12&division=I&sportCode=WSO,NCAA institution directory (via Wikipedia list)
womens-soccer,D1,UConn,University of Connecticut,Huskies,Big East Conference,Storrs,Connecticut,Northeast,Public,,https://web3.ncaa.org/directory/memberList?type=12&division=I&sportCode=WSO,NCAA institution directory (via Wikipedia list)
womens-soccer,D1,UIC,University of Illinois Chicago,Flames,Missouri Valley Conference,Chicago,Illinois,Midwest,Public,,https://web3.ncaa.org/directory/memberList?type=12&division=I&sportCode=WSO,NCAA institution directory (via Wikipedia list)
womens-soccer,D1,UMass,University of Massachusetts Amherst,Minutewomen,Mid-American Conference,Amherst,Massachusetts,Northeast,Public,,https://web3.ncaa.org/directory/memberList?type=12&division=I&sportCode=WSO,NCAA institution directory (via Wikipedia list)
womens-soccer,D1,UMass Lowell,University of Massachusetts Lowell,River Hawks,America East Conference,Lowell,Massachusetts,Northeast,Public,,https://web3.ncaa.org/directory/memberList?type=12&division=I&sportCode=WSO,NCAA institution directory (via Wikipedia list)
womens-soccer,D1,UMBC,"University of Maryland, Baltimore County",Retrievers,America East Conference,Catonsville,Maryland,Northeast,Public,,https://web3.ncaa.org/directory/memberList?type=12&division=I&sportCode=WSO,NCAA institution directory (via Wikipedia list)
womens-soccer,D1,UNC Asheville,University of North Carolina at Asheville,Bulldogs,Big South Conference,Asheville,North Carolina,Southeast,Public,,https://web3.ncaa.org/directory/memberList?type=12&division=I&sportCode=WSO,NCAA institution directory (via Wikipedia list)
womens-soccer,D1,UNC Greensboro,University of North Carolina at Greensboro,Spartans,Southern Conference,Greensboro,North Carolina,Southeast,Public,,https://web3.ncaa.org/directory/memberList?type=12&division=I&sportCode=WSO,NCAA institution directory (via Wikipedia list)
womens-soccer,D1,UNC Wilmington,University of North Carolina Wilmington,Seahawks,Coastal Athletic Association,Wilmington,North Carolina,Southeast,Public,,https://web3.ncaa.org/directory/memberList?type=12&division=I&sportCode=WSO,NCAA institution directory (via Wikipedia list)
womens-soccer,D1,UNLV,"University of Nevada, Las Vegas",Rebels,Mountain West Conference,Las Vegas,Nevada,West,Public,,https://web3.ncaa.org/directory/memberList?type=12&division=I&sportCode=WSO,NCAA institution directory (via Wikipedia list)
womens-soccer,D1,USC,University of Southern California,Trojans,Big Ten Conference,Los Angeles,California,West,Private,,https://web3.ncaa.org/directory/memberList?type=12&division=I&sportCode=WSO,NCAA institution directory (via Wikipedia list)
womens-soccer,D1,USC Upstate,University of South Carolina Upstate,Spartans,Big South Conference,Spartanburg,South Carolina,Southeast,Public,,https://web3.ncaa.org/directory/memberList?type=12&division=I&sportCode=WSO,NCAA institution directory (via Wikipedia list)
womens-soccer,D1,UT Martin,University of Tennessee at Martin,Skyhawks,Ohio Valley Conference,Martin,Tennessee,Southeast,Public,,https://web3.ncaa.org/directory/memberList?type=12&division=I&sportCode=WSO,NCAA institution directory (via Wikipedia list)
womens-soccer,D1,Utah,University of Utah,Utes,Big 12 Conference,Salt Lake City,Utah,West,Public,,https://web3.ncaa.org/directory/memberList?type=12&division=I&sportCode=WSO,NCAA institution directory (via Wikipedia list)
womens-soccer,D1,Utah State,Utah State University,Aggies,Pac-12 Conference,Logan,Utah,West,Public,,https://web3.ncaa.org/directory/memberList?type=12&division=I&sportCode=WSO,NCAA institution directory (via Wikipedia list)
womens-soccer,D1,Utah Tech,Utah Tech University,Trailblazers,Big Sky Conference,St. George,Utah,West,Public,,https://web3.ncaa.org/directory/memberList?type=12&division=I&sportCode=WSO,NCAA institution directory (via Wikipedia list)
womens-soccer,D1,Utah Valley,Utah Valley University,Wolverines,Big West Conference,Orem,Utah,West,Public,,https://web3.ncaa.org/directory/memberList?type=12&division=I&sportCode=WSO,NCAA institution directory (via Wikipedia list)
womens-soccer,D1,UTEP,University of Texas at El Paso,Miners,Mountain West Conference,El Paso,Texas,Southwest,Public,,https://web3.ncaa.org/directory/memberList?type=12&division=I&sportCode=WSO,NCAA institution directory (via Wikipedia list)
womens-soccer,D1,UT Rio Grande Valley,University of Texas Rio Grande Valley,Vaqueros,Southland Conference,Edinburg,Texas,Southwest,Public,,https://web3.ncaa.org/directory/memberList?type=12&division=I&sportCode=WSO,NCAA institution directory (via Wikipedia list)
womens-soccer,D1,UTSA,University of Texas at San Antonio,Roadrunners,American Conference,San Antonio,Texas,Southwest,Public,,https://web3.ncaa.org/directory/memberList?type=12&division=I&sportCode=WSO,NCAA institution directory (via Wikipedia list)
womens-soccer,D1,Valparaiso,Valparaiso University,Beacons,Missouri Valley Conference,Valparaiso,Indiana,Midwest,Private,,https://web3.ncaa.org/directory/memberList?type=12&division=I&sportCode=WSO,NCAA institution directory (via Wikipedia list)
womens-soccer,D1,Vanderbilt,Vanderbilt University,Commodores,Southeastern Conference,Nashville,Tennessee,Southeast,Private,,https://web3.ncaa.org/directory/memberList?type=12&division=I&sportCode=WSO,NCAA institution directory (via Wikipedia list)
womens-soccer,D1,VCU,Virginia Commonwealth University,Rams,Atlantic 10 Conference,Richmond,Virginia,Southeast,Public,,https://web3.ncaa.org/directory/memberList?type=12&division=I&sportCode=WSO,NCAA institution directory (via Wikipedia list)
womens-soccer,D1,Vermont,University of Vermont,Catamounts,America East Conference,Burlington,Vermont,Northeast,Public,,https://web3.ncaa.org/directory/memberList?type=12&division=I&sportCode=WSO,NCAA institution directory (via Wikipedia list)
womens-soccer,D1,Villanova,Villanova University,Wildcats,Big East Conference,Villanova,Pennsylvania,Northeast,Private,,https://web3.ncaa.org/directory/memberList?type=12&division=I&sportCode=WSO,NCAA institution directory (via Wikipedia list)
womens-soccer,D1,Virginia,University of Virginia,Cavaliers,Atlantic Coast Conference,Charlottesville,Virginia,Southeast,Public,,https://web3.ncaa.org/directory/memberList?type=12&division=I&sportCode=WSO,NCAA institution directory (via Wikipedia list)
womens-soccer,D1,Virginia Tech,Virginia Tech,Hokies,Atlantic Coast Conference,Blacksburg,Virginia,Southeast,Public,,https://web3.ncaa.org/directory/memberList?type=12&division=I&sportCode=WSO,NCAA institution directory (via Wikipedia list)
womens-soccer,D1,VMI,Virginia Military Institute,Keydets,Southern Conference,Lexington,Virginia,Southeast,Public,,https://web3.ncaa.org/directory/memberList?type=12&division=I&sportCode=WSO,NCAA institution directory (via Wikipedia list)
womens-soccer,D1,Wagner,Wagner College,Seahawks,Northeast Conference,Staten Island (New York City),New York,Northeast,Private,,https://web3.ncaa.org/directory/memberList?type=12&division=I&sportCode=WSO,NCAA institution directory (via Wikipedia list)
womens-soccer,D1,Wake Forest,Wake Forest University,Demon Deacons,Atlantic Coast Conference,Winston-Salem,North Carolina,Southeast,Private,,https://web3.ncaa.org/directory/memberList?type=12&division=I&sportCode=WSO,NCAA institution directory (via Wikipedia list)
womens-soccer,D1,Washington,University of Washington,Huskies,Big Ten Conference,Seattle,Washington,West,Public,,https://web3.ncaa.org/directory/memberList?type=12&division=I&sportCode=WSO,NCAA institution directory (via Wikipedia list)
womens-soccer,D1,Washington State,Washington State University,Cougars,Pac-12 Conference,Pullman,Washington,West,Public,,https://web3.ncaa.org/directory/memberList?type=12&division=I&sportCode=WSO,NCAA institution directory (via Wikipedia list)
womens-soccer,D1,Weber State,Weber State University,Wildcats,Big Sky Conference,Ogden,Utah,West,Public,,https://web3.ncaa.org/directory/memberList?type=12&division=I&sportCode=WSO,NCAA institution directory (via Wikipedia list)
womens-soccer,D1,West Florida,University of West Florida,Argonauts,Atlantic Sun Conference,Pensacola,Florida,Southeast,Public,,https://web3.ncaa.org/directory/memberList?type=12&division=I&sportCode=WSO,NCAA institution directory (via Wikipedia list)
womens-soccer,D1,West Georgia,University of West Georgia,Wolves,United Athletic Conference,Carrollton,Georgia,Southeast,Public,,https://web3.ncaa.org/directory/memberList?type=12&division=I&sportCode=WSO,NCAA institution directory (via Wikipedia list)
womens-soccer,D1,West Virginia,West Virginia University,Mountaineers,Big 12 Conference,Morgantown,West Virginia,Southeast,Public,,https://web3.ncaa.org/directory/memberList?type=12&division=I&sportCode=WSO,NCAA institution directory (via Wikipedia list)
womens-soccer,D1,Western Carolina,Western Carolina University,Catamounts,Southern Conference,Cullowhee,North Carolina,Southeast,Public,,https://web3.ncaa.org/directory/memberList?type=12&division=I&sportCode=WSO,NCAA institution directory (via Wikipedia list)
womens-soccer,D1,Western Illinois,Western Illinois University,Leathernecks,Ohio Valley Conference,Macomb,Illinois,Midwest,Public,,https://web3.ncaa.org/directory/memberList?type=12&division=I&sportCode=WSO,NCAA institution directory (via Wikipedia list)
womens-soccer,D1,Western Kentucky,Western Kentucky University,Lady Toppers,Conference USA,Bowling Green,Kentucky,Southeast,Public,,https://web3.ncaa.org/directory/memberList?type=12&division=I&sportCode=WSO,NCAA institution directory (via Wikipedia list)
womens-soccer,D1,Western Michigan,Western Michigan University,Broncos,Mid-American Conference,Kalamazoo,Michigan,Midwest,Public,,https://web3.ncaa.org/directory/memberList?type=12&division=I&sportCode=WSO,NCAA institution directory (via Wikipedia list)
womens-soccer,D1,William & Mary,College of William & Mary,Tribe,Coastal Athletic Association,Williamsburg,Virginia,Southeast,Public,,https://web3.ncaa.org/directory/memberList?type=12&division=I&sportCode=WSO,NCAA institution directory (via Wikipedia list)
womens-soccer,D1,Winthrop,Winthrop University,Eagles,Big South Conference,Rock Hill,South Carolina,Southeast,Public,,https://web3.ncaa.org/directory/memberList?type=12&division=I&sportCode=WSO,NCAA institution directory (via Wikipedia list)
womens-soccer,D1,Wisconsin,University of Wisconsin–Madison,Badgers,Big Ten Conference,Madison,Wisconsin,Midwest,Public,,https://web3.ncaa.org/directory/memberList?type=12&division=I&sportCode=WSO,NCAA institution directory (via Wikipedia list)
womens-soccer,D1,Wofford,Wofford College,Terriers,Southern Conference,Spartanburg,South Carolina,Southeast,Private,,https://web3.ncaa.org/directory/memberList?type=12&division=I&sportCode=WSO,NCAA institution directory (via Wikipedia list)
womens-soccer,D1,Wright State,Wright State University,Raiders,Horizon League,Dayton,Ohio,Midwest,Public,,https://web3.ncaa.org/directory/memberList?type=12&division=I&sportCode=WSO,NCAA institution directory (via Wikipedia list)
womens-soccer,D1,Wyoming,University of Wyoming,Cowgirls,Mountain West Conference,Laramie,Wyoming,West,Public,,https://web3.ncaa.org/directory/memberList?type=12&division=I&sportCode=WSO,NCAA institution directory (via Wikipedia list)
womens-soccer,D1,Xavier,Xavier University,Musketeers,Big East Conference,Cincinnati,Ohio,Midwest,Private,,https://web3.ncaa.org/directory/memberList?type=12&division=I&sportCode=WSO,NCAA institution directory (via Wikipedia list)
womens-soccer,D1,Yale,Yale University,Bulldogs,Ivy League,New Haven,Connecticut,Northeast,Private,,https://web3.ncaa.org/directory/memberList?type=12&division=I&sportCode=WSO,NCAA institution directory (via Wikipedia list)
womens-soccer,D1,Youngstown State,Youngstown State University,Penguins,Horizon League,Youngstown,Ohio,Midwest,Public,,https://web3.ncaa.org/directory/memberList?type=12&division=I&sportCode=WSO,NCAA institution directory (via Wikipedia list)
