program_id,school_name,sport,gender,division,enrollment,acceptance_rate,academic_info,source_url,source_name,source_type,verified,notes
RMAC_ADAMS_STATE_UNIVERSITY_WSOC,Adams State University,soccer,women,D2,1250,,ACT midpoint 21 (U.S. Dept. of Education College Scorecard).,https://collegescorecard.ed.gov/school/?126182,"College Scorecard, read 2026-10-09",other,no,
MW_AIR_FORCE_WSOC,Air Force,soccer,women,D1,4114,14.1,Average SAT 1350 · ACT midpoint 32 (U.S. Dept. of Education College Scorecard).,https://collegescorecard.ed.gov/school/?128328,"College Scorecard, read 2026-10-09",other,no,
SEC_ALA_WSOC,Alabama,soccer,women,D1,33227,76.6,Average SAT 1285 · ACT midpoint 26 (U.S. Dept. of Education College Scorecard).,https://collegescorecard.ed.gov/school/?100751,"College Scorecard, read 2026-10-09",other,no,
SWAC_ALABAMA_A_AND_M_WSOC,Alabama A&M,soccer,women,D1,6124,58,Average SAT 938 · ACT midpoint 18 (U.S. Dept. of Education College Scorecard).,https://collegescorecard.ed.gov/school/?100654,"College Scorecard, read 2026-10-09",other,no,
SWAC_ALABAMA_STATE_WSOC,Alabama State,soccer,women,D1,3477,97.5,Average SAT 976 · ACT midpoint 18 (U.S. Dept. of Education College Scorecard).,https://collegescorecard.ed.gov/school/?100724,"College Scorecard, read 2026-10-09",other,no,
SWAC_ALCORN_STATE_WSOC,Alcorn State,soccer,women,D1,2363,45.3,Average SAT 904 · ACT midpoint 22 (U.S. Dept. of Education College Scorecard).,https://collegescorecard.ed.gov/school/?175342,"College Scorecard, read 2026-10-09",other,no,
PAT_AMERICAN_WSOC,American,soccer,women,D1,7266,62,Average SAT 1381 · ACT midpoint 31 (U.S. Dept. of Education College Scorecard).,https://collegescorecard.ed.gov/school/?131159,"College Scorecard, read 2026-10-09",other,no,
NEC_AMERICAN_INTERNATIONAL_COLLEGE_WSOC,American International College,soccer,women,D2,1017,99.6,,https://collegescorecard.ed.gov/school/?164447,"College Scorecard, read 2026-10-09",other,no,
B12_ARIZ_WSOC,Arizona,soccer,women,D1,42537,86.1,Average SAT 1246 · ACT midpoint 25 (U.S. Dept. of Education College Scorecard).,https://collegescorecard.ed.gov/school/?104179,"College Scorecard, read 2026-10-09",other,no,
SEC_ARK_WSOC,Arkansas,soccer,women,D1,28677,74.3,Average SAT 1169 · ACT midpoint 25 (U.S. Dept. of Education College Scorecard).,https://collegescorecard.ed.gov/school/?106397,"College Scorecard, read 2026-10-09",other,no,
SB_ARKANSAS_STATE_WSOC,Arkansas State,soccer,women,D1,9110,82.3,Average SAT 1090 · ACT midpoint 23 (U.S. Dept. of Education College Scorecard).,https://collegescorecard.ed.gov/school/?106458,"College Scorecard, read 2026-10-09",other,no,
SWAC_ARKANSAS_PINE_BLUFF_WSOC,Arkansas–Pine Bluff,soccer,women,D1,1807,41.2,Average SAT 922 · ACT midpoint 16 (U.S. Dept. of Education College Scorecard).,https://collegescorecard.ed.gov/school/?106412,"College Scorecard, read 2026-10-09",other,no,
NEC_ASSUMPTION_UNIVERSITY_WSOC,Assumption University,soccer,women,D2,1669,83,,https://collegescorecard.ed.gov/school/?164562,"College Scorecard, read 2026-10-09",other,no,
SEC_AUB_WSOC,Auburn,soccer,women,D1,26816,45.9,Average SAT 1345 (U.S. Dept. of Education College Scorecard).,https://collegescorecard.ed.gov/school/?100858,"College Scorecard, read 2026-10-09",other,no,
GSC_AUBURN_UNIVERSITY_AT_MONTGOMERY_WSOC,Auburn University at Montgomery,soccer,women,D2,2542,91.6,Average SAT 1093 · ACT midpoint 21 (U.S. Dept. of Education College Scorecard).,https://collegescorecard.ed.gov/school/?100830,"College Scorecard, read 2026-10-09",other,no,
MAC_BALL_STATE_WSOC,Ball State,soccer,women,D1,13988,85.5,Average SAT 1160 · ACT midpoint 24 (U.S. Dept. of Education College Scorecard).,https://collegescorecard.ed.gov/school/?150136,"College Scorecard, read 2026-10-09",other,no,
SSC_BARRY_UNIVERSITY_WSOC,Barry University,soccer,women,D2,2212,77.2,,https://collegescorecard.ed.gov/school/?132471,"College Scorecard, read 2026-10-09",other,no,
ASUN_BELLARMINE_WSOC,Bellarmine,soccer,women,D1,2161,86.1,Average SAT 1210 · ACT midpoint 24 (U.S. Dept. of Education College Scorecard).,https://collegescorecard.ed.gov/school/?156286,"College Scorecard, read 2026-10-09",other,no,
NSIC_BEMIDJI_STATE_UNIVERSITY_WSOC,Bemidji State University,soccer,women,D2,3139,56,Average SAT 1090 · ACT midpoint 22 (U.S. Dept. of Education College Scorecard).,https://collegescorecard.ed.gov/school/?173124,"College Scorecard, read 2026-10-09",other,no,
NEC_BENTLEY_UNIVERSITY_WSOC,Bentley University,soccer,women,D2,4474,45.1,Average SAT 1352 · ACT midpoint 30 (U.S. Dept. of Education College Scorecard).,https://collegescorecard.ed.gov/school/?164739,"College Scorecard, read 2026-10-09",other,no,
PACWEST_BIOLA_UNIVERSITY_WSOC,Biola University,soccer,women,D2,3474,74.4,Average SAT 1261 · ACT midpoint 26 (U.S. Dept. of Education College Scorecard).,https://collegescorecard.ed.gov/school/?110097,"College Scorecard, read 2026-10-09",other,no,
PAC12_BOISE_STATE_WSOC,Boise State,soccer,women,D1,17674,87.2,,https://collegescorecard.ed.gov/school/?142115,"College Scorecard, read 2026-10-09",other,no,
ACC_BC_WSOC,Boston College,soccer,women,D1,10085,16.4,Average SAT 1507 · ACT midpoint 34 (U.S. Dept. of Education College Scorecard).,https://collegescorecard.ed.gov/school/?164924,"College Scorecard, read 2026-10-09",other,no,
PAT_BOSTON_UNIVERSITY_WSOC,Boston University,soccer,women,D1,18248,11.1,Average SAT 1480 · ACT midpoint 33 (U.S. Dept. of Education College Scorecard).,https://collegescorecard.ed.gov/school/?164988,"College Scorecard, read 2026-10-09",other,no,
BE_BUTLER_WSOC,Butler,soccer,women,D1,4317,85.1,Average SAT 1274 · ACT midpoint 28 (U.S. Dept. of Education College Scorecard).,https://collegescorecard.ed.gov/school/?150163,"College Scorecard, read 2026-10-09",other,no,
BW_CALIFORNIA_BAPTIST_WSOC,California Baptist,soccer,women,D1,8179,84.9,,https://collegescorecard.ed.gov/school/?110361,"College Scorecard, read 2026-10-09",other,no,
UAC_CENTRAL_ARKANSAS_WSOC,Central Arkansas,soccer,women,D1,7762,89.5,Average SAT 1118 · ACT midpoint 23 (U.S. Dept. of Education College Scorecard).,https://collegescorecard.ed.gov/school/?106704,"College Scorecard, read 2026-10-09",other,no,
NEC_CENTRAL_CONNECTICUT_WSOC,Central Connecticut,soccer,women,D1,7822,73.3,Average SAT 1080 · ACT midpoint 23 (U.S. Dept. of Education College Scorecard).,https://collegescorecard.ed.gov/school/?128771,"College Scorecard, read 2026-10-09",other,no,
MAC_CENTRAL_MICHIGAN_WSOC,Central Michigan,soccer,women,D1,10035,89.8,Average SAT 1091 · ACT midpoint 23 (U.S. Dept. of Education College Scorecard).,https://collegescorecard.ed.gov/school/?169248,"College Scorecard, read 2026-10-09",other,no,
PACWEST_CHAMINADE_UNIVERSITY_OF_HONOLULU_WSOC,Chaminade University of Honolulu,soccer,women,D2,1672,91.4,Average SAT 1060 (U.S. Dept. of Education College Scorecard).,https://collegescorecard.ed.gov/school/?141486,"College Scorecard, read 2026-10-09",other,no,
NEC_CHICAGO_STATE_WSOC,Chicago State,soccer,women,D1,1384,43.3,,https://collegescorecard.ed.gov/school/?144005,"College Scorecard, read 2026-10-09",other,no,
PBC_CLAYTON_STATE_UNIVERSITY_WSOC,Clayton State University,soccer,women,D2,4348,68.5,Average SAT 958 (U.S. Dept. of Education College Scorecard).,https://collegescorecard.ed.gov/school/?139311,"College Scorecard, read 2026-10-09",other,no,
B12_COLO_WSOC,Colorado,soccer,women,D1,31939,78.1,Average SAT 1357 · ACT midpoint 28 (U.S. Dept. of Education College Scorecard).,https://collegescorecard.ed.gov/school/?126614,"College Scorecard, read 2026-10-09",other,no,
,Colorado Christian University,soccer,women,D2,5549,,,https://collegescorecard.ed.gov/school/?126669,"College Scorecard, read 2026-10-09",other,no,
MW_COLORADO_COLLEGE_WSOC,Colorado College,soccer,women,D1,2014,18.5,Average SAT 1365 (U.S. Dept. of Education College Scorecard).,https://collegescorecard.ed.gov/school/?126678,"College Scorecard, read 2026-10-09",other,no,
RMAC_COLORADO_SCHOOL_OF_MINES_WSOC,Colorado School of Mines,soccer,women,D2,6155,60.7,Average SAT 1412 · ACT midpoint 31 (U.S. Dept. of Education College Scorecard).,https://collegescorecard.ed.gov/school/?126775,"College Scorecard, read 2026-10-09",other,no,
PBC_COLUMBUS_STATE_UNIVERSITY_WSOC,Columbus State University,soccer,women,D2,5625,99.1,Average SAT 977 · ACT midpoint 21 (U.S. Dept. of Education College Scorecard).,https://collegescorecard.ed.gov/school/?139366,"College Scorecard, read 2026-10-09",other,no,
PACWEST_CONCORDIA_UNIVERSITY_IRVINE_WSOC,Concordia University–Irvine,soccer,women,D2,1536,66,ACT midpoint 25 (U.S. Dept. of Education College Scorecard).,https://collegescorecard.ed.gov/school/?112075,"College Scorecard, read 2026-10-09",other,no,
GLIAC_DAVENPORT_UNIVERSITY_WSOC,Davenport University,soccer,women,D2,3134,97.8,,https://collegescorecard.ed.gov/school/?169479,"College Scorecard, read 2026-10-09",other,no,
CUSA_DELAWARE_WSOC,Delaware,soccer,women,D1,19071,70.6,Average SAT 1292 · ACT midpoint 29 (U.S. Dept. of Education College Scorecard).,https://collegescorecard.ed.gov/school/?130943,"College Scorecard, read 2026-10-09",other,no,
NEC_DELAWARE_STATE_WSOC,Delaware State,soccer,women,D1,4398,46.6,Average SAT 940 (U.S. Dept. of Education College Scorecard).,https://collegescorecard.ed.gov/school/?130934,"College Scorecard, read 2026-10-09",other,no,
GSC_DELTA_STATE_UNIVERSITY_WSOC,Delta State University,soccer,women,D2,1620,100,Average SAT 1050 · ACT midpoint 19 (U.S. Dept. of Education College Scorecard).,https://collegescorecard.ed.gov/school/?175616,"College Scorecard, read 2026-10-09",other,no,
WCC_DENVER_WSOC,Denver,soccer,women,D1,6025,77.8,Average SAT 1355 · ACT midpoint 29 (U.S. Dept. of Education College Scorecard).,https://collegescorecard.ed.gov/school/?127060,"College Scorecard, read 2026-10-09",other,no,
BE_DEPAUL_WSOC,DePaul,soccer,women,D1,14090,75.9,Average SAT 1262 (U.S. Dept. of Education College Scorecard).,https://collegescorecard.ed.gov/school/?144740,"College Scorecard, read 2026-10-09",other,no,
HOR_DETROIT_MERCY_WSOC,Detroit Mercy,soccer,women,D1,2438,75.4,Average SAT 1134 · ACT midpoint 26 (U.S. Dept. of Education College Scorecard).,https://collegescorecard.ed.gov/school/?169716,"College Scorecard, read 2026-10-09",other,no,
PACWEST_DOMINICAN_UNIVERSITY_OF_CALIFORNIA_WSOC,Dominican University of California,soccer,women,D2,1114,83.5,Average SAT 1290 · ACT midpoint 23 (U.S. Dept. of Education College Scorecard).,https://collegescorecard.ed.gov/school/?113698,"College Scorecard, read 2026-10-09",other,no,
MVC_DRAKE_WSOC,Drake,soccer,women,D1,2543,63.8,Average SAT 1292 · ACT midpoint 28 (U.S. Dept. of Education College Scorecard).,https://collegescorecard.ed.gov/school/?153269,"College Scorecard, read 2026-10-09",other,no,
GLVC_DRURY_UNIVERSITY_WSOC,Drury University,soccer,women,D2,1383,57.6,Average SAT 1218 · ACT midpoint 27 (U.S. Dept. of Education College Scorecard).,https://collegescorecard.ed.gov/school/?177214,"College Scorecard, read 2026-10-09",other,no,
OVC_EASTERN_ILLINOIS_WSOC,Eastern Illinois,soccer,women,D1,4188,65.3,Average SAT 1000 · ACT midpoint 20 (U.S. Dept. of Education College Scorecard).,https://collegescorecard.ed.gov/school/?144892,"College Scorecard, read 2026-10-09",other,no,
UAC_EASTERN_KENTUCKY_WSOC,Eastern Kentucky,soccer,women,D1,12318,77.6,Average SAT 1149 · ACT midpoint 21 (U.S. Dept. of Education College Scorecard).,https://collegescorecard.ed.gov/school/?156620,"College Scorecard, read 2026-10-09",other,no,
MAC_EASTERN_MICHIGAN_WSOC,Eastern Michigan,soccer,women,D1,10055,79.6,Average SAT 1066 · ACT midpoint 22 (U.S. Dept. of Education College Scorecard).,https://collegescorecard.ed.gov/school/?169798,"College Scorecard, read 2026-10-09",other,no,
SSC_ECKERD_COLLEGE_WSOC,Eckerd College,soccer,women,D2,1888,75.8,Average SAT 1250 (U.S. Dept. of Education College Scorecard).,https://collegescorecard.ed.gov/school/?133492,"College Scorecard, read 2026-10-09",other,no,
IND_EDWARD_WATERS_UNIVERSITY_WSOC,Edward Waters University,soccer,women,D2,1087,85,,https://collegescorecard.ed.gov/school/?133526,"College Scorecard, read 2026-10-09",other,no,
CAR_EMMANUEL_UNIVERSITY_WSOC,Emmanuel University,soccer,women,D2,775,74,ACT midpoint 21 (U.S. Dept. of Education College Scorecard).,https://collegescorecard.ed.gov/school/?139630,"College Scorecard, read 2026-10-09",other,no,
MIAA_EMPORIA_STATE_UNIVERSITY_WSOC,Emporia State University,soccer,women,D2,2239,97.7,Average SAT 1120 (U.S. Dept. of Education College Scorecard).,https://collegescorecard.ed.gov/school/?155025,"College Scorecard, read 2026-10-09",other,no,
MVC_EVANSVILLE_WSOC,Evansville,soccer,women,D1,1539,77.6,ACT midpoint 26 (U.S. Dept. of Education College Scorecard).,https://collegescorecard.ed.gov/school/?150534,"College Scorecard, read 2026-10-09",other,no,
MAAC_FAIRFIELD_WSOC,Fairfield,soccer,women,D1,5373,33.3,Average SAT 1335 · ACT midpoint 29 (U.S. Dept. of Education College Scorecard).,https://collegescorecard.ed.gov/school/?129242,"College Scorecard, read 2026-10-09",other,no,
GLIAC_FERRIS_STATE_UNIVERSITY_WSOC,Ferris State University,soccer,women,D2,8106,91.4,Average SAT 1012 · ACT midpoint 23 (U.S. Dept. of Education College Scorecard).,https://collegescorecard.ed.gov/school/?169910,"College Scorecard, read 2026-10-09",other,no,
CUSA_FIU_WSOC,FIU,soccer,women,D1,39508,54.7,Average SAT 1163 · ACT midpoint 24 (U.S. Dept. of Education College Scorecard).,https://collegescorecard.ed.gov/school/?133951,"College Scorecard, read 2026-10-09",other,no,
PBC_FLAGLER_COLLEGE_WSOC,Flagler College,soccer,women,D2,2391,80.8,Average SAT 1084 · ACT midpoint 23 (U.S. Dept. of Education College Scorecard).,https://collegescorecard.ed.gov/school/?133711,"College Scorecard, read 2026-10-09",other,no,
SEC_FLA_WSOC,Florida,soccer,women,D1,35629,24.2,Average SAT 1403 · ACT midpoint 31 (U.S. Dept. of Education College Scorecard).,https://collegescorecard.ed.gov/school/?134130,"College Scorecard, read 2026-10-09",other,no,
AAC_FLORIDA_ATLANTIC_WSOC,Florida Atlantic,soccer,women,D1,23757,66.1,Average SAT 1127 · ACT midpoint 23 (U.S. Dept. of Education College Scorecard).,https://collegescorecard.ed.gov/school/?133669,"College Scorecard, read 2026-10-09",other,no,
SSC_FLORIDA_INSTITUTE_OF_TECHNOLOGY_WSOC,Florida Institute of Technology,soccer,women,D2,3404,57.7,Average SAT 1225 · ACT midpoint 27 (U.S. Dept. of Education College Scorecard).,https://collegescorecard.ed.gov/school/?133881,"College Scorecard, read 2026-10-09",other,no,
,Florida Southern College,soccer,women,D2,2656,64.4,Average SAT 1252 · ACT midpoint 28 (U.S. Dept. of Education College Scorecard).,https://collegescorecard.ed.gov/school/?134079,"College Scorecard, read 2026-10-09",other,no,
ACC_FSU_WSOC,Florida State,soccer,women,D1,32212,24.2,Average SAT 1361 · ACT midpoint 28 (U.S. Dept. of Education College Scorecard).,https://collegescorecard.ed.gov/school/?134097,"College Scorecard, read 2026-10-09",other,no,
MIAA_FORT_HAYS_STATE_UNIVERSITY_WSOC,Fort Hays State University,soccer,women,D2,9733,90.3,Average SAT 1089 (U.S. Dept. of Education College Scorecard).,https://collegescorecard.ed.gov/school/?155061,"College Scorecard, read 2026-10-09",other,no,
RMAC_FORT_LEWIS_COLLEGE_WSOC,Fort Lewis College,soccer,women,D2,3079,77.3,Average SAT 1111 · ACT midpoint 20 (U.S. Dept. of Education College Scorecard).,https://collegescorecard.ed.gov/school/?127185,"College Scorecard, read 2026-10-09",other,no,
CCAA_FRESNO_PACIFIC_UNIVERSITY_WSOC,Fresno Pacific University,soccer,women,D2,1544,64.1,ACT midpoint 21 (U.S. Dept. of Education College Scorecard).,https://collegescorecard.ed.gov/school/?114813,"College Scorecard, read 2026-10-09",other,no,
MEC_FROSTBURG_STATE_UNIVERSITY_WSOC,Frostburg State University,soccer,women,D2,2909,89.2,ACT midpoint 21 (U.S. Dept. of Education College Scorecard).,https://collegescorecard.ed.gov/school/?162584,"College Scorecard, read 2026-10-09",other,no,
A10_GEORGE_WASHINGTON_WSOC,George Washington,soccer,women,D1,11182,47.1,Average SAT 1433 · ACT midpoint 32 (U.S. Dept. of Education College Scorecard).,https://collegescorecard.ed.gov/school/?131469,"College Scorecard, read 2026-10-09",other,no,
BE_GEORGETOWN_WSOC,Georgetown,soccer,women,D1,7569,12.9,Average SAT 1487 · ACT midpoint 34 (U.S. Dept. of Education College Scorecard).,https://collegescorecard.ed.gov/school/?131496,"College Scorecard, read 2026-10-09",other,no,
SEC_UGA_WSOC,Georgia,soccer,women,D1,32137,37.7,Average SAT 1397 · ACT midpoint 31 (U.S. Dept. of Education College Scorecard).,https://collegescorecard.ed.gov/school/?139959,"College Scorecard, read 2026-10-09",other,no,
,Georgia College & State University,soccer,women,D2,5947,78.2,Average SAT 1163 · ACT midpoint 24 (U.S. Dept. of Education College Scorecard).,https://collegescorecard.ed.gov/school/?139861,"College Scorecard, read 2026-10-09",other,no,
SB_GEORGIA_SOUTHERN_WSOC,Georgia Southern,soccer,women,D1,21790,87.9,Average SAT 1053 · ACT midpoint 21 (U.S. Dept. of Education College Scorecard).,https://collegescorecard.ed.gov/school/?139931,"College Scorecard, read 2026-10-09",other,no,
PBC_GEORGIA_SOUTHWESTERN_STATE_UNIVERSITY_WSOC,Georgia Southwestern State University,soccer,women,D2,2424,75.2,Average SAT 978 · ACT midpoint 21 (U.S. Dept. of Education College Scorecard).,https://collegescorecard.ed.gov/school/?139764,"College Scorecard, read 2026-10-09",other,no,
SB_GEORGIA_STATE_WSOC,Georgia State,soccer,women,D1,26623,55.4,Average SAT 1076 · ACT midpoint 23 (U.S. Dept. of Education College Scorecard).,https://collegescorecard.ed.gov/school/?139940,"College Scorecard, read 2026-10-09",other,no,
CACC_GOLDEY_BEACOM_COLLEGE_WSOC,Goldey–Beacom College,soccer,women,D2,691,84.5,,https://collegescorecard.ed.gov/school/?130989,"College Scorecard, read 2026-10-09",other,no,
SWAC_GRAMBLING_STATE_WSOC,Grambling State,soccer,women,D1,4164,44.9,Average SAT 943 · ACT midpoint 17 (U.S. Dept. of Education College Scorecard).,https://collegescorecard.ed.gov/school/?159009,"College Scorecard, read 2026-10-09",other,no,
MW_GRAND_CANYON_WSOC,Grand Canyon,soccer,women,D1,73371,78.9,Average SAT 1077 (U.S. Dept. of Education College Scorecard).,https://collegescorecard.ed.gov/school/?104717,"College Scorecard, read 2026-10-09",other,no,
GLIAC_GRAND_VALLEY_STATE_UNIVERSITY_WSOC,Grand Valley State University,soccer,women,D2,18854,83,Average SAT 1074 (U.S. Dept. of Education College Scorecard).,https://collegescorecard.ed.gov/school/?170082,"College Scorecard, read 2026-10-09",other,no,
,Harding University,soccer,women,D2,3382,70.5,Average SAT 1182 · ACT midpoint 24 (U.S. Dept. of Education College Scorecard).,https://collegescorecard.ed.gov/school/?107044,"College Scorecard, read 2026-10-09",other,no,
IVY_HARV_WSOC,Harvard,soccer,women,D1,7601,3.6,Average SAT 1553 · ACT midpoint 35 (U.S. Dept. of Education College Scorecard).,https://collegescorecard.ed.gov/school/?166027,"College Scorecard, read 2026-10-09",other,no,
PACWEST_HAWAI_I_PACIFIC_UNIVERSITY_WSOC,Hawai'i Pacific University,soccer,women,D2,2392,85.9,Average SAT 1111 · ACT midpoint 25 (U.S. Dept. of Education College Scorecard).,https://collegescorecard.ed.gov/school/?141644,"College Scorecard, read 2026-10-09",other,no,
PAT_HOLY_CROSS_WSOC,Holy Cross,soccer,women,D1,3106,17.6,Average SAT 1353 · ACT midpoint 30 (U.S. Dept. of Education College Scorecard).,https://collegescorecard.ed.gov/school/?166124,"College Scorecard, read 2026-10-09",other,no,
NEC_HOWARD_WSOC,Howard,soccer,women,D1,10108,41.3,Average SAT 1213 · ACT midpoint 24 (U.S. Dept. of Education College Scorecard).,https://collegescorecard.ed.gov/school/?131520,"College Scorecard, read 2026-10-09",other,no,
BSKY_IDAHO_WSOC,Idaho,soccer,women,D1,7747,75.5,Average SAT 1116 · ACT midpoint 24 (U.S. Dept. of Education College Scorecard).,https://collegescorecard.ed.gov/school/?142285,"College Scorecard, read 2026-10-09",other,no,
BSKY_IDAHO_STATE_WSOC,Idaho State,soccer,women,D1,7583,,,https://collegescorecard.ed.gov/school/?142276,"College Scorecard, read 2026-10-09",other,no,
B10_ILL_WSOC,Illinois,soccer,women,D1,36258,42.4,Average SAT 1440 · ACT midpoint 32 (U.S. Dept. of Education College Scorecard).,https://collegescorecard.ed.gov/school/?145637,"College Scorecard, read 2026-10-09",other,no,
MVC_ILLINOIS_STATE_WSOC,Illinois State,soccer,women,D1,19057,88.1,Average SAT 1113 · ACT midpoint 24 (U.S. Dept. of Education College Scorecard).,https://collegescorecard.ed.gov/school/?145813,"College Scorecard, read 2026-10-09",other,no,
MVC_INDIANA_STATE_WSOC,Indiana State,soccer,women,D1,6188,80.8,,https://collegescorecard.ed.gov/school/?151324,"College Scorecard, read 2026-10-09",other,no,
B10_IOWA_WSOC,Iowa,soccer,women,D1,22264,83.6,Average SAT 1200 · ACT midpoint 26 (U.S. Dept. of Education College Scorecard).,https://collegescorecard.ed.gov/school/?153658,"College Scorecard, read 2026-10-09",other,no,
B12_ISU_WSOC,Iowa State,soccer,women,D1,25367,88.7,Average SAT 1204 · ACT midpoint 25 (U.S. Dept. of Education College Scorecard).,https://collegescorecard.ed.gov/school/?153603,"College Scorecard, read 2026-10-09",other,no,
SWAC_JACKSON_STATE_WSOC,Jackson State,soccer,women,D1,4600,93.2,Average SAT 965 · ACT midpoint 18 (U.S. Dept. of Education College Scorecard).,https://collegescorecard.ed.gov/school/?175856,"College Scorecard, read 2026-10-09",other,no,
ASUN_JACKSONVILLE_WSOC,Jacksonville,soccer,women,D1,2930,56.9,Average SAT 1205 · ACT midpoint 23 (U.S. Dept. of Education College Scorecard).,https://collegescorecard.ed.gov/school/?134945,"College Scorecard, read 2026-10-09",other,no,
CUSA_JACKSONVILLE_STATE_WSOC,Jacksonville State,soccer,women,D1,7036,77.7,Average SAT 1059 · ACT midpoint 20 (U.S. Dept. of Education College Scorecard).,https://collegescorecard.ed.gov/school/?101480,"College Scorecard, read 2026-10-09",other,no,
B12_KU_WSOC,Kansas,soccer,women,D1,21217,93.5,Average SAT 1190 · ACT midpoint 25 (U.S. Dept. of Education College Scorecard).,https://collegescorecard.ed.gov/school/?155317,"College Scorecard, read 2026-10-09",other,no,
SUM_KANSAS_CITY_WSOC,Kansas City,soccer,women,D1,6817,72.2,Average SAT 1204 · ACT midpoint 26 (U.S. Dept. of Education College Scorecard).,https://collegescorecard.ed.gov/school/?178402,"College Scorecard, read 2026-10-09",other,no,
B12_KSU_WSOC,Kansas State,soccer,women,D1,15142,81.7,Average SAT 1151 (U.S. Dept. of Education College Scorecard).,https://collegescorecard.ed.gov/school/?155399,"College Scorecard, read 2026-10-09",other,no,
SEC_UK_WSOC,Kentucky,soccer,women,D1,24763,92.9,Average SAT 1215 · ACT midpoint 26 (U.S. Dept. of Education College Scorecard).,https://collegescorecard.ed.gov/school/?157085,"College Scorecard, read 2026-10-09",other,no,
GMAC_KENTUCKY_WESLEYAN_COLLEGE_WSOC,Kentucky Wesleyan College,soccer,women,D2,842,71.6,Average SAT 1044 · ACT midpoint 22 (U.S. Dept. of Education College Scorecard).,https://collegescorecard.ed.gov/school/?157076,"College Scorecard, read 2026-10-09",other,no,
GLVC_LEWIS_UNIVERSITY_WSOC,Lewis University,soccer,women,D2,4015,71.3,Average SAT 1096 · ACT midpoint 23 (U.S. Dept. of Education College Scorecard).,https://collegescorecard.ed.gov/school/?146612,"College Scorecard, read 2026-10-09",other,no,
,Lincoln University (Missouri),soccer,women,D2,1392,,,https://collegescorecard.ed.gov/school/?177940,"College Scorecard, read 2026-10-09",other,no,
OVC_LINDENWOOD_WSOC,Lindenwood,soccer,women,D1,4624,56.8,Average SAT 1190 · ACT midpoint 24 (U.S. Dept. of Education College Scorecard).,https://collegescorecard.ed.gov/school/?177968,"College Scorecard, read 2026-10-09",other,no,
UAC_LITTLE_ROCK_WSOC,Little Rock,soccer,women,D1,4949,58.8,Average SAT 1049 · ACT midpoint 22 (U.S. Dept. of Education College Scorecard).,https://collegescorecard.ed.gov/school/?106245,"College Scorecard, read 2026-10-09",other,no,
SB_LOUISIANA_WSOC,Louisiana,soccer,women,D1,12428,87,Average SAT 1219 · ACT midpoint 22 (U.S. Dept. of Education College Scorecard).,https://collegescorecard.ed.gov/school/?160658,"College Scorecard, read 2026-10-09",other,no,
SB_LOUISIANA_TECH_WSOC,Louisiana Tech,soccer,women,D1,8312,86.4,Average SAT 1191 · ACT midpoint 25 (U.S. Dept. of Education College Scorecard).,https://collegescorecard.ed.gov/school/?159647,"College Scorecard, read 2026-10-09",other,no,
SB_LOUISIANA_MONROE_WSOC,Louisiana–Monroe,soccer,women,D1,5022,84.8,Average SAT 1116 · ACT midpoint 22 (U.S. Dept. of Education College Scorecard).,https://collegescorecard.ed.gov/school/?159993,"College Scorecard, read 2026-10-09",other,no,
ACC_LOU_WSOC,Louisville,soccer,women,D1,14727,79.4,Average SAT 1150 · ACT midpoint 24 (U.S. Dept. of Education College Scorecard).,https://collegescorecard.ed.gov/school/?157289,"College Scorecard, read 2026-10-09",other,no,
PAT_LOYOLA_MD_WSOC,Loyola (MD),soccer,women,D1,3869,75.5,Average SAT 1290 (U.S. Dept. of Education College Scorecard).,https://collegescorecard.ed.gov/school/?163046,"College Scorecard, read 2026-10-09",other,no,
A10_LOYOLA_CHICAGO_WSOC,Loyola Chicago,soccer,women,D1,11737,81.6,Average SAT 1297 · ACT midpoint 30 (U.S. Dept. of Education College Scorecard).,https://collegescorecard.ed.gov/school/?146719,"College Scorecard, read 2026-10-09",other,no,
,Loyola Marymount,soccer,women,D1,7094,45.1,Average SAT 1359 · ACT midpoint 30 (U.S. Dept. of Education College Scorecard).,https://collegescorecard.ed.gov/school/?117946,"College Scorecard, read 2026-10-09",other,no,
SSC_LYNN_UNIVERSITY_WSOC,Lynn University,soccer,women,D2,2859,73.5,Average SAT 1134 · ACT midpoint 23 (U.S. Dept. of Education College Scorecard).,https://collegescorecard.ed.gov/school/?132657,"College Scorecard, read 2026-10-09",other,no,
AE_MAINE_WSOC,Maine,soccer,women,D1,8496,96.6,ACT midpoint 26 (U.S. Dept. of Education College Scorecard).,https://collegescorecard.ed.gov/school/?161253,"College Scorecard, read 2026-10-09",other,no,
GLVC_MCKENDREE_UNIVERSITY_WSOC,McKendree University,soccer,women,D2,1752,71.7,,https://collegescorecard.ed.gov/school/?147013,"College Scorecard, read 2026-10-09",other,no,
SLND_MCNEESE_WSOC,McNeese,soccer,women,D1,5005,78.3,Average SAT 1087 · ACT midpoint 22 (U.S. Dept. of Education College Scorecard).,https://collegescorecard.ed.gov/school/?159717,"College Scorecard, read 2026-10-09",other,no,
CCAA_MENLO_COLLEGE_WSOC,Menlo College,soccer,women,D2,752,68.5,,https://collegescorecard.ed.gov/school/?118693,"College Scorecard, read 2026-10-09",other,no,
SOCON_MERCER_WSOC,Mercer,soccer,women,D1,4500,68.9,Average SAT 1271 · ACT midpoint 30 (U.S. Dept. of Education College Scorecard).,https://collegescorecard.ed.gov/school/?140447,"College Scorecard, read 2026-10-09",other,no,
MAAC_MERRIMACK_WSOC,Merrimack,soccer,women,D1,3916,70,,https://collegescorecard.ed.gov/school/?166850,"College Scorecard, read 2026-10-09",other,no,
RMAC_METROPOLITAN_STATE_UNIVERSITY_OF_DENVER_WSOC,Metropolitan State University of Denver,soccer,women,D2,15002,98.8,Average SAT 1019 · ACT midpoint 21 (U.S. Dept. of Education College Scorecard).,https://collegescorecard.ed.gov/school/?127565,"College Scorecard, read 2026-10-09",other,no,
ACC_MIA_WSOC,Miami (FL),soccer,women,D1,12913,18.9,Average SAT 1415 · ACT midpoint 32 (U.S. Dept. of Education College Scorecard).,https://collegescorecard.ed.gov/school/?135726,"College Scorecard, read 2026-10-09",other,no,
B10_MSU_WSOC,Michigan State,soccer,women,D1,40922,84.8,Average SAT 1269 · ACT midpoint 26 (U.S. Dept. of Education College Scorecard).,https://collegescorecard.ed.gov/school/?171100,"College Scorecard, read 2026-10-09",other,no,
GLIAC_MICHIGAN_TECHNOLOGICAL_UNIVERSITY_WSOC,Michigan Technological University,soccer,women,D2,5955,92.4,Average SAT 1258 · ACT midpoint 28 (U.S. Dept. of Education College Scorecard).,https://collegescorecard.ed.gov/school/?171128,"College Scorecard, read 2026-10-09",other,no,
NSIC_MINNESOTA_STATE_UNIVERSITY_MOORHEAD_WSOC,Minnesota State University Moorhead,soccer,women,D2,3072,58.8,Average SAT 1090 · ACT midpoint 22 (U.S. Dept. of Education College Scorecard).,https://collegescorecard.ed.gov/school/?174358,"College Scorecard, read 2026-10-09",other,no,
GSC_MISSISSIPPI_CHRISTIAN_UNIVERSITY_WSOC,Mississippi Christian University,soccer,women,D2,2518,29.1,Average SAT 1090 · ACT midpoint 24 (U.S. Dept. of Education College Scorecard).,https://collegescorecard.ed.gov/school/?176053,"College Scorecard, read 2026-10-09",other,no,
SEC_MSST_WSOC,Mississippi State,soccer,women,D1,18397,77.6,Average SAT 1219 · ACT midpoint 26 (U.S. Dept. of Education College Scorecard).,https://collegescorecard.ed.gov/school/?176080,"College Scorecard, read 2026-10-09",other,no,
MIAA_MISSOURI_SOUTHERN_STATE_UNIVERSITY_WSOC,Missouri Southern State University,soccer,women,D2,3019,97,Average SAT 1065 · ACT midpoint 21 (U.S. Dept. of Education College Scorecard).,https://collegescorecard.ed.gov/school/?178341,"College Scorecard, read 2026-10-09",other,no,
GLVC_MISSOURI_UNIVERSITY_OF_SCIENCE_AND_TECHNOLOGY_WSOC,Missouri University of Science and Technology,soccer,women,D2,5521,72.5,Average SAT 1317 · ACT midpoint 29 (U.S. Dept. of Education College Scorecard).,https://collegescorecard.ed.gov/school/?178411,"College Scorecard, read 2026-10-09",other,no,
MIAA_MISSOURI_WESTERN_STATE_UNIVERSITY_WSOC,Missouri Western State University,soccer,women,D2,2219,,,https://collegescorecard.ed.gov/school/?178387,"College Scorecard, read 2026-10-09",other,no,
BSKY_MONTANA_WSOC,Montana,soccer,women,D1,7488,95.9,Average SAT 1190 · ACT midpoint 22 (U.S. Dept. of Education College Scorecard).,https://collegescorecard.ed.gov/school/?180489,"College Scorecard, read 2026-10-09",other,no,
GNAC_MONTANA_STATE_UNIVERSITY_BILLINGS_WSOC,Montana State University Billings,soccer,women,D2,2626,,,https://collegescorecard.ed.gov/school/?180179,"College Scorecard, read 2026-10-09",other,no,
OVC_MOREHEAD_STATE_WSOC,Morehead State,soccer,women,D1,4578,77.2,,https://collegescorecard.ed.gov/school/?157386,"College Scorecard, read 2026-10-09",other,no,
MAAC_MOUNT_ST_MARY_S_WSOC,Mount St. Mary's,soccer,women,D1,1768,73.8,Average SAT 1176 (U.S. Dept. of Education College Scorecard).,https://collegescorecard.ed.gov/school/?163462,"College Scorecard, read 2026-10-09",other,no,
MVC_MURRAY_STATE_WSOC,Murray State,soccer,women,D1,6688,85.7,Average SAT 1133 · ACT midpoint 24 (U.S. Dept. of Education College Scorecard).,https://collegescorecard.ed.gov/school/?157401,"College Scorecard, read 2026-10-09",other,no,
PAT_NAVY_WSOC,Navy,soccer,women,D1,4474,9.3,Average SAT 1307 · ACT midpoint 29 (U.S. Dept. of Education College Scorecard).,https://collegescorecard.ed.gov/school/?164155,"College Scorecard, read 2026-10-09",other,no,
,New Haven,soccer,women,D1,4841,60.4,Average SAT 1160 · ACT midpoint 27 (U.S. Dept. of Education College Scorecard).,https://collegescorecard.ed.gov/school/?129941,"College Scorecard, read 2026-10-09",other,no,
MIAA_NEWMAN_UNIVERSITY_WSOC,Newman University,soccer,women,D2,851,74,ACT midpoint 21 (U.S. Dept. of Education College Scorecard).,https://collegescorecard.ed.gov/school/?155335,"College Scorecard, read 2026-10-09",other,no,
SLND_NICHOLLS_WSOC,Nicholls,soccer,women,D1,4737,90.8,Average SAT 1090 · ACT midpoint 23 (U.S. Dept. of Education College Scorecard).,https://collegescorecard.ed.gov/school/?159966,"College Scorecard, read 2026-10-09",other,no,
UAC_NORTH_ALABAMA_WSOC,North Alabama,soccer,women,D1,5811,87.3,,https://collegescorecard.ed.gov/school/?101879,"College Scorecard, read 2026-10-09",other,no,
ASUN_NORTH_FLORIDA_WSOC,North Florida,soccer,women,D1,13359,53.2,Average SAT 1153 · ACT midpoint 23 (U.S. Dept. of Education College Scorecard).,https://collegescorecard.ed.gov/school/?136172,"College Scorecard, read 2026-10-09",other,no,
CAA_NORTHEASTERN_WSOC,Northeastern,soccer,women,D1,17326,5.2,Average SAT 1497 · ACT midpoint 34 (U.S. Dept. of Education College Scorecard).,https://collegescorecard.ed.gov/school/?167358,"College Scorecard, read 2026-10-09",other,no,
BSKY_NORTHERN_ARIZONA_WSOC,Northern Arizona,soccer,women,D1,22903,89.6,,https://collegescorecard.ed.gov/school/?105330,"College Scorecard, read 2026-10-09",other,no,
BSKY_NORTHERN_COLORADO_WSOC,Northern Colorado,soccer,women,D1,5598,85.9,Average SAT 1082 · ACT midpoint 23 (U.S. Dept. of Education College Scorecard).,https://collegescorecard.ed.gov/school/?127741,"College Scorecard, read 2026-10-09",other,no,
HOR_NORTHERN_ILLINOIS_WSOC,Northern Illinois,soccer,women,D1,11301,69.8,,https://collegescorecard.ed.gov/school/?147703,"College Scorecard, read 2026-10-09",other,no,
MVC_NORTHERN_IOWA_WSOC,Northern Iowa,soccer,women,D1,7529,92.7,Average SAT 1122 · ACT midpoint 23 (U.S. Dept. of Education College Scorecard).,https://collegescorecard.ed.gov/school/?154095,"College Scorecard, read 2026-10-09",other,no,
HOR_NORTHERN_KENTUCKY_WSOC,Northern Kentucky,soccer,women,D1,8246,67.7,Average SAT 1087 · ACT midpoint 23 (U.S. Dept. of Education College Scorecard).,https://collegescorecard.ed.gov/school/?157447,"College Scorecard, read 2026-10-09",other,no,
GLIAC_NORTHERN_MICHIGAN_UNIVERSITY_WSOC,Northern Michigan University,soccer,women,D2,6556,84,,https://collegescorecard.ed.gov/school/?171456,"College Scorecard, read 2026-10-09",other,no,
MIAA_NORTHWEST_MISSOURI_STATE_UNIVERSITY_WSOC,Northwest Missouri State University,soccer,women,D2,4378,86.1,Average SAT 1119 · ACT midpoint 22 (U.S. Dept. of Education College Scorecard).,https://collegescorecard.ed.gov/school/?178624,"College Scorecard, read 2026-10-09",other,no,
GNAC_NORTHWEST_NAZARENE_UNIVERSITY_WSOC,Northwest Nazarene University,soccer,women,D2,1024,64.7,Average SAT 1130 · ACT midpoint 23 (U.S. Dept. of Education College Scorecard).,https://collegescorecard.ed.gov/school/?142461,"College Scorecard, read 2026-10-09",other,no,
B10_NU_WSOC,Northwestern,soccer,women,D1,9201,7.7,Average SAT 1533 · ACT midpoint 35 (U.S. Dept. of Education College Scorecard).,https://collegescorecard.ed.gov/school/?147767,"College Scorecard, read 2026-10-09",other,no,
GMAC_NORTHWOOD_UNIVERSITY_WSOC,Northwood University,soccer,women,D2,1974,64.5,,https://collegescorecard.ed.gov/school/?171492,"College Scorecard, read 2026-10-09",other,no,
ACC_ND_WSOC,Notre Dame,soccer,women,D1,8818,11.3,Average SAT 1520 · ACT midpoint 34 (U.S. Dept. of Education College Scorecard).,https://collegescorecard.ed.gov/school/?152080,"College Scorecard, read 2026-10-09",other,no,
SSC_NOVA_SOUTHEASTERN_UNIVERSITY_WSOC,Nova Southeastern University,soccer,women,D2,7240,73.2,Average SAT 1157 · ACT midpoint 25 (U.S. Dept. of Education College Scorecard).,https://collegescorecard.ed.gov/school/?136215,"College Scorecard, read 2026-10-09",other,no,
HOR_OAKLAND_WSOC,Oakland,soccer,women,D1,12351,87.8,Average SAT 1120 · ACT midpoint 25 (U.S. Dept. of Education College Scorecard).,https://collegescorecard.ed.gov/school/?171571,"College Scorecard, read 2026-10-09",other,no,
SEC_MISS_WSOC,Ole Miss,soccer,women,D1,21473,96.6,Average SAT 1184 · ACT midpoint 25 (U.S. Dept. of Education College Scorecard).,https://collegescorecard.ed.gov/school/?176017,"College Scorecard, read 2026-10-09",other,no,
,Ouachita Baptist University,soccer,women,D2,1602,67.5,Average SAT 1211 (U.S. Dept. of Education College Scorecard).,https://collegescorecard.ed.gov/school/?107512,"College Scorecard, read 2026-10-09",other,no,
WCC_PACIFIC_WSOC,Pacific,soccer,women,D1,3204,71.3,Average SAT 1346 · ACT midpoint 28 (U.S. Dept. of Education College Scorecard).,https://collegescorecard.ed.gov/school/?120883,"College Scorecard, read 2026-10-09",other,no,
SSC_PALM_BEACH_ATLANTIC_UNIVERSITY_WSOC,Palm Beach Atlantic University,soccer,women,D2,2603,82,Average SAT 1075 · ACT midpoint 23 (U.S. Dept. of Education College Scorecard).,https://collegescorecard.ed.gov/school/?136330,"College Scorecard, read 2026-10-09",other,no,
WCC_PEPPERDINE_WSOC,Pepperdine,soccer,women,D1,3553,62.9,Average SAT 1384 · ACT midpoint 28 (U.S. Dept. of Education College Scorecard).,https://collegescorecard.ed.gov/school/?121150,"College Scorecard, read 2026-10-09",other,no,
PACWEST_POINT_LOMA_NAZARENE_UNIVERSITY_WSOC,Point Loma Nazarene University,soccer,women,D2,3188,83.7,Average SAT 1287 · ACT midpoint 26 (U.S. Dept. of Education College Scorecard).,https://collegescorecard.ed.gov/school/?121309,"College Scorecard, read 2026-10-09",other,no,
CACC_POST_UNIVERSITY_WSOC,Post University,soccer,women,D2,13603,,,https://collegescorecard.ed.gov/school/?130183,"College Scorecard, read 2026-10-09",other,no,
HOR_PURDUE_FORT_WAYNE_WSOC,Purdue Fort Wayne,soccer,women,D1,5484,83.9,Average SAT 1100 · ACT midpoint 23 (U.S. Dept. of Education College Scorecard).,https://collegescorecard.ed.gov/school/?151102,"College Scorecard, read 2026-10-09",other,no,
GLVC_QUINCY_UNIVERSITY_WSOC,Quincy University,soccer,women,D2,1010,50.9,Average SAT 1098 · ACT midpoint 24 (U.S. Dept. of Education College Scorecard).,https://collegescorecard.ed.gov/school/?148131,"College Scorecard, read 2026-10-09",other,no,
MAAC_QUINNIPIAC_WSOC,Quinnipiac,soccer,women,D1,6531,72.2,Average SAT 1242 (U.S. Dept. of Education College Scorecard).,https://collegescorecard.ed.gov/school/?130226,"College Scorecard, read 2026-10-09",other,no,
RMAC_REGIS_UNIVERSITY_WSOC,Regis University,soccer,women,D2,2627,86.5,Average SAT 1220 · ACT midpoint 25 (U.S. Dept. of Education College Scorecard).,https://collegescorecard.ed.gov/school/?127918,"College Scorecard, read 2026-10-09",other,no,
GLVC_ROCKHURST_UNIVERSITY_WSOC,Rockhurst University,soccer,women,D2,1580,69.6,Average SAT 1120 · ACT midpoint 23 (U.S. Dept. of Education College Scorecard).,https://collegescorecard.ed.gov/school/?179043,"College Scorecard, read 2026-10-09",other,no,
SSC_ROLLINS_COLLEGE_WSOC,Rollins College,soccer,women,D2,2631,47.5,Average SAT 1271 (U.S. Dept. of Education College Scorecard).,https://collegescorecard.ed.gov/school/?136950,"College Scorecard, read 2026-10-09",other,no,
GLIAC_ROOSEVELT_UNIVERSITY_WSOC,Roosevelt University,soccer,women,D2,2849,97.2,Average SAT 1011 · ACT midpoint 24 (U.S. Dept. of Education College Scorecard).,https://collegescorecard.ed.gov/school/?148487,"College Scorecard, read 2026-10-09",other,no,
MAAC_SACRED_HEART_WSOC,Sacred Heart,soccer,women,D1,7087,65.4,,https://collegescorecard.ed.gov/school/?130253,"College Scorecard, read 2026-10-09",other,no,
GLIAC_SAGINAW_VALLEY_STATE_UNIVERSITY_WSOC,Saginaw Valley State University,soccer,women,D2,5989,72.1,Average SAT 1052 · ACT midpoint 22 (U.S. Dept. of Education College Scorecard).,https://collegescorecard.ed.gov/school/?172051,"College Scorecard, read 2026-10-09",other,no,
SSC_SAINT_LEO_UNIVERSITY_WSOC,Saint Leo University,soccer,women,D2,6721,78.4,ACT midpoint 22 (U.S. Dept. of Education College Scorecard).,https://collegescorecard.ed.gov/school/?137032,"College Scorecard, read 2026-10-09",other,no,
A10_SAINT_LOUIS_WSOC,Saint Louis,soccer,women,D1,7267,75,Average SAT 1317 · ACT midpoint 30 (U.S. Dept. of Education College Scorecard).,https://collegescorecard.ed.gov/school/?179159,"College Scorecard, read 2026-10-09",other,no,
WCC_SAINT_MARY_S_WSOC,Saint Mary's,soccer,women,D1,1947,86.5,,https://collegescorecard.ed.gov/school/?123554,"College Scorecard, read 2026-10-09",other,no,
SOCON_SAMFORD_WSOC,Samford,soccer,women,D1,4206,82.4,Average SAT 1201 · ACT midpoint 26 (U.S. Dept. of Education College Scorecard).,https://collegescorecard.ed.gov/school/?102049,"College Scorecard, read 2026-10-09",other,no,
WCC_SAN_DIEGO_WSOC,San Diego,soccer,women,D1,5671,52.4,,https://collegescorecard.ed.gov/school/?122436,"College Scorecard, read 2026-10-09",other,no,
PAC12_SAN_DIEGO_STATE_WSOC,San Diego State,soccer,women,D1,35377,36.2,,https://collegescorecard.ed.gov/school/?122409,"College Scorecard, read 2026-10-09",other,no,
WCC_SAN_FRANCISCO_WSOC,San Francisco,soccer,women,D1,5287,61.7,Average SAT 1295 · ACT midpoint 29 (U.S. Dept. of Education College Scorecard).,https://collegescorecard.ed.gov/school/?122612,"College Scorecard, read 2026-10-09",other,no,
CCAA_SAN_FRANCISCO_STATE_UNIVERSITY_WSOC,San Francisco State University,soccer,women,D2,18639,96.4,,https://collegescorecard.ed.gov/school/?122597,"College Scorecard, read 2026-10-09",other,no,
MW_SAN_JOSE_STATE_WSOC,San Jose State,soccer,women,D1,27601,84.6,,https://collegescorecard.ed.gov/school/?122755,"College Scorecard, read 2026-10-09",other,no,
WCC_SANTA_CLARA_WSOC,Santa Clara,soccer,women,D1,6552,48,Average SAT 1426 · ACT midpoint 32 (U.S. Dept. of Education College Scorecard).,https://collegescorecard.ed.gov/school/?122931,"College Scorecard, read 2026-10-09",other,no,
CAR_SHORTER_UNIVERSITY_WSOC,Shorter University,soccer,women,D2,1028,96.5,Average SAT 1115 · ACT midpoint 21 (U.S. Dept. of Education College Scorecard).,https://collegescorecard.ed.gov/school/?140988,"College Scorecard, read 2026-10-09",other,no,
OVC_SIU_EDWARDSVILLE_WSOC,SIU Edwardsville,soccer,women,D1,8750,97.5,Average SAT 1100 · ACT midpoint 23 (U.S. Dept. of Education College Scorecard).,https://collegescorecard.ed.gov/school/?149231,"College Scorecard, read 2026-10-09",other,no,
SB_SOUTH_ALABAMA_WSOC,South Alabama,soccer,women,D1,8879,71,Average SAT 1147 · ACT midpoint 23 (U.S. Dept. of Education College Scorecard).,https://collegescorecard.ed.gov/school/?102094,"College Scorecard, read 2026-10-09",other,no,
AAC_SOUTH_FLORIDA_WSOC,South Florida,soccer,women,D1,37207,43.2,Average SAT 1227 · ACT midpoint 27 (U.S. Dept. of Education College Scorecard).,https://collegescorecard.ed.gov/school/?137351,"College Scorecard, read 2026-10-09",other,no,
OVC_SOUTHEAST_MISSOURI_STATE_WSOC,Southeast Missouri State,soccer,women,D1,6373,73.5,Average SAT 950 (U.S. Dept. of Education College Scorecard).,https://collegescorecard.ed.gov/school/?179557,"College Scorecard, read 2026-10-09",other,no,
SLND_SOUTHEASTERN_LOUISIANA_WSOC,Southeastern Louisiana,soccer,women,D1,9514,99.3,Average SAT 1090 (U.S. Dept. of Education College Scorecard).,https://collegescorecard.ed.gov/school/?160612,"College Scorecard, read 2026-10-09",other,no,
NEC_SOUTHERN_CONNECTICUT_STATE_UNIVERSITY_WSOC,Southern Connecticut State University,soccer,women,D2,6295,91.5,,https://collegescorecard.ed.gov/school/?130493,"College Scorecard, read 2026-10-09",other,no,
SB_SOUTHERN_MISS_WSOC,Southern Miss,soccer,women,D1,10075,99.1,Average SAT 1190 · ACT midpoint 23 (U.S. Dept. of Education College Scorecard).,https://collegescorecard.ed.gov/school/?176372,"College Scorecard, read 2026-10-09",other,no,
GLVC_SOUTHWEST_BAPTIST_UNIVERSITY_WSOC,Southwest Baptist University,soccer,women,D2,1341,68.4,Average SAT 1088 · ACT midpoint 22 (U.S. Dept. of Education College Scorecard).,https://collegescorecard.ed.gov/school/?179326,"College Scorecard, read 2026-10-09",other,no,
NSIC_SOUTHWEST_MINNESOTA_STATE_UNIVERSITY_WSOC,Southwest Minnesota State University,soccer,women,D2,2315,62.2,Average SAT 1050 (U.S. Dept. of Education College Scorecard).,https://collegescorecard.ed.gov/school/?175078,"College Scorecard, read 2026-10-09",other,no,
GSC_SPRING_HILL_COLLEGE_WSOC,Spring Hill College,soccer,women,D2,782,76.6,Average SAT 1120 · ACT midpoint 19 (U.S. Dept. of Education College Scorecard).,https://collegescorecard.ed.gov/school/?102234,"College Scorecard, read 2026-10-09",other,no,
SUM_ST_THOMAS_WSOC,St. Thomas,soccer,women,D1,6245,85.4,Average SAT 1296 · ACT midpoint 25 (U.S. Dept. of Education College Scorecard).,https://collegescorecard.ed.gov/school/?174914,"College Scorecard, read 2026-10-09",other,no,
ASUN_STETSON_WSOC,Stetson,soccer,women,D1,2297,71.6,Average SAT 1176 · ACT midpoint 26 (U.S. Dept. of Education College Scorecard).,https://collegescorecard.ed.gov/school/?137546,"College Scorecard, read 2026-10-09",other,no,
NEC_STONEHILL_WSOC,Stonehill,soccer,women,D1,2528,66.3,,https://collegescorecard.ed.gov/school/?167996,"College Scorecard, read 2026-10-09",other,no,
GMAC_THOMAS_MORE_UNIVERSITY_WSOC,Thomas More University,soccer,women,D2,1293,90.3,Average SAT 1180 (U.S. Dept. of Education College Scorecard).,https://collegescorecard.ed.gov/school/?157809,"College Scorecard, read 2026-10-09",other,no,
CAA_TOWSON_WSOC,Towson,soccer,women,D1,16136,82,Average SAT 1095 · ACT midpoint 24 (U.S. Dept. of Education College Scorecard).,https://collegescorecard.ed.gov/school/?164076,"College Scorecard, read 2026-10-09",other,no,
SB_TROY_WSOC,Troy,soccer,women,D1,9805,96,Average SAT 1088 · ACT midpoint 21 (U.S. Dept. of Education College Scorecard).,https://collegescorecard.ed.gov/school/?102368,"College Scorecard, read 2026-10-09",other,no,
GLVC_TRUMAN_STATE_UNIVERSITY_TRUMAN_WSOC,Truman State University (Truman),soccer,women,D2,2513,83.8,Average SAT 1320 · ACT midpoint 27 (U.S. Dept. of Education College Scorecard).,https://collegescorecard.ed.gov/school/?178615,"College Scorecard, read 2026-10-09",other,no,
,Tuskegee University,soccer,women,D2,2630,48.7,Average SAT 1120 · ACT midpoint 22 (U.S. Dept. of Education College Scorecard).,https://collegescorecard.ed.gov/school/?102377,"College Scorecard, read 2026-10-09",other,no,
AAC_UAB_WSOC,UAB,soccer,women,D1,11635,88.2,Average SAT 1258 · ACT midpoint 27 (U.S. Dept. of Education College Scorecard).,https://collegescorecard.ed.gov/school/?100663,"College Scorecard, read 2026-10-09",other,no,
B12_UCF_WSOC,UCF,soccer,women,D1,59146,40.1,Average SAT 1269 · ACT midpoint 28 (U.S. Dept. of Education College Scorecard).,https://collegescorecard.ed.gov/school/?132903,"College Scorecard, read 2026-10-09",other,no,
BE_UCONN_WSOC,UConn,soccer,women,D1,19835,52.4,Average SAT 1348 · ACT midpoint 30 (U.S. Dept. of Education College Scorecard).,https://collegescorecard.ed.gov/school/?129020,"College Scorecard, read 2026-10-09",other,no,
MVC_UIC_WSOC,UIC,soccer,women,D1,22170,77.3,Average SAT 1250 · ACT midpoint 27 (U.S. Dept. of Education College Scorecard).,https://collegescorecard.ed.gov/school/?145600,"College Scorecard, read 2026-10-09",other,no,
,University of Alabama in Huntsville,soccer,women,D2,6591,68.6,Average SAT 1319 · ACT midpoint 28 (U.S. Dept. of Education College Scorecard).,https://collegescorecard.ed.gov/school/?100706,"College Scorecard, read 2026-10-09",other,no,
CACC_UNIVERSITY_OF_BRIDGEPORT_WSOC,University of Bridgeport,soccer,women,D2,1534,83,,https://collegescorecard.ed.gov/school/?128744,"College Scorecard, read 2026-10-09",other,no,
MIAA_UNIVERSITY_OF_CENTRAL_MISSOURI_WSOC,University of Central Missouri,soccer,women,D2,5648,63.8,Average SAT 1050 (U.S. Dept. of Education College Scorecard).,https://collegescorecard.ed.gov/school/?176965,"College Scorecard, read 2026-10-09",other,no,
RMAC_UNIVERSITY_OF_COLORADO_COLORADO_SPRINGS_WSOC,University of Colorado Colorado Springs,soccer,women,D2,8697,97.4,Average SAT 1133 (U.S. Dept. of Education College Scorecard).,https://collegescorecard.ed.gov/school/?126580,"College Scorecard, read 2026-10-09",other,no,
PACWEST_UNIVERSITY_OF_HAWAI_I_AT_HILO_WSOC,University of Hawai'i at Hilo,soccer,women,D2,2160,60.6,Average SAT 1028 · ACT midpoint 19 (U.S. Dept. of Education College Scorecard).,https://collegescorecard.ed.gov/school/?141565,"College Scorecard, read 2026-10-09",other,no,
GLVC_UNIVERSITY_OF_INDIANAPOLIS_WSOC,University of Indianapolis,soccer,women,D2,3005,66.5,,https://collegescorecard.ed.gov/school/?151263,"College Scorecard, read 2026-10-09",other,no,
GLVC_UNIVERSITY_OF_MISSOURI_ST_LOUIS_WSOC,University of Missouri–St. Louis,soccer,women,D2,5024,62.7,Average SAT 1199 · ACT midpoint 26 (U.S. Dept. of Education College Scorecard).,https://collegescorecard.ed.gov/school/?178420,"College Scorecard, read 2026-10-09",other,no,
GSC_UNIVERSITY_OF_MONTEVALLO_WSOC,University of Montevallo,soccer,women,D2,2151,53.8,ACT midpoint 23 (U.S. Dept. of Education College Scorecard).,https://collegescorecard.ed.gov/school/?101709,"College Scorecard, read 2026-10-09",other,no,
SSC_UNIVERSITY_OF_TAMPA_WSOC,University of Tampa,soccer,women,D2,10572,40.3,ACT midpoint 26 (U.S. Dept. of Education College Scorecard).,https://collegescorecard.ed.gov/school/?137847,"College Scorecard, read 2026-10-09",other,no,
GSC_UNIVERSITY_OF_WEST_ALABAMA_WSOC,University of West Alabama,soccer,women,D2,2974,42.6,Average SAT 1015 · ACT midpoint 19 (U.S. Dept. of Education College Scorecard).,https://collegescorecard.ed.gov/school/?101587,"College Scorecard, read 2026-10-09",other,no,
GLVC_UPPER_IOWA_UNIVERSITY_WSOC,Upper Iowa University,soccer,women,D2,1994,96.5,Average SAT 1090 · ACT midpoint 21 (U.S. Dept. of Education College Scorecard).,https://collegescorecard.ed.gov/school/?154493,"College Scorecard, read 2026-10-09",other,no,
B10_USC_WSOC,USC,soccer,women,D1,20443,9.8,Average SAT 1495 · ACT midpoint 34 (U.S. Dept. of Education College Scorecard).,https://collegescorecard.ed.gov/school/?123961,"College Scorecard, read 2026-10-09",other,no,
GSC_VALDOSTA_STATE_UNIVERSITY_WSOC,Valdosta State University,soccer,women,D2,6622,72.3,Average SAT 1013 · ACT midpoint 20 (U.S. Dept. of Education College Scorecard).,https://collegescorecard.ed.gov/school/?141264,"College Scorecard, read 2026-10-09",other,no,
MVC_VALPARAISO_WSOC,Valparaiso,soccer,women,D1,2083,89.4,Average SAT 1178 (U.S. Dept. of Education College Scorecard).,https://collegescorecard.ed.gov/school/?152600,"College Scorecard, read 2026-10-09",other,no,
MIAA_WASHBURN_UNIVERSITY_WSOC,Washburn University,soccer,women,D2,4562,,,https://collegescorecard.ed.gov/school/?156082,"College Scorecard, read 2026-10-09",other,no,
,Wayne State University,soccer,women,D2,15587,81.2,Average SAT 1156 · ACT midpoint 25 (U.S. Dept. of Education College Scorecard).,https://collegescorecard.ed.gov/school/?172644,"College Scorecard, read 2026-10-09",other,no,
ASUN_WEST_FLORIDA_WSOC,West Florida,soccer,women,D1,9330,58.2,Average SAT 1138 · ACT midpoint 24 (U.S. Dept. of Education College Scorecard).,https://collegescorecard.ed.gov/school/?138354,"College Scorecard, read 2026-10-09",other,no,
,West Georgia,soccer,women,D1,7520,51.6,Average SAT 1032 · ACT midpoint 21 (U.S. Dept. of Education College Scorecard).,https://collegescorecard.ed.gov/school/?141334,"College Scorecard, read 2026-10-09",other,no,
RMAC_WESTERN_COLORADO_UNIVERSITY_WSOC,Western Colorado University,soccer,women,D2,1586,99.7,Average SAT 1230 · ACT midpoint 24 (U.S. Dept. of Education College Scorecard).,https://collegescorecard.ed.gov/school/?128391,"College Scorecard, read 2026-10-09",other,no,
OVC_WESTERN_ILLINOIS_WSOC,Western Illinois,soccer,women,D1,4410,71.2,,https://collegescorecard.ed.gov/school/?149772,"College Scorecard, read 2026-10-09",other,no,
CUSA_WESTERN_KENTUCKY_WSOC,Western Kentucky,soccer,women,D1,12155,93.9,Average SAT 971 (U.S. Dept. of Education College Scorecard).,https://collegescorecard.ed.gov/school/?157951,"College Scorecard, read 2026-10-09",other,no,
MAC_WESTERN_MICHIGAN_WSOC,Western Michigan,soccer,women,D1,12568,84.6,ACT midpoint 24 (U.S. Dept. of Education College Scorecard).,https://collegescorecard.ed.gov/school/?172699,"College Scorecard, read 2026-10-09",other,no,
PACWEST_WESTMONT_COLLEGE_WSOC,Westmont College,soccer,women,D2,1302,77,Average SAT 1328 · ACT midpoint 29 (U.S. Dept. of Education College Scorecard).,https://collegescorecard.ed.gov/school/?125727,"College Scorecard, read 2026-10-09",other,no,
GLVC_WILLIAM_JEWELL_COLLEGE_WSOC,William Jewell College,soccer,women,D2,924,38.4,Average SAT 1095 · ACT midpoint 24 (U.S. Dept. of Education College Scorecard).,https://collegescorecard.ed.gov/school/?179955,"College Scorecard, read 2026-10-09",other,no,
CACC_WILMINGTON_UNIVERSITY_WSOC,Wilmington University,soccer,women,D2,7906,,,https://collegescorecard.ed.gov/school/?131113,"College Scorecard, read 2026-10-09",other,no,
NSIC_WINONA_STATE_UNIVERSITY_WSOC,Winona State University,soccer,women,D2,5144,75.5,ACT midpoint 22 (U.S. Dept. of Education College Scorecard).,https://collegescorecard.ed.gov/school/?175272,"College Scorecard, read 2026-10-09",other,no,
IVY_YALE_WSOC,Yale,soccer,women,D1,6758,3.9,Average SAT 1534 · ACT midpoint 34 (U.S. Dept. of Education College Scorecard).,https://collegescorecard.ed.gov/school/?130794,"College Scorecard, read 2026-10-09",other,no,
CAR_YOUNG_HARRIS_COLLEGE_WSOC,Young Harris College,soccer,women,D2,755,62.6,,https://collegescorecard.ed.gov/school/?141361,"College Scorecard, read 2026-10-09",other,no,
