program_id,school_name,sport,gender,division,camps_url,source_url,source_name,source_type,verified,notes
AE_ALBANY_WSOC,Albany,soccer,women,D1,https://ualbanysports.com/sports/2026/6/10/camps-and-clinics.aspx,https://ualbanysports.com/sports/2026/6/10/camps-and-clinics.aspx,"Official camps link found on team site, read 2026-10-09",official_university,no,
AE_BINGHAMTON_WSOC,Binghamton,soccer,women,D1,https://prod1.agileticketing.net/websales/pages/entrypoint.aspx?guid=91f4e274-dede-489f-b481-718a54418dba&,https://prod1.agileticketing.net/websales/pages/entrypoint.aspx?guid=91f4e274-dede-489f-b481-718a54418dba&,"Official camps link found on team site, read 2026-10-09",official_university,no,
AE_MAINE_WSOC,Maine,soccer,women,D1,https://goblackbears.com/sports/2016/5/20/camps-index,https://goblackbears.com/sports/2016/5/20/camps-index,"Official camps link found on team site, read 2026-10-09",official_university,no,
AE_NEW_HAMPSHIRE_WSOC,New Hampshire,soccer,women,D1,https://unhwildcats.com/sports/2015/6/23/Camps,https://unhwildcats.com/sports/2015/6/23/Camps,"Official camps link found on team site, read 2026-10-09",official_university,no,
AE_UMASS_LOWELL_WSOC,UMass Lowell,soccer,women,D1,https://goriverhawks.com/sports/2017/12/21/camps-clinics,https://goriverhawks.com/sports/2017/12/21/camps-clinics,"Official camps link found on team site, read 2026-10-09",official_university,no,
AE_UMBC_WSOC,UMBC,soccer,women,D1,https://umbcretrievers.com/sports/2025/6/16/camps.aspx,https://umbcretrievers.com/sports/2025/6/16/camps.aspx,"Official camps link found on team site, read 2026-10-09",official_university,no,
AE_VERMONT_WSOC,Vermont,soccer,women,D1,https://uvmathletics.com/sports/2019/3/13/summer-sport-camps.aspx,https://uvmathletics.com/sports/2019/3/13/summer-sport-camps.aspx,"Official camps link found on team site, read 2026-10-09",official_university,no,
AAC_EAST_CAROLINA_WSOC,East Carolina,soccer,women,D1,https://ecupirates.com/sports/2021/5/25/ecu-sports-camps,https://ecupirates.com/sports/2021/5/25/ecu-sports-camps,"Official camps link found on team site, read 2026-10-09",official_university,no,
AAC_FLORIDA_ATLANTIC_WSOC,Florida Atlantic,soccer,women,D1,https://fausports.com/sports/2018/5/25/camps-fau-camps-html,https://fausports.com/sports/2018/5/25/camps-fau-camps-html,"Official camps link found on team site, read 2026-10-09",official_university,no,
AAC_MEMPHIS_WSOC,Memphis,soccer,women,D1,https://gotigersgo.com/sports/2015/4/9/GEN_2014010154,https://gotigersgo.com/sports/2015/4/9/GEN_2014010154,"Official camps link found on team site, read 2026-10-09",official_university,no,
AAC_TULSA_WSOC,Tulsa,soccer,women,D1,https://utulsa.edu/admissions/undergraduate-admission/?highlight=campus%20tour,https://admission.utulsa.edu/visit-campus/?highlight=campus%20tour,"Official camps link found on team site, read 2026-10-09",official_university,no,
AAC_UAB_WSOC,UAB,soccer,women,D1,https://uabsports.com/sports/2023/4/20/2026-uab-summer-camps,https://uabsports.com/sports/2023/4/20/2026-uab-summer-camps,"Official camps link found on team site, read 2026-10-09",official_university,no,
AAC_UTSA_WSOC,UTSA,soccer,women,D1,https://goutsa.com/utsa-camp-information,https://goutsa.com/utsa-camp-information,"Official camps link found on team site, read 2026-10-09",official_university,no,
A10_DAYTON_WSOC,Dayton,soccer,women,D1,https://daytonflyers.com/sports/2013/8/1/Camps.aspx,https://daytonflyers.com/sports/2013/8/1/Camps.aspx,"Official camps link found on team site, read 2026-10-09",official_university,no,
A10_DUQUESNE_WSOC,Duquesne,soccer,women,D1,https://www.duq.edu/campus-map.php,https://www.duq.edu/campus-map.php,"Official camps link found on team site, read 2026-10-09",official_university,no,
A10_FORDHAM_WSOC,Fordham,soccer,women,D1,https://fordhamsports.com/sports/2017/5/24/fordham-summer-camps.aspx,https://fordhamsports.com/sports/2017/5/24/fordham-summer-camps.aspx,"Official camps link found on team site, read 2026-10-09",official_university,no,
A10_GEORGE_WASHINGTON_WSOC,George Washington,soccer,women,D1,https://explore.gwu.edu/,https://explore.gwu.edu/,"Official camps link found on team site, read 2026-10-09",official_university,no,
A10_LA_SALLE_WSOC,La Salle,soccer,women,D1,https://goexplorers.com/documents/2013/6/5/Protecting_Minors_on_Campus_Policy_-_FINAL_060313.pdf,https://goexplorers.com/documents/2013/6/5/Protecting_Minors_on_Campus_Policy_-_FINAL_060313.pdf,"Official camps link found on team site, read 2026-10-09",official_university,no,
A10_LOYOLA_CHICAGO_WSOC,Loyola Chicago,soccer,women,D1,https://loyolaramblers.com/sports/2023/2/27/rambler-sports-camps.aspx,https://loyolaramblers.com/sports/2023/2/27/rambler-sports-camps.aspx,"Official camps link found on team site, read 2026-10-09",official_university,no,
A10_RHODE_ISLAND_WSOC,Rhode Island,soccer,women,D1,https://gorhody.com/sports/2020/6/9/camps-info.aspx,https://gorhody.com/sports/2020/6/9/camps-info.aspx,"Official camps link found on team site, read 2026-10-09",official_university,no,
A10_RICHMOND_WSOC,Richmond,soccer,women,D1,https://richmondspiderscamps.com/,https://richmondspiderscamps.com/,"Official camps link found on team site, read 2026-10-09",official_university,no,
A10_SAINT_JOSEPH_S_WSOC,Saint Joseph's,soccer,women,D1,https://www.sju.edu/athletics/campus-recreation,https://www.sju.edu/athletics/campus-recreation,"Official camps link found on team site, read 2026-10-09",official_university,no,
A10_SAINT_LOUIS_WSOC,Saint Louis,soccer,women,D1,https://www.saintlouiselitesoccercamp.com/index.cfm?path=wsoc,http://www.saintlouiselitesoccercamp.com/index.cfm?path=wsoc,"Official camps link found on team site, read 2026-10-09",official_university,no,
A10_ST_BONAVENTURE_WSOC,St. Bonaventure,soccer,women,D1,https://www.sbu.edu/about/community-programs,https://www.sbu.edu/about/community-programs,"Official camps link found on team site, read 2026-10-09",official_university,no,
A10_VCU_WSOC,VCU,soccer,women,D1,https://vcuathletics.com/sports/2020/5/20/camps-CampCentral,https://vcuathletics.com/sports/2020/5/20/camps-CampCentral,"Official camps link found on team site, read 2026-10-09",official_university,no,
ACC_CLEM_WSOC,Clemson,soccer,women,D1,https://clemsontigers.com/camps,https://clemsontigers.com/camps,"Official camps link found on team site, read 2026-10-09",official_university,no,
ACC_FSU_WSOC,Florida State,soccer,women,D1,https://seminoles.com/sports/2017/7/4/camps,https://seminoles.com/sports/2017/7/4/camps,"Official camps link found on team site, read 2026-10-09",official_university,no,
ACC_LOU_WSOC,Louisville,soccer,women,D1,https://louisvillecardinalssportscamps.com/,https://louisvillecardinalssportscamps.com/,"Official camps link found on team site, read 2026-10-09",official_university,no,
ACC_NCSU_WSOC,NC State,soccer,women,D1,https://gopack.com/sports/2015/7/17/Summer_Camps,https://gopack.com/sports/2015/7/17/Summer_Camps,"Official camps link found on team site, read 2026-10-09",official_university,no,
ACC_UNC_WSOC,North Carolina,soccer,women,D1,https://goheels.com/sports/2018/3/28/camps-page,https://goheels.com/sports/2018/3/28/camps-page,"Official camps link found on team site, read 2026-10-09",official_university,no,
ACC_ND_WSOC,Notre Dame,soccer,women,D1,https://fightingirish.com/camps-home,https://fightingirish.com/camps-home/,"Official camps link found on team site, read 2026-10-09",official_university,no,
ACC_PITT_WSOC,Pittsburgh,soccer,women,D1,https://www.pittwomenssoccercamp.com/,https://www.pittwomenssoccercamp.com/,"Official camps link found on team site, read 2026-10-09",official_university,no,
ACC_UVA_WSOC,Virginia,soccer,women,D1,https://virginiasports.com/camp-clinic-information,https://virginiasports.com/camp-clinic-information,"Official camps link found on team site, read 2026-10-09",official_university,no,
ACC_VT_WSOC,Virginia Tech,soccer,women,D1,https://wsoccercampsatvt.com/,http://wsoccercampsatvt.com/,"Official camps link found on team site, read 2026-10-09",official_university,no,
ASUN_BELLARMINE_WSOC,Bellarmine,soccer,women,D1,https://athletics.bellarmine.edu/sports/2015/5/12/GEN_0512153701.aspx,https://athletics.bellarmine.edu/sports/2015/5/12/GEN_0512153701.aspx,"Official camps link found on team site, read 2026-10-09",official_university,no,
ASUN_JACKSONVILLE_WSOC,Jacksonville,soccer,women,D1,https://www.ju.edu/about/mapsanddirections/index.php,https://www.ju.edu/about/mapsanddirections/index.php,"Official camps link found on team site, read 2026-10-09",official_university,no,
ASUN_LIPSCOMB_WSOC,Lipscomb,soccer,women,D1,https://lipscombsports.com/sports/2020/4/14/_132313645472517823,https://lipscombsports.com/sports/2020/4/14/_132313645472517823,"Official camps link found on team site, read 2026-10-09",official_university,no,
ASUN_NORTH_FLORIDA_WSOC,North Florida,soccer,women,D1,https://unfospreys.com/sports/2007/11/14/camps,https://unfospreys.com/sports/2007/11/14/camps,"Official camps link found on team site, read 2026-10-09",official_university,no,
ASUN_WEST_FLORIDA_WSOC,West Florida,soccer,women,D1,https://goargos.com/sports/2021/4/13/womens-soccer-camps?prl=637539087155555082,https://goargos.com/sports/2021/4/13/womens-soccer-camps?prl=637539087155555082,"Official camps link found on team site, read 2026-10-09",official_university,no,
B12_ARIZ_WSOC,Arizona,soccer,women,D1,https://www.beccamorossoccercamps.com/,https://www.beccamorossoccercamps.com/,"Official camps link found on team site, read 2026-10-09",official_university,no,
B12_BAY_WSOC,Baylor,soccer,women,D1,https://baylorbears.com/sports/2018/5/16/camps-bay-camps-html,https://baylorbears.com/sports/2018/5/16/camps-bay-camps-html,"Official camps link found on team site, read 2026-10-09",official_university,no,
B12_BYU_WSOC,BYU,soccer,women,D1,https://www.byusportscamps.com/,https://www.byusportscamps.com/,"Official camps link found on team site, read 2026-10-09",official_university,no,
B12_CIN_WSOC,Cincinnati,soccer,women,D1,https://gobearcats.com/camps-clinics,https://gobearcats.com/sports/2017/6/13/camps-clinics,"Official camps link found on team site, read 2026-10-09",official_university,no,
B12_COLO_WSOC,Colorado,soccer,women,D1,https://cubuffs.com/sports/2009/12/14/204848273,https://cubuffs.com/sports/2009/12/14/204848273,"Official camps link found on team site, read 2026-10-09",official_university,no,
B12_ISU_WSOC,Iowa State,soccer,women,D1,https://www.youtube.com/watch?v=DKOShduoJjI,https://www.youtube.com/watch?v=DKOShduoJjI,"Official camps link found on team site, read 2026-10-09",official_university,no,
B12_KU_WSOC,Kansas,soccer,women,D1,https://thegoodgame.com/kuathletics/campsandclinics/,https://thegoodgame.com/kuathletics/campsandclinics/,"Official camps link found on team site, read 2026-10-09",official_university,no,
B12_OKST_WSOC,Oklahoma State,soccer,women,D1,https://news.okstate.edu/campus-map,https://news.okstate.edu/campus-map,"Official camps link found on team site, read 2026-10-09",official_university,no,
B12_TCU_WSOC,TCU,soccer,women,D1,https://gofrogs.com/sports/2018/7/23/tcu-camps-and-clinics-home,https://gofrogs.com/sports/2018/7/23/tcu-camps-and-clinics-home,"Official camps link found on team site, read 2026-10-09",official_university,no,
B12_TTU_WSOC,Texas Tech,soccer,women,D1,https://www.youvisit.com/tour/ttu,https://www.youvisit.com/tour/ttu,"Official camps link found on team site, read 2026-10-09",official_university,no,
B12_UCF_WSOC,UCF,soccer,women,D1,https://www.centralfloridagirlssoccer.com/?path=wsoc,https://www.centralfloridagirlssoccer.com/?path=wsoc,"Official camps link found on team site, read 2026-10-09",official_university,no,
B12_WVU_WSOC,West Virginia,soccer,women,D1,https://wvusports.com/sports/2025/4/23/wvu-camps,https://wvusports.com/camps,"Official camps link found on team site, read 2026-10-09",official_university,no,
BE_BUTLER_WSOC,Butler,soccer,women,D1,https://butlersports.com/sports/2016/5/19/information-camps-sports-camps.aspx,https://butlersports.com/sports/2016/5/19/information-camps-sports-camps.aspx,"Official camps link found on team site, read 2026-10-09",official_university,no,
BE_CREIGHTON_WSOC,Creighton,soccer,women,D1,https://gocreighton.com/sports/2016/5/17/bluejay-camps,https://gocreighton.com/sports/2016/5/17/bluejay-camps,"Official camps link found on team site, read 2026-10-09",official_university,no,
BE_DEPAUL_WSOC,DePaul,soccer,women,D1,https://depaulbluedemons.com/sports/2018/7/27/camps-depa-camps-html,https://depaulbluedemons.com/sports/2018/7/27/camps-depa-camps-html,"Official camps link found on team site, read 2026-10-09",official_university,no,
BE_GEORGETOWN_WSOC,Georgetown,soccer,women,D1,https://www.youvisit.com/tour/61422/139347/?pl=v&hover=0&embed_type=immersive&index=0&embed=613167764318635041&ab=null&reff=https%3A%2F%2Fwww.georgetown.edu%2Fplan-your-visit%2Fhilltop-campus%2F&_sp=undefined,https://www.youvisit.com/tour/61422/139347/?pl=v&hover=0&embed_type=immersive&index=0&embed=613167764318635041&ab=null&reff=https%3A%2F%2Fwww.georgetown.edu%2Fplan-your-visit%2Fhilltop-campus%2F&_sp=undefined,"Official camps link found on team site, read 2026-10-09",official_university,no,
BE_PROVIDENCE_WSOC,Providence,soccer,women,D1,https://friars.com/sports/2018/6/15/links-prov-links-html,https://friars.com/sports/2018/6/15/links-prov-links-html,"Official camps link found on team site, read 2026-10-09",official_university,no,
BE_ST_JOHN_S_WSOC,St. John's,soccer,women,D1,https://redstormsports.com/sports/2018/6/12/camps-stjo-camps-html,https://redstormsports.com/sports/2018/6/12/camps-stjo-camps-html,"Official camps link found on team site, read 2026-10-09",official_university,no,
BE_UCONN_WSOC,UConn,soccer,women,D1,https://www.events.foundation.uconn.edu/ereg/inactive.php?eventid=883074,https://www.events.foundation.uconn.edu/ereg/index.php?eventid=883074&,"Official camps link found on team site, read 2026-10-09",official_university,no,
BE_VILLANOVA_WSOC,Villanova,soccer,women,D1,https://www.novawsoccer.com/About%20Us,http://www.novawsoccer.com/About%20Us,"Official camps link found on team site, read 2026-10-09",official_university,no,
BSKY_EASTERN_WASHINGTON_WSOC,Eastern Washington,soccer,women,D1,https://www.ewuathleticcamps.com/,https://www.ewuathleticcamps.com/,"Official camps link found on team site, read 2026-10-09",official_university,no,
BSKY_IDAHO_WSOC,Idaho,soccer,women,D1,https://nil.store/idaho,https://nil.store/idaho,"Official camps link found on team site, read 2026-10-09",official_university,no,
BSKY_IDAHO_STATE_WSOC,Idaho State,soccer,women,D1,https://isubengals.com/sports/2010/10/7/GEN_1007104515,https://isubengals.com/sports/2010/10/7/GEN_1007104515,"Official camps link found on team site, read 2026-10-09",official_university,no,
BSKY_NORTHERN_ARIZONA_WSOC,Northern Arizona,soccer,women,D1,https://www.youvisit.com/tour/nau?pl=v,http://www.youvisit.com/tour/nau?pl=v,"Official camps link found on team site, read 2026-10-09",official_university,no,
BSKY_NORTHERN_COLORADO_WSOC,Northern Colorado,soccer,women,D1,https://uncbears.com/sports/2023/4/17/SportCamps,https://uncbears.com/sports/2023/4/17/SportCamps.aspx,"Official camps link found on team site, read 2026-10-09",official_university,no,
BSKY_SOUTHERN_UTAH_WSOC,Southern Utah,soccer,women,D1,https://www.futurefootycamps.com/,http://futurefootycamps.com/?path=wsoc,"Official camps link found on team site, read 2026-10-09",official_university,no,
BSKY_UTAH_TECH_WSOC,Utah Tech,soccer,women,D1,https://www.youvisit.com/tour/136280/143560,https://www.youvisit.com/tour/136280/143560,"Official camps link found on team site, read 2026-10-09",official_university,no,
BSKY_WEBER_STATE_WSOC,Weber State,soccer,women,D1,https://weberstatesports.com/sports/2014/2/6/209398887,https://weberstatesports.com/sports/2014/2/6/209398887,"Official camps link found on team site, read 2026-10-09",official_university,no,
BSOUTH_CHARLESTON_SOUTHERN_WSOC,Charleston Southern,soccer,women,D1,https://www.charlestonsouthern.edu/mapping-out-study-spots/,https://www.charlestonsouthern.edu/about/map/,"Official camps link found on team site, read 2026-10-09",official_university,no,
BSOUTH_GARDNER_WEBB_WSOC,Gardner–Webb,soccer,women,D1,https://www.coacheriksoccercamps.com/,https://www.coacheriksoccercamps.com/,"Official camps link found on team site, read 2026-10-09",official_university,no,
BSOUTH_HIGH_POINT_WSOC,High Point,soccer,women,D1,https://highpointpanthers.com/sports/2009/8/24/GEN_0824094202.aspx,https://highpointpanthers.com/sports/2009/8/24/GEN_0824094202.aspx,"Official camps link found on team site, read 2026-10-09",official_university,no,
BSOUTH_LONGWOOD_WSOC,Longwood,soccer,women,D1,https://longwoodlancers.com/sports/2023/5/22/team-camps-page.aspx,https://longwoodlancers.com/sports/2023/5/22/team-camps-page.aspx,"Official camps link found on team site, read 2026-10-09",official_university,no,
BSOUTH_PRESBYTERIAN_WSOC,Presbyterian,soccer,women,D1,https://gobluehose.com/documents/2024/10/25/Campus_Map.pdf,https://gobluehose.com/documents/2024/10/25/Campus_Map.pdf,"Official camps link found on team site, read 2026-10-09",official_university,no,
BSOUTH_RADFORD_WSOC,Radford,soccer,women,D1,https://radfordathletics.com/sports/2019/9/17/camps,https://radfordathletics.com/sports/2019/9/17/camps,"Official camps link found on team site, read 2026-10-09",official_university,no,
BSOUTH_UNC_ASHEVILLE_WSOC,UNC Asheville,soccer,women,D1,https://www.unca.edu/campus-map/,https://maps.unca.edu/,"Official camps link found on team site, read 2026-10-09",official_university,no,
BSOUTH_USC_UPSTATE_WSOC,USC Upstate,soccer,women,D1,https://upstatespartans.com/sports/2023/6/2/2023-summer-camp-information,https://upstatespartans.com/sports/2023/6/2/2023-summer-camp-information.aspx,"Official camps link found on team site, read 2026-10-09",official_university,no,
B10_IOWA_WSOC,Iowa,soccer,women,D1,https://iowasportscamps.com/,https://www.iowasportscamps.com/,"Official camps link found on team site, read 2026-10-09",official_university,no,
B10_UMD_WSOC,Maryland,soccer,women,D1,https://umterps.com/sports/2018/6/26/camp-information,https://umterps.com/sports/2018/6/26/camp-information,"Official camps link found on team site, read 2026-10-09",official_university,no,
B10_MICH_WSOC,Michigan,soccer,women,D1,https://camps.mgoblue.com/,https://camps.mgoblue.com/,"Official camps link found on team site, read 2026-10-09",official_university,no,
B10_NEB_WSOC,Nebraska,soccer,women,D1,http://www.bigredsoccercamp.com/site3.aspx,http://www.bigredsoccercamp.com/?path=wsoc,"Official camps link found on team site, read 2026-10-09",official_university,no,
B10_NU_WSOC,Northwestern,soccer,women,D1,https://nusports.com/northwestern-sport-camps,https://nusports.com/northwestern-sport-camps,"Official camps link found on team site, read 2026-10-09",official_university,no,
B10_PSU_WSOC,Penn State,soccer,women,D1,https://gopsusports.com/sports-camps,https://gopsusports.com/sports-camps,"Official camps link found on team site, read 2026-10-09",official_university,no,
B10_RUT_WSOC,Rutgers,soccer,women,D1,https://scarletknights.com/sports/2025/3/17/rutgers-summer-camps,https://scarletknights.com/sports/2025/3/17/rutgers-summer-camps.aspx,"Official camps link found on team site, read 2026-10-09",official_university,no,
B10_UCLA_WSOC,UCLA,soccer,women,D1,https://uclabruins.com/camps,https://uclabruins.com/sports/2016/12/6/camps,"Official camps link found on team site, read 2026-10-09",official_university,no,
B10_USC_WSOC,USC,soccer,women,D1,https://usctrojans.com/sports/2025/11/11/usc-trojans-athletics-on-campus-parking-transportation-garage,https://usctrojans.com/sports/2025/11/11/usc-trojans-athletics-on-campus-parking-transportation-garage,"Official camps link found on team site, read 2026-10-09",official_university,no,
B10_WISC_WSOC,Wisconsin,soccer,women,D1,http://uwcamps.com/,http://uwcamps.com/,"Official camps link found on team site, read 2026-10-09",official_university,no,
BW_CAL_POLY_WSOC,Cal Poly,soccer,women,D1,https://gopoly.com/sports/2020/6/4/insideathletics-camps,https://gopoly.com/sports/2020/6/4/insideathletics-camps,"Official camps link found on team site, read 2026-10-09",official_university,no,
BW_CAL_STATE_BAKERSFIELD_WSOC,Cal State Bakersfield,soccer,women,D1,https://www.csubcamps-wsoc.com/shop/EVENT,https://www.csubcamps-wsoc.com/shop/EVENT,"Official camps link found on team site, read 2026-10-09",official_university,no,
BW_CALIFORNIA_BAPTIST_WSOC,California Baptist,soccer,women,D1,https://bookstore.calbaptist.edu/home,https://bookstore.calbaptist.edu/home,"Official camps link found on team site, read 2026-10-09",official_university,no,
BW_SACRAMENTO_STATE_WSOC,Sacramento State,soccer,women,D1,https://hornetsports.com/sports/2022/6/21/fan-info-camps-index.aspx,https://hornetsports.com/sports/2022/6/21/fan-info-camps-index.aspx,"Official camps link found on team site, read 2026-10-09",official_university,no,
BW_UC_IRVINE_WSOC,UC Irvine,soccer,women,D1,https://ucirvinesports.com/sports/2017/5/26/camps-index,https://ucirvinesports.com/sports/2017/5/26/camps-index,"Official camps link found on team site, read 2026-10-09",official_university,no,
BW_UC_RIVERSIDE_WSOC,UC Riverside,soccer,women,D1,https://gohighlanders.com/sports/2018/6/21/highlander-camps,https://gohighlanders.com/sports/2018/6/21/highlander-camps,"Official camps link found on team site, read 2026-10-09",official_university,no,
BW_UC_SAN_DIEGO_WSOC,UC San Diego,soccer,women,D1,https://www.ucsandiegocamps.com/index.cfm,https://www.ucsandiegocamps.com/index.cfm,"Official camps link found on team site, read 2026-10-09",official_university,no,
BW_UC_SANTA_BARBARA_WSOC,UC Santa Barbara,soccer,women,D1,https://ucsbgauchos.com/sports/2025/8/23/camps-and-clinics-2025.aspx,https://ucsbgauchos.com/sports/2025/8/23/camps-and-clinics-2025.aspx,"Official camps link found on team site, read 2026-10-09",official_university,no,
BW_UTAH_VALLEY_WSOC,Utah Valley,soccer,women,D1,https://gouvu.com/sports/2018/1/14/camps,https://gouvu.com/sports/2018/1/14/camps,"Official camps link found on team site, read 2026-10-09",official_university,no,
CAA_CAMPBELL_WSOC,Campbell,soccer,women,D1,https://www.campbell.edu/,https://www.campbell.edu/,"Official camps link found on team site, read 2026-10-09",official_university,no,
CAA_CHARLESTON_WSOC,Charleston,soccer,women,D1,https://cofcsports.com/sports/2017/4/28/camps-and-clinics,https://cofcsports.com/sports/2017/4/28/camps-and-clinics,"Official camps link found on team site, read 2026-10-09",official_university,no,
CAA_DREXEL_WSOC,Drexel,soccer,women,D1,https://drexeldragons.com/sports/2009/6/29/sidebar_438,https://drexeldragons.com/sports/2009/6/29/sidebar_438,"Official camps link found on team site, read 2026-10-09",official_university,no,
CAA_ELON_WSOC,Elon,soccer,women,D1,https://www.eloncamps.com/,https://elonphoenix.com/sports/2015/3/13/ATH_0313152109,"Official camps link found on team site, read 2026-10-09",official_university,no,
CAA_HAMPTON_WSOC,Hampton,soccer,women,D1,https://hamptonpirates.com/sports/2025/5/7/hampton-camps-2025,https://hamptonpirates.com/sports/2025/5/7/hampton-camps-2025,"Official camps link found on team site, read 2026-10-09",official_university,no,
CAA_MONMOUTH_WSOC,Monmouth,soccer,women,D1,https://camps.monmouthhawks.com/,https://camps.monmouthhawks.com/,"Official camps link found on team site, read 2026-10-09",official_university,no,
CAA_NORTHEASTERN_WSOC,Northeastern,soccer,women,D1,https://nuhuskies.com/sports/2010/3/25/GEN_0325102538.aspx,https://nuhuskies.com/sports/2010/3/25/GEN_0325102538.aspx,"Official camps link found on team site, read 2026-10-09",official_university,no,
CAA_TOWSON_WSOC,Towson,soccer,women,D1,https://towsonwomenssoccercamps.totalcamps.com/,https://towsonwomenssoccercamps.totalcamps.com/,"Official camps link found on team site, read 2026-10-09",official_university,no,
CAA_UNC_WILMINGTON_WSOC,UNC Wilmington,soccer,women,D1,https://uncwsports.com/sports/2014/7/9/GEN_0709142528,https://uncwsports.com/sports/2014/7/9/GEN_0709142528,"Official camps link found on team site, read 2026-10-09",official_university,no,
CUSA_FIU_WSOC,FIU,soccer,women,D1,https://www.fiu.edu/about/,http://www.fiu.edu/about-us/index.html,"Official camps link found on team site, read 2026-10-09",official_university,no,
CUSA_JACKSONVILLE_STATE_WSOC,Jacksonville State,soccer,women,D1,https://www.jsugamecocksportscamps.com/,https://www.jsugamecocksportscamps.com/,"Official camps link found on team site, read 2026-10-09",official_university,no,
CUSA_KENNESAW_STATE_WSOC,Kennesaw State,soccer,women,D1,https://ksuowls.com/sports/2012/1/27/camps?id=216,https://ksuowls.com/sports/2012/1/27/camps?id=216,"Official camps link found on team site, read 2026-10-09",official_university,no,
CUSA_LIBERTY_WSOC,Liberty,soccer,women,D1,https://libertyflames.com/sports/2017/8/20/camps,https://libertyflames.com/sports/2017/8/20/camps,"Official camps link found on team site, read 2026-10-09",official_university,no,
CUSA_MISSOURI_STATE_WSOC,Missouri State,soccer,women,D1,https://missouristatebears.com/sports/2016/7/21/camps-mosu-camps-html,https://missouristatebears.com/sports/2016/7/21/camps-mosu-camps-html,"Official camps link found on team site, read 2026-10-09",official_university,no,
CUSA_SAM_HOUSTON_WSOC,Sam Houston,soccer,women,D1,https://gobearkats.com/sports/2010/10/14/1280675,https://gobearkats.com/sports/2010/10/14/1280675.aspx,"Official camps link found on team site, read 2026-10-09",official_university,no,
CUSA_WESTERN_KENTUCKY_WSOC,Western Kentucky,soccer,women,D1,https://wkusoccercamps.corsizio.com/,https://wkusoccercamps.corsizio.com/,"Official camps link found on team site, read 2026-10-09",official_university,no,
HOR_DETROIT_MERCY_WSOC,Detroit Mercy,soccer,women,D1,https://detroittitans.com/documents/2020/6/17/McNichols_Campus_map.pdf,https://detroittitans.com/documents/2020/6/17/McNichols_Campus_map.pdf,"Official camps link found on team site, read 2026-10-09",official_university,no,
HOR_IU_INDY_WSOC,IU Indy,soccer,women,D1,https://indianapolis.iu.edu/admissions/pre-college/?location=IU%20Indianapolis,https://indianapolis.iu.edu/admissions/pre-college/?location=IU%20Indianapolis,"Official camps link found on team site, read 2026-10-09",official_university,no,
HOR_MILWAUKEE_WSOC,Milwaukee,soccer,women,D1,https://mkepanthers.com/sports/2023/6/8/sports-camps.aspx,https://mkepanthers.com/sports/2023/6/8/sports-camps.aspx,"Official camps link found on team site, read 2026-10-09",official_university,no,
HOR_NORTHERN_ILLINOIS_WSOC,Northern Illinois,soccer,women,D1,https://niuhuskiescamps.com/,https://niuhuskiescamps.com/,"Official camps link found on team site, read 2026-10-09",official_university,no,
HOR_NORTHERN_KENTUCKY_WSOC,Northern Kentucky,soccer,women,D1,https://nkunorse.com/sports/2026/4/2/2026-summer-camps.aspx,https://nkunorse.com/sports/2026/4/2/2026-summer-camps.aspx,"Official camps link found on team site, read 2026-10-09",official_university,no,
HOR_ROBERT_MORRIS_WSOC,Robert Morris,soccer,women,D1,https://www.rmu.edu/sites/default/files/pdf/map2-2024.pdf,https://www.rmu.edu/sites/default/files/pdf/map2-2024.pdf,"Official camps link found on team site, read 2026-10-09",official_university,no,
HOR_WRIGHT_STATE_WSOC,Wright State,soccer,women,D1,https://wsuraiders.com/sports/2011/6/15/205160416,https://wsuraiders.com/sports/2011/6/15/205160416,"Official camps link found on team site, read 2026-10-09",official_university,no,
HOR_YOUNGSTOWN_STATE_WSOC,Youngstown State,soccer,women,D1,https://www.penguinscamps.com/,https://www.penguinscamps.com/,"Official camps link found on team site, read 2026-10-09",official_university,no,
IND_SOUTH_CAROLINA_STATE_WSOC,South Carolina State,soccer,women,D1,https://www.scsuathletics.com/sports/2023/4/19/camps-clinics.aspx,https://www.scsuathletics.com/sports/2023/4/19/camps-clinics.aspx,"Official camps link found on team site, read 2026-10-09",official_university,no,
IVY_BRWN_WSOC,Brown,soccer,women,D1,https://www.bearswomenssoccerclinics.com/,https://www.bearswomenssoccerclinics.com/,"Official camps link found on team site, read 2026-10-09",official_university,no,
IVY_COL_WSOC,Columbia,soccer,women,D1,https://perec.columbia.edu/camps,https://perec.columbia.edu/camps,"Official camps link found on team site, read 2026-10-09",official_university,no,
IVY_DART_WSOC,Dartmouth,soccer,women,D1,https://dartmouthsports.com/sports/2018/5/29/camps-offered-on-the-dartmouth-college-campus,https://dartmouthsports.com/sports/2018/5/29/camps-offered-on-the-dartmouth-college-campus,"Official camps link found on team site, read 2026-10-09",official_university,no,
IVY_HARV_WSOC,Harvard,soccer,women,D1,https://gocrimson.com/sports/2020/5/5/information-camps-index.aspx,https://gocrimson.com/sports/2020/5/5/information-camps-index.aspx,"Official camps link found on team site, read 2026-10-09",official_university,no,
IVY_PENN_WSOC,Penn,soccer,women,D1,https://recreation.upenn.edu/,http://www.upenn.edu/recreation/,"Official camps link found on team site, read 2026-10-09",official_university,no,
IVY_PRIN_WSOC,Princeton,soccer,women,D1,http://www.princetonsportscamps.com/?DB_OEM_ID=10600,http://www.princetonsportscamps.com/?DB_OEM_ID=10600,"Official camps link found on team site, read 2026-10-09",official_university,no,
MAAC_CANISIUS_WSOC,Canisius,soccer,women,D1,https://gogriffs.com/sports/2008/9/24/camps.aspx,https://gogriffs.com/sports/2008/9/24/camps.aspx,"Official camps link found on team site, read 2026-10-09",official_university,no,
MAAC_IONA_WSOC,Iona,soccer,women,D1,https://ionacamps.com/,https://ionacamps.com/,"Official camps link found on team site, read 2026-10-09",official_university,no,
MAAC_MARIST_WSOC,Marist,soccer,women,D1,https://www.maristcamps.com/,https://www.maristcamps.com/,"Official camps link found on team site, read 2026-10-09",official_university,no,
MAAC_MOUNT_ST_MARY_S_WSOC,Mount St. Mary's,soccer,women,D1,https://mountstmaryswomenssoccer.ryzerevents.com/,https://mountstmaryswomenssoccer.ryzerevents.com/,"Official camps link found on team site, read 2026-10-09",official_university,no,
MAAC_QUINNIPIAC_WSOC,Quinnipiac,soccer,women,D1,https://gobobcats.com/sports/2025/3/13/2026-camps-clinics,https://gobobcats.com/sports/2025/3/13/2026-camps-clinics,"Official camps link found on team site, read 2026-10-09",official_university,no,
MAAC_SACRED_HEART_WSOC,Sacred Heart,soccer,women,D1,https://www.sacredheart.edu/admissions--aid/undergraduate-admissions/visit-shu/,https://www.sacredheart.edu/admissions--aid/undergraduate-admissions/visit-shu/,"Official camps link found on team site, read 2026-10-09",official_university,no,
MAAC_SAINT_PETER_S_WSOC,Saint Peter's,soccer,women,D1,https://saintpeterspeacocks.com/sports/2021/7/19/peacock-nation-rbr-seatback-campaign.aspx,https://saintpeterspeacocks.com/sports/2021/7/19/peacock-nation-rbr-seatback-campaign.aspx,"Official camps link found on team site, read 2026-10-09",official_university,no,
MAAC_SIENA_WSOC,Siena,soccer,women,D1,https://sienacamps.com/,https://sienacamps.com/,"Official camps link found on team site, read 2026-10-09",official_university,no,
MAC_BALL_STATE_WSOC,Ball State,soccer,women,D1,https://ballstatesportscamps.com/,https://ballstatesportscamps.com/,"Official camps link found on team site, read 2026-10-09",official_university,no,
MAC_BOWLING_GREEN_WSOC,Bowling Green,soccer,women,D1,https://www.bgsusoccercamps.com/,http://www.bgsusoccercamps.com/,"Official camps link found on team site, read 2026-10-09",official_university,no,
MAC_CENTRAL_MICHIGAN_WSOC,Central Michigan,soccer,women,D1,https://www.cmuchippewascamps.com/,https://www.cmuchippewascamps.com/,"Official camps link found on team site, read 2026-10-09",official_university,no,
MAC_EASTERN_MICHIGAN_WSOC,Eastern Michigan,soccer,women,D1,https://emueaglescamps.com/,https://emueaglescamps.com/,"Official camps link found on team site, read 2026-10-09",official_university,no,
MAC_KENT_STATE_WSOC,Kent State,soccer,women,D1,https://kentstatesports.com/sports/2022/5/11/play-as-one,https://kentstatesports.com/sports/2022/5/11/play-as-one,"Official camps link found on team site, read 2026-10-09",official_university,no,
MAC_OHIO_WSOC,Ohio,soccer,women,D1,https://go.active.com/?c=active&e=snlvcmpscui00001load&t=https%3a%2f%2fcampscui%2eactive%2ecom%2forgs%2fOhioUniversity0%3forglink%3dcamps%2dregistration,https://campscui.active.com/orgs/OhioUniversity0?orglink=camps-registration,"Official camps link found on team site, read 2026-10-09",official_university,no,
MAC_UMASS_WSOC,UMass,soccer,women,D1,https://umassathletics.com/sports/2016/7/1/ot-umas-camps-html,https://umassathletics.com/sports/2016/7/1/ot-umas-camps-html,"Official camps link found on team site, read 2026-10-09",official_university,no,
MAC_WESTERN_MICHIGAN_WSOC,Western Michigan,soccer,women,D1,https://www.wmuevents.com/,http://www.wmuevents.com/,"Official camps link found on team site, read 2026-10-09",official_university,no,
MVC_BELMONT_WSOC,Belmont,soccer,women,D1,https://belmontbruins.com/sports/2022/5/6/information-camps-index.aspx,https://belmontbruins.com/sports/2022/5/6/information-camps-index.aspx,"Official camps link found on team site, read 2026-10-09",official_university,no,
MVC_EVANSVILLE_WSOC,Evansville,soccer,women,D1,https://gopurpleaces.com/sports/2011/5/31/GEN_0531113820,https://gopurpleaces.com/sports/2011/5/31/GEN_0531113820,"Official camps link found on team site, read 2026-10-09",official_university,no,
MVC_ILLINOIS_STATE_WSOC,Illinois State,soccer,women,D1,https://goredbirds.com/sports/2014/4/28/GEN_camps.aspx,https://goredbirds.com/sports/2014/4/28/GEN_camps.aspx,"Official camps link found on team site, read 2026-10-09",official_university,no,
MVC_INDIANA_STATE_WSOC,Indiana State,soccer,women,D1,https://www.indianastate.edu/a-z,https://www.indstate.edu/about/a-z,"Official camps link found on team site, read 2026-10-09",official_university,no,
MVC_MURRAY_STATE_WSOC,Murray State,soccer,women,D1,https://www.benmadsensoccercamps.com/,https://www.benmadsensoccercamps.com/,"Official camps link found on team site, read 2026-10-09",official_university,no,
MVC_NORTHERN_IOWA_WSOC,Northern Iowa,soccer,women,D1,https://unipanthers.com/sports/2025/6/26/2025-uni-soccer-high-school-id-camp,https://unipanthers.com/sports/2025/6/26/2025-uni-soccer-high-school-id-camp,"Official camps link found on team site, read 2026-10-09",official_university,no,
MVC_UIC_WSOC,UIC,soccer,women,D1,https://uicflames.com/sports/2016/6/14/ilch-camps-html.aspx,https://uicflames.com/sports/2016/6/14/ilch-camps-html.aspx,"Official camps link found on team site, read 2026-10-09",official_university,no,
MVC_VALPARAISO_WSOC,Valparaiso,soccer,women,D1,https://valpoathletics.com/sports/2024/8/12/_133679416416259173.aspx,https://valpoathletics.com/sports/2024/8/12/_133679416416259173.aspx,"Official camps link found on team site, read 2026-10-09",official_university,no,
MW_AIR_FORCE_WSOC,Air Force,soccer,women,D1,https://goairforcefalcons.com/sports/2018/6/21/camps-girls-soccer-html?id=4672,https://goairforcefalcons.com/sports/2018/6/21/camps-girls-soccer-html?id=4672,"Official camps link found on team site, read 2026-10-09",official_university,no,
MW_COLORADO_COLLEGE_WSOC,Colorado College,soccer,women,D1,https://cctigers.com/sports/2026/1/30/Athletics_0408114734.aspx,https://cctigers.com/sports/2026/1/30/Athletics_0408114734.aspx,"Official camps link found on team site, read 2026-10-09",official_university,no,
MW_GRAND_CANYON_WSOC,Grand Canyon,soccer,women,D1,https://www.gculopessportscamps.com/inter-collegiate-sports.cfm,https://www.gculopessportscamps.com/inter-collegiate-sports.cfm,"Official camps link found on team site, read 2026-10-09",official_university,no,
MW_HAWAII_WSOC,Hawaii,soccer,women,D1,https://hawaiiathletics.com/sports/2026/8/11/uh-lower-campus-field-game-day-information.aspx,https://hawaiiathletics.com/sports/2026/8/11/uh-lower-campus-field-game-day-information.aspx,"Official camps link found on team site, read 2026-10-09",official_university,no,
MW_NEW_MEXICO_WSOC,New Mexico,soccer,women,D1,https://golobos.com/summer-camps,https://golobos.com/summer-camps/,"Official camps link found on team site, read 2026-10-09",official_university,no,
MW_SAN_JOSE_STATE_WSOC,San Jose State,soccer,women,D1,https://soniacurvelosoccercamps.totalcamps.com/shop/EVENT,https://soniacurvelosoccercamps.totalcamps.com/shop/EVENT,"Official camps link found on team site, read 2026-10-09",official_university,no,
MW_UC_DAVIS_WSOC,UC Davis,soccer,women,D1,https://www.ucdavisathleticcamps.com/,https://www.ucdavisathleticcamps.com/,"Official camps link found on team site, read 2026-10-09",official_university,no,
MW_UNLV_WSOC,UNLV,soccer,women,D1,https://unlvrebels.com/sports/2018/5/18/camps.aspx,https://unlvrebels.com/sports/2018/5/18/camps.aspx,"Official camps link found on team site, read 2026-10-09",official_university,no,
MW_UTEP_WSOC,UTEP,soccer,women,D1,https://utepminers.com/news/2022/5/31/general-utep-915.aspx,http://www.utepminers.com/915,"Official camps link found on team site, read 2026-10-09",official_university,no,
MW_WYOMING_WSOC,Wyoming,soccer,women,D1,https://gowyo.com/sports/2023/2/13/camps-and-clinics.aspx,https://gowyo.com/sports/2023/2/13/camps-and-clinics.aspx,"Official camps link found on team site, read 2026-10-09",official_university,no,
NEC_HOWARD_WSOC,Howard,soccer,women,D1,https://hubison.com/facilities/wtef-east-capitol-campus/8,https://hubison.com/facilities/?id=8,"Official camps link found on team site, read 2026-10-09",official_university,no,
NEC_LE_MOYNE_WSOC,Le Moyne,soccer,women,D1,https://lemoynedolphins.com/sports/2014/5/14/Camps_0514144603.aspx,https://lemoynedolphins.com/sports/2014/5/14/Camps_0514144603.aspx,"Official camps link found on team site, read 2026-10-09",official_university,no,
NEC_LIU_WSOC,LIU,soccer,women,D1,https://liu.edu/sports-camps,https://liu.edu/sports-camps,"Official camps link found on team site, read 2026-10-09",official_university,no,
NEC_MERCYHURST_WSOC,Mercyhurst,soccer,women,D1,https://hurstcamps.com/,https://hurstcamps.com/,"Official camps link found on team site, read 2026-10-09",official_university,no,
OVC_EASTERN_ILLINOIS_WSOC,Eastern Illinois,soccer,women,D1,https://eiupanthers.com/sports/2008/9/17/sidebar_sportscamps.aspx,https://eiupanthers.com/sports/2008/9/17/sidebar_sportscamps.aspx,"Official camps link found on team site, read 2026-10-09",official_university,no,
OVC_LINDENWOOD_WSOC,Lindenwood,soccer,women,D1,https://www.lindenwoodlionscamps.com/,https://www.lindenwoodlionscamps.com/,"Official camps link found on team site, read 2026-10-09",official_university,no,
OVC_MOREHEAD_STATE_WSOC,Morehead State,soccer,women,D1,https://msueagles.com/sports/2021/5/13/summer-camps.aspx,https://msueagles.com/sports/2021/5/13/summer-camps.aspx,"Official camps link found on team site, read 2026-10-09",official_university,no,
OVC_SIU_EDWARDSVILLE_WSOC,SIU Edwardsville,soccer,women,D1,https://siuecougars.com/sports/2021/6/4/first-community-camp-series.aspx,https://siuecougars.com/sports/2021/6/4/first-community-camp-series.aspx,"Official camps link found on team site, read 2026-10-09",official_university,no,
OVC_SOUTHERN_INDIANA_WSOC,Southern Indiana,soccer,women,D1,https://usiscreamingeagles.com/sports/2009/6/2/GEN_AthleticCamps.aspx?tab=athleticcamps2013,http://www.usiscreamingeagles.com/sports/2009/6/2/GEN_AthleticCamps.aspx?tab=athleticcamps2013,"Official camps link found on team site, read 2026-10-09",official_university,no,
OVC_WESTERN_ILLINOIS_WSOC,Western Illinois,soccer,women,D1,https://bookstore.wiu.edu/home,http://bookstore.wiu.edu/?DB_OEM_ID=12000,"Official camps link found on team site, read 2026-10-09",official_university,no,
PAC12_BOISE_STATE_WSOC,Boise State,soccer,women,D1,https://broncosportscamps.com/,https://broncosportscamps.com/,"Official camps link found on team site, read 2026-10-09",official_university,no,
PAC12_COLORADO_STATE_WSOC,Colorado State,soccer,women,D1,https://www.csuramcamps.com/,https://www.csuramcamps.com/,"Official camps link found on team site, read 2026-10-09",official_university,no,
PAC12_FRESNO_STATE_WSOC,Fresno State,soccer,women,D1,https://fresnostatesoccer.totalcamps.com/About%20Us,https://fresnostatesoccer.totalcamps.com/About%20Us,"Official camps link found on team site, read 2026-10-09",official_university,no,
PAC12_GONZAGA_WSOC,Gonzaga,soccer,women,D1,https://gozags.com/sports/2018/6/12/camps,https://gozags.com/sports/2018/6/12/camps,"Official camps link found on team site, read 2026-10-09",official_university,no,
PAC12_OREGON_STATE_WSOC,Oregon State,soccer,women,D1,https://osubeavers.com/sports/2023/2/11/oregon-state-athletics-camps,https://osubeavers.com/sports/2023/2/11/oregon-state-athletics-camps,"Official camps link found on team site, read 2026-10-09",official_university,no,
PAC12_SAN_DIEGO_STATE_WSOC,San Diego State,soccer,women,D1,https://goaztecs.com/camps,https://goaztecs.com/camps,"Official camps link found on team site, read 2026-10-09",official_university,no,
PAC12_TEXAS_STATE_WSOC,Texas State,soccer,women,D1,https://txst.com/sports/2010/7/27/GEN_0727104955.aspx,https://txst.com/sports/2010/7/27/GEN_0727104955.aspx,"Official camps link found on team site, read 2026-10-09",official_university,no,
PAC12_UTAH_STATE_WSOC,Utah State,soccer,women,D1,https://www.usu.edu/map/,http://www.usu.edu/map/,"Official camps link found on team site, read 2026-10-09",official_university,no,
PAC12_WASHINGTON_STATE_WSOC,Washington State,soccer,women,D1,https://www.wsuathleticcamps.com/,https://www.wsuathleticcamps.com/,"Official camps link found on team site, read 2026-10-09",official_university,no,
PAT_AMERICAN_WSOC,American,soccer,women,D1,https://www.american.edu/,https://www.american.edu/,"Official camps link found on team site, read 2026-10-09",official_university,no,
PAT_ARMY_WSOC,Army,soccer,women,D1,https://armysportscamps.com/,https://armysportscamps.com/,"Official camps link found on team site, read 2026-10-09",official_university,no,
PAT_BUCKNELL_WSOC,Bucknell,soccer,women,D1,https://bucknellbison.com/sports/2018/8/4/womens-soccer-camps-clinics,https://bucknellbison.com/sports/2018/8/4/womens-soccer-camps-clinics,"Official camps link found on team site, read 2026-10-09",official_university,no,
PAT_LAFAYETTE_WSOC,Lafayette,soccer,women,D1,https://goleopardscamps.com/,https://goleopardscamps.com/,"Official camps link found on team site, read 2026-10-09",official_university,no,
PAT_LEHIGH_WSOC,Lehigh,soccer,women,D1,https://lehighsportscamps.com/,https://lehighsportscamps.com/,"Official camps link found on team site, read 2026-10-09",official_university,no,
PAT_NAVY_WSOC,Navy,soccer,women,D1,https://navysports.com/sports/2018/9/25/navy-sports-camps.aspx,https://navysports.com/sports/2018/9/25/navy-sports-camps.aspx,"Official camps link found on team site, read 2026-10-09",official_university,no,
SEC_ARK_WSOC,Arkansas,soccer,women,D1,https://arkansasrazorbacks.com/camps/,https://arkansasrazorbacks.com/camps/,"Official camps link found on team site, read 2026-10-09",official_university,no,
SEC_AUB_WSOC,Auburn,soccer,women,D1,https://www.jamesarmstrongsoccercamps.com/,https://www.jamesarmstrongsoccercamps.com/,"Official camps link found on team site, read 2026-10-09",official_university,no,
SEC_FLA_WSOC,Florida,soccer,women,D1,https://floridagators.com/sports/2015/12/10/sportshop,https://floridagators.com/sports/2015/12/10/sportshop,"Official camps link found on team site, read 2026-10-09",official_university,no,
SEC_UK_WSOC,Kentucky,soccer,women,D1,https://ukathletics.com/camps/,https://ukathletics.com/camps/,"Official camps link found on team site, read 2026-10-09",official_university,no,
SEC_LSU_WSOC,LSU,soccer,women,D1,https://lsusports.net/camps-clinics,https://lsusports.net/camps-clinics/,"Official camps link found on team site, read 2026-10-09",official_university,no,
SEC_MIZ_WSOC,Missouri,soccer,women,D1,https://mutigers.com/will-to-win,https://mutigers.com/will-to-win,"Official camps link found on team site, read 2026-10-09",official_university,no,
SEC_OU_WSOC,Oklahoma,soccer,women,D1,https://soonersports.com/sports/2019/8/22/208802834,https://soonersports.com/sports/2019/8/22/208802834,"Official camps link found on team site, read 2026-10-09",official_university,no,
SEC_MISS_WSOC,Ole Miss,soccer,women,D1,https://www.olemisssportscamps.com/,https://olemisssports.com/sports/2018/7/20/camps-ole-camps-html,"Official camps link found on team site, read 2026-10-09",official_university,no,
SEC_SC_WSOC,South Carolina,soccer,women,D1,https://gamecocksonline.com/camps/,https://gamecocksonline.com/camps/,"Official camps link found on team site, read 2026-10-09",official_university,no,
SEC_TEX_WSOC,Texas,soccer,women,D1,https://texaslonghorns.com/sports/2013/7/28/camps_0728130412,https://texaslonghorns.com/sports/2013/7/28/camps_0728130412.aspx,"Official camps link found on team site, read 2026-10-09",official_university,no,
SEC_VAN_WSOC,Vanderbilt,soccer,women,D1,http://www.vandysoccercamps.com/,http://www.vandysoccercamps.com/,"Official camps link found on team site, read 2026-10-09",official_university,no,
SOCON_CHATTANOOGA_WSOC,Chattanooga,soccer,women,D1,https://gomocs.com/sports/2015/4/22/camps,https://gomocs.com/sports/2015/4/22/camps,"Official camps link found on team site, read 2026-10-09",official_university,no,
SOCON_EAST_TENNESSEE_STATE_WSOC,East Tennessee State,soccer,women,D1,https://etsubucs.com/sports/2023/7/24/_133347007970534047.aspx,https://etsubucs.com/sports/2023/7/24/_133347007970534047.aspx,"Official camps link found on team site, read 2026-10-09",official_university,no,
SOCON_FURMAN_WSOC,Furman,soccer,women,D1,https://campusmap.furman.edu/,https://campusmap.furman.edu/,"Official camps link found on team site, read 2026-10-09",official_university,no,
SOCON_SAMFORD_WSOC,Samford,soccer,women,D1,https://www.bulldogsoccercamp.com/,https://www.bulldogsoccercamp.com/,"Official camps link found on team site, read 2026-10-09",official_university,no,
SOCON_THE_CITADEL_WSOC,The Citadel,soccer,women,D1,https://citadelsports.com/sports/2026/3/10/camps,https://citadelsports.com/sports/2026/3/10/camps.aspx,"Official camps link found on team site, read 2026-10-09",official_university,no,
SOCON_UNC_GREENSBORO_WSOC,UNC Greensboro,soccer,women,D1,https://uncgspartans.com/sports/2014/6/13/209521571.aspx,https://uncgspartans.com/sports/2014/6/13/209521571.aspx,"Official camps link found on team site, read 2026-10-09",official_university,no,
SOCON_WESTERN_CAROLINA_WSOC,Western Carolina,soccer,women,D1,https://catamountsports.com/sports/2026/1/25/catamount-athletics-camp-information.aspx,https://catamountsports.com/sports/2026/1/25/catamount-athletics-camp-information.aspx,"Official camps link found on team site, read 2026-10-09",official_university,no,
SLND_EAST_TEXAS_A_AND_M_WSOC,|East Texas A&M,soccer,women,D1,https://lionathletics.com/sports/2017/5/16/camps.aspx,https://lionathletics.com/sports/2017/5/16/camps.aspx,"Official camps link found on team site, read 2026-10-09",official_university,no,
SLND_HOUSTON_CHRISTIAN_WSOC,Houston Christian,soccer,women,D1,https://hc.edu/student-life/campus-life/campus-rec/,https://hc.edu/student-life/campus-life/campus-rec/,"Official camps link found on team site, read 2026-10-09",official_university,no,
SLND_INCARNATE_WORD_WSOC,Incarnate Word,soccer,women,D1,https://uiwcardinals.com/feature/take-flight,https://uiwcardinals.com/feature/take-flight,"Official camps link found on team site, read 2026-10-09",official_university,no,
SLND_MCNEESE_WSOC,McNeese,soccer,women,D1,https://mcneesesports.com/sports/2026/6/3/2026-summer-camps.aspx,https://mcneesesports.com/sports/2026/6/3/2026-summer-camps.aspx,"Official camps link found on team site, read 2026-10-09",official_university,no,
SLND_NORTHWESTERN_STATE_WSOC,Northwestern State,soccer,women,D1,https://nsudemons.com/sports/nsu-athletic-camps/schedule,https://nsudemons.com/sports/nsu-athletic-camps/schedule,"Official camps link found on team site, read 2026-10-09",official_university,no,
SLND_SOUTHEASTERN_LOUISIANA_WSOC,Southeastern Louisiana,soccer,women,D1,https://lionsports.net/sports/2013/12/16/camps.aspx,https://lionsports.net/sports/2013/12/16/camps.aspx,"Official camps link found on team site, read 2026-10-09",official_university,no,
SLND_TEXAS_A_AND_M_CORPUS_CHRISTI_WSOC,Texas A&M–Corpus Christi,soccer,women,D1,https://goislanders.com/sports/2025/5/2/2026-islanders-athletics-camps.aspx,https://goislanders.com/sports/2025/5/2/2026-islanders-athletics-camps.aspx,"Official camps link found on team site, read 2026-10-09",official_university,no,
SLND_UT_RIO_GRANDE_VALLEY_WSOC,UT Rio Grande Valley,soccer,women,D1,https://goutrgv.com/sports/2024/4/3/camps.aspx,https://goutrgv.com/sports/2024/4/3/camps.aspx,"Official camps link found on team site, read 2026-10-09",official_university,no,
SWAC_ALABAMA_A_AND_M_WSOC,Alabama A&M,soccer,women,D1,https://www.princebordeelitesoccercamps.com/,https://www.princebordeelitesoccercamps.com/id-camp.cfm,"Official camps link found on team site, read 2026-10-09",official_university,no,
SWAC_SOUTHERN_WSOC,Southern,soccer,women,D1,https://www.sujagssoccercamps.com/?path=soc,http://www.sujagssoccercamps.com/?path=soc,"Official camps link found on team site, read 2026-10-09",official_university,no,
SUM_KANSAS_CITY_WSOC,Kansas City,soccer,women,D1,https://kcrooscamps.com/,https://kcrooscamps.com/,"Official camps link found on team site, read 2026-10-09",official_university,no,
SUM_NORTH_DAKOTA_WSOC,North Dakota,soccer,women,D1,https://fightinghawks.com/sports/2023/12/12/camps-and-clinics.aspx,https://fightinghawks.com/sports/2023/12/12/camps-and-clinics.aspx,"Official camps link found on team site, read 2026-10-09",official_university,no,
SUM_OMAHA_WSOC,Omaha,soccer,women,D1,https://www.omahasocceracademy.com/,http://www.omahasocceracademy.com/,"Official camps link found on team site, read 2026-10-09",official_university,no,
SUM_SOUTH_DAKOTA_WSOC,South Dakota,soccer,women,D1,https://www.goyotescamps.com/,https://www.goyotescamps.com/,"Official camps link found on team site, read 2026-10-09",official_university,no,
SUM_ST_THOMAS_WSOC,St. Thomas,soccer,women,D1,https://tommiesports.com/sports/2022/3/3/camps-and-clinics,https://tommiesports.com/sports/2022/3/3/camps-and-clinics,"Official camps link found on team site, read 2026-10-09",official_university,no,
SB_APPALACHIAN_STATE_WSOC,Appalachian State,soccer,women,D1,https://appstatesports.com/sports/2025/4/23/camps.aspx,https://appstatesports.com/sports/2025/4/23/camps.aspx,"Official camps link found on team site, read 2026-10-09",official_university,no,
SB_GEORGIA_SOUTHERN_WSOC,Georgia Southern,soccer,women,D1,https://www.georgiasouthern.edu/map/,http://www.georgiasouthern.edu/map/,"Official camps link found on team site, read 2026-10-09",official_university,no,
SB_GEORGIA_STATE_WSOC,Georgia State,soccer,women,D1,https://georgiastatesports.com/sports/2019/9/10/3724735.aspx,https://georgiastatesports.com/sports/2019/9/10/3724735.aspx,"Official camps link found on team site, read 2026-10-09",official_university,no,
SB_JAMES_MADISON_WSOC,James Madison,soccer,women,D1,https://jmusports.com/sports/2014/6/26/WSOC_0626141717,https://jmusports.com/sports/2014/6/26/WSOC_0626141717,"Official camps link found on team site, read 2026-10-09",official_university,no,
SB_LOUISIANA_WSOC,Louisiana,soccer,women,D1,https://ragincajuns.com/sports/2025/4/24/ragin-cajuns-soccer-camps,https://ragincajuns.com/sports/2025/4/24/ragin-cajuns-soccer-camps,"Official camps link found on team site, read 2026-10-09",official_university,no,
SB_LOUISIANA_TECH_WSOC,Louisiana Tech,soccer,women,D1,https://latechsports.com/sports/2018/7/20/camps-latc-camps-html,https://latechsports.com/sports/2018/7/20/camps-latc-camps-html,"Official camps link found on team site, read 2026-10-09",official_university,no,
SB_OLD_DOMINION_WSOC,Old Dominion,soccer,women,D1,https://odusports.com/camps,https://odusports.com/camps,"Official camps link found on team site, read 2026-10-09",official_university,no,
SB_SOUTH_ALABAMA_WSOC,South Alabama,soccer,women,D1,https://southalabama.shoptruespirit.com/,https://southalabama.shoptruespirit.com/,"Official camps link found on team site, read 2026-10-09",official_university,no,
SB_SOUTHERN_MISS_WSOC,Southern Miss,soccer,women,D1,https://southernmiss.com/sports/2018/6/21/_camps_,https://southernmiss.com/sports/2018/6/21/_camps_,"Official camps link found on team site, read 2026-10-09",official_university,no,
SB_TROY_WSOC,Troy,soccer,women,D1,https://dxbhsrqyrr690.cloudfront.net/sidearm.nextgen.sites/troytrojans.com/images/2026/3/25/camps_summer23.png,https://dxbhsrqyrr690.cloudfront.net/sidearm.nextgen.sites/troytrojans.com/images/2026/3/25/camps_summer23.png,"Official camps link found on team site, read 2026-10-09",official_university,no,
UAC_AUSTIN_PEAY_WSOC,Austin Peay,soccer,women,D1,https://letsgopeay.com/sports/2014/6/3/GEN_0603145513.aspx,https://letsgopeay.com/sports/2014/6/3/GEN_0603145513.aspx,"Official camps link found on team site, read 2026-10-09",official_university,no,
UAC_CENTRAL_ARKANSAS_WSOC,Central Arkansas,soccer,women,D1,https://www.youvisit.com/tour/uca,http://www.youvisit.com/tour/uca,"Official camps link found on team site, read 2026-10-09",official_university,no,
UAC_LITTLE_ROCK_WSOC,Little Rock,soccer,women,D1,https://lrtrojans.com/camps,https://lrtrojans.com/camps,"Official camps link found on team site, read 2026-10-09",official_university,no,
UAC_NORTH_ALABAMA_WSOC,North Alabama,soccer,women,D1,https://info.abcsportscamps.com/tonypujolbasketballcamp?path=mbball,https://info.abcsportscamps.com/tonypujolbasketballcamp?path=mbball,"Official camps link found on team site, read 2026-10-09",official_university,no,
UAC_TARLETON_STATE_WSOC,Tarleton State,soccer,women,D1,https://www.texanbaseballcamps.com/,https://www.texanbaseballcamps.com/,"Official camps link found on team site, read 2026-10-09",official_university,no,
WCC_DENVER_WSOC,Denver,soccer,women,D1,https://www.denverwomenssoccercamps.com/,https://www.denverwomenssoccercamps.com/,"Official camps link found on team site, read 2026-10-09",official_university,no,
WCC_PACIFIC_WSOC,Pacific,soccer,women,D1,https://pacifictigerscamps.com/,https://pacifictigerscamps.com/,"Official camps link found on team site, read 2026-10-09",official_university,no,
WCC_PEPPERDINE_WSOC,Pepperdine,soccer,women,D1,https://pepperdinewaves.com/sports/2018/6/15/camps-pepp-camps-html,https://pepperdinewaves.com/sports/2018/6/15/camps-pepp-camps-html,"Official camps link found on team site, read 2026-10-09",official_university,no,
WCC_SAINT_MARY_S_WSOC,Saint Mary's,soccer,women,D1,https://www.smcathleticcamps.com/,https://smcgaels.com/sports/2018/5/29/camps,"Official camps link found on team site, read 2026-10-09",official_university,no,
WCC_SAN_DIEGO_WSOC,San Diego,soccer,women,D1,https://massinteract.com/usd-2.0/,https://tour.sandiego.edu/video,"Official camps link found on team site, read 2026-10-09",official_university,no,
WCC_SAN_FRANCISCO_WSOC,San Francisco,soccer,women,D1,https://www.usfca.edu/admission/visit/virtual-tour,https://www.usfca.edu/admission/visit/virtual-tour,"Official camps link found on team site, read 2026-10-09",official_university,no,
WCC_SEATTLE_WSOC,Seattle,soccer,women,D1,https://goseattleu.com/camps,https://goseattleu.com/camps,"Official camps link found on team site, read 2026-10-09",official_university,no,
