program_id,school_name,sport,gender,division,athletics_website,soccer_website,camps_url,source_url,source_name,source_type,verified,notes
B12_ARIZ_WSOC,Arizona,soccer,women,D1,https://arizonawildcats.com,https://arizonawildcats.com/sports/womens-soccer,,https://arizonawildcats.com/sports/womens-soccer,Supplied big12 research file; links machine-checked to resolve (2026-10-09). Not otherwise verified.,official_university,no,Links only. Confirm against the official athletics site before marking verified.
B12_ASU_WSOC,Arizona State,soccer,women,D1,https://thesundevils.com,https://thesundevils.com/sports/womens-soccer,https://sundevilsoccercamps.com,https://thesundevils.com/sports/womens-soccer,Supplied big12 research file; links machine-checked to resolve (2026-10-09). Not otherwise verified.,official_university,no,Links only. Confirm against the official athletics site before marking verified.
B12_BAY_WSOC,Baylor,soccer,women,D1,https://baylorbears.com,https://baylorbears.com/sports/womens-soccer,,https://baylorbears.com/sports/womens-soccer,Supplied big12 research file; links machine-checked to resolve (2026-10-09). Not otherwise verified.,official_university,no,Links only. Confirm against the official athletics site before marking verified.
B12_BYU_WSOC,BYU,soccer,women,D1,https://byucougars.com,https://byucougars.com/sports/womens-soccer,,https://byucougars.com/sports/womens-soccer,Supplied big12 research file; links machine-checked to resolve (2026-10-09). Not otherwise verified.,official_university,no,Links only. Confirm against the official athletics site before marking verified.
B12_CIN_WSOC,Cincinnati,soccer,women,D1,https://gobearcats.com,https://gobearcats.com/sports/womens-soccer,,https://gobearcats.com/sports/womens-soccer,Supplied big12 research file; links machine-checked to resolve (2026-10-09). Not otherwise verified.,official_university,no,Links only. Confirm against the official athletics site before marking verified.
B12_COLO_WSOC,Colorado,soccer,women,D1,https://cubuffs.com,https://cubuffs.com/sports/womens-soccer,,https://cubuffs.com/sports/womens-soccer,Supplied big12 research file; links machine-checked to resolve (2026-10-09). Not otherwise verified.,official_university,no,Links only. Confirm against the official athletics site before marking verified.
B12_HOU_WSOC,Houston,soccer,women,D1,https://uhcougars.com,https://uhcougars.com/sports/womens-soccer,https://cougarsoccercamps.com,https://uhcougars.com/sports/womens-soccer,Supplied big12 research file; links machine-checked to resolve (2026-10-09). Not otherwise verified.,official_university,no,Links only. Confirm against the official athletics site before marking verified.
B12_ISU_WSOC,Iowa State,soccer,women,D1,https://cyclones.com,https://cyclones.com/sports/womens-soccer,,https://cyclones.com/sports/womens-soccer,Supplied big12 research file; links machine-checked to resolve (2026-10-09). Not otherwise verified.,official_university,no,Links only. Confirm against the official athletics site before marking verified.
B12_KU_WSOC,Kansas,soccer,women,D1,https://kuathletics.com,https://kuathletics.com/sports/womens-soccer,,https://kuathletics.com/sports/womens-soccer,Supplied big12 research file; links machine-checked to resolve (2026-10-09). Not otherwise verified.,official_university,no,Links only. Confirm against the official athletics site before marking verified.
B12_KSU_WSOC,Kansas State,soccer,women,D1,https://kstatesports.com,https://kstatesports.com/sports/womens-soccer,https://kstatesoccercamps.com,https://kstatesports.com/sports/womens-soccer,Supplied big12 research file; links machine-checked to resolve (2026-10-09). Not otherwise verified.,official_university,no,Links only. Confirm against the official athletics site before marking verified.
B12_OKST_WSOC,Oklahoma State,soccer,women,D1,https://okstate.com,https://okstate.com/sports/womens-soccer,,https://okstate.com/sports/womens-soccer,Supplied big12 research file; links machine-checked to resolve (2026-10-09). Not otherwise verified.,official_university,no,Links only. Confirm against the official athletics site before marking verified.
B12_TCU_WSOC,TCU,soccer,women,D1,https://gofrogs.com,https://gofrogs.com/sports/womens-soccer,,https://gofrogs.com/sports/womens-soccer,Supplied big12 research file; links machine-checked to resolve (2026-10-09). Not otherwise verified.,official_university,no,Links only. Confirm against the official athletics site before marking verified.
B12_TTU_WSOC,Texas Tech,soccer,women,D1,https://texastech.com,https://texastech.com/sports/womens-soccer,,https://texastech.com/sports/womens-soccer,Supplied big12 research file; links machine-checked to resolve (2026-10-09). Not otherwise verified.,official_university,no,Links only. Confirm against the official athletics site before marking verified.
B12_UCF_WSOC,UCF,soccer,women,D1,https://ucfknights.com,https://ucfknights.com/sports/womens-soccer,,https://ucfknights.com/sports/womens-soccer,Supplied big12 research file; links machine-checked to resolve (2026-10-09). Not otherwise verified.,official_university,no,Links only. Confirm against the official athletics site before marking verified.
B12_UTAH_WSOC,Utah,soccer,women,D1,https://utahutes.com,https://utahutes.com/sports/womens-soccer,https://utahsoccercamps.com,https://utahutes.com/sports/womens-soccer,Supplied big12 research file; links machine-checked to resolve (2026-10-09). Not otherwise verified.,official_university,no,Links only. Confirm against the official athletics site before marking verified.
B12_WVU_WSOC,West Virginia,soccer,women,D1,https://wvusports.com,https://wvusports.com/sports/womens-soccer,,https://wvusports.com/sports/womens-soccer,Supplied big12 research file; links machine-checked to resolve (2026-10-09). Not otherwise verified.,official_university,no,Links only. Confirm against the official athletics site before marking verified.
