program_id,school_name,sport,gender,division,state,athletics_website,soccer_website,camps_url,source_url,source_name,source_type,verified,notes
PSAC_COMMONWEALTH_UNIVERSITY_BLOOMSBURG_WSOC,Commonwealth University-Bloomsburg,soccer,women,D2,Pennsylvania,https://buhuskies.com,,,,Supplied research file (d2-other); links machine-checked to resolve (2026-10-09). Not otherwise verified.,,no,Links only. Confirm against the official athletics site before marking verified.
PSAC_PENNSYLVANIA_WESTERN_UNIVERSITY_CALIFORNIA_PENNWES_WSOC,Pennsylvania Western University – California (PennWest California),soccer,women,D2,Pennsylvania,https://calvulcans.com,https://calvulcans.com/sports/womens-soccer,,https://calvulcans.com/sports/womens-soccer,Supplied research file (d2-other); links machine-checked to resolve (2026-10-09). Not otherwise verified.,official_university,no,Links only. Confirm against the official athletics site before marking verified.
PSAC_PENNSYLVANIA_WESTERN_UNIVERSITY_CLARION_PENNWEST_C_WSOC,Pennsylvania Western University – Clarion (PennWest Clarion),soccer,women,D2,Pennsylvania,https://clariongoldeneagles.com,,,,Supplied research file (d2-other); links machine-checked to resolve (2026-10-09). Not otherwise verified.,,no,Links only. Confirm against the official athletics site before marking verified.
PSAC_EAST_STROUDSBURG_UNIVERSITY_OF_PENNSYLVANIA_WSOC,East Stroudsburg University of Pennsylvania,soccer,women,D2,Pennsylvania,https://esuwarriors.com,https://esuwarriors.com/sports/womens-soccer,,https://esuwarriors.com/sports/womens-soccer,Supplied research file (d2-other); links machine-checked to resolve (2026-10-09). Not otherwise verified.,official_university,no,Links only. Confirm against the official athletics site before marking verified.
PSAC_PENNSYLVANIA_WESTERN_UNIVERSITY_EDINBORO_PENNWEST_WSOC,Pennsylvania Western University – Edinboro (PennWest Edinboro),soccer,women,D2,Pennsylvania,,https://gofightingscots.com/sports/womens-soccer,,https://gofightingscots.com/sports/womens-soccer,Supplied research file (d2-other); links machine-checked to resolve (2026-10-09). Not otherwise verified.,official_university,no,Links only. Confirm against the official athletics site before marking verified.
PSAC_GANNON_UNIVERSITY_WSOC,Gannon University,soccer,women,D2,Pennsylvania,https://gannonsports.com,https://gannonsports.com/sports/womens-soccer,,https://gannonsports.com/sports/womens-soccer,Supplied research file (d2-other); links machine-checked to resolve (2026-10-09). Not otherwise verified.,official_university,no,Links only. Confirm against the official athletics site before marking verified.
PSAC_INDIANA_UNIVERSITY_OF_PENNSYLVANIA_WSOC,Indiana University of Pennsylvania,soccer,women,D2,Pennsylvania,https://iupathletics.com,,,,Supplied research file (d2-other); links machine-checked to resolve (2026-10-09). Not otherwise verified.,,no,Links only. Confirm against the official athletics site before marking verified.
PSAC_KUTZTOWN_UNIVERSITY_OF_PENNSYLVANIA_WSOC,Kutztown University of Pennsylvania,soccer,women,D2,Pennsylvania,https://kubears.com,https://kubears.com/sports/womens-soccer,,https://kubears.com/sports/womens-soccer,Supplied research file (d2-other); links machine-checked to resolve (2026-10-09). Not otherwise verified.,official_university,no,Links only. Confirm against the official athletics site before marking verified.
PSAC_COMMONWEALTH_UNIVERSITY_LOCK_HAVEN_WSOC,Commonwealth University-Lock Haven,soccer,women,D2,Pennsylvania,https://golhu.com,https://golhu.com/sports/womens-soccer,,https://golhu.com/sports/womens-soccer,Supplied research file (d2-other); links machine-checked to resolve (2026-10-09). Not otherwise verified.,official_university,no,Links only. Confirm against the official athletics site before marking verified.
PSAC_COMMONWEALTH_UNIVERSITY_MANSFIELD_WSOC,Commonwealth University-Mansfield,soccer,women,D2,Pennsylvania,https://gomounties.com,https://gomounties.com/sports/womens-soccer,,https://gomounties.com/sports/womens-soccer,Supplied research file (d2-other); links machine-checked to resolve (2026-10-09). Not otherwise verified.,official_university,no,Links only. Confirm against the official athletics site before marking verified.
PSAC_MILLERSVILLE_UNIVERSITY_OF_PENNSYLVANIA_WSOC,Millersville University of Pennsylvania,soccer,women,D2,Pennsylvania,https://millersvilleathletics.com,https://millersvilleathletics.com/sports/womens-soccer,,https://millersvilleathletics.com/sports/womens-soccer,Supplied research file (d2-other); links machine-checked to resolve (2026-10-09). Not otherwise verified.,official_university,no,Links only. Confirm against the official athletics site before marking verified.
PSAC_UNIVERSITY_OF_PITTSBURGH_AT_JOHNSTOWN_WSOC,University of Pittsburgh at Johnstown,soccer,women,D2,Pennsylvania,https://pittjohnstownathletics.com,https://pittjohnstownathletics.com/sports/womens-soccer,,https://pittjohnstownathletics.com/sports/womens-soccer,Supplied research file (d2-other); links machine-checked to resolve (2026-10-09). Not otherwise verified.,official_university,no,Links only. Confirm against the official athletics site before marking verified.
PSAC_SETON_HILL_UNIVERSITY_WSOC,Seton Hill University,soccer,women,D2,Pennsylvania,https://athletics.setonhill.edu,https://athletics.setonhill.edu/sports/womens-soccer,,https://athletics.setonhill.edu/sports/womens-soccer,Supplied research file (d2-other); links machine-checked to resolve (2026-10-09). Not otherwise verified.,official_university,no,Links only. Confirm against the official athletics site before marking verified.
PSAC_SHEPHERD_UNIVERSITY_WSOC,Shepherd University,soccer,women,D2,West Virginia,https://shepherdrams.com,https://shepherdrams.com/sports/womens-soccer,,https://shepherdrams.com/sports/womens-soccer,Supplied research file (d2-other); links machine-checked to resolve (2026-10-09). Not otherwise verified.,official_university,no,Links only. Confirm against the official athletics site before marking verified.
PSAC_SHIPPENSBURG_UNIVERSITY_OF_PENNSYLVANIA_WSOC,Shippensburg University of Pennsylvania,soccer,women,D2,Pennsylvania,https://shipraiders.com,https://shipraiders.com/sports/womens-soccer,,https://shipraiders.com/sports/womens-soccer,Supplied research file (d2-other); links machine-checked to resolve (2026-10-09). Not otherwise verified.,official_university,no,Links only. Confirm against the official athletics site before marking verified.
PSAC_SLIPPERY_ROCK_UNIVERSITY_OF_PENNSYLVANIA_WSOC,Slippery Rock University of Pennsylvania,soccer,women,D2,Pennsylvania,https://rockathletics.com,https://rockathletics.com/sports/womens-soccer,,https://rockathletics.com/sports/womens-soccer,Supplied research file (d2-other); links machine-checked to resolve (2026-10-09). Not otherwise verified.,official_university,no,Links only. Confirm against the official athletics site before marking verified.
PSAC_WEST_CHESTER_UNIVERSITY_WSOC,West Chester University,soccer,women,D2,Pennsylvania,https://wcupagoldenrams.com,https://wcupagoldenrams.com/sports/womens-soccer,,https://wcupagoldenrams.com/sports/womens-soccer,Supplied research file (d2-other); links machine-checked to resolve (2026-10-09). Not otherwise verified.,official_university,no,Links only. Confirm against the official athletics site before marking verified.
NEC_ADELPHI_UNIVERSITY_WSOC,Adelphi University,soccer,women,D2,New York,https://aupanthers.com,https://aupanthers.com/sports/womens-soccer,,https://aupanthers.com/sports/womens-soccer,Supplied research file (d2-other); links machine-checked to resolve (2026-10-09). Not otherwise verified.,official_university,no,Links only. Confirm against the official athletics site before marking verified.
NEC_AMERICAN_INTERNATIONAL_COLLEGE_WSOC,American International College,soccer,women,D2,Massachusetts,https://aicyellowjackets.com,https://aicyellowjackets.com/sports/womens-soccer,,https://aicyellowjackets.com/sports/womens-soccer,Supplied research file (d2-other); links machine-checked to resolve (2026-10-09). Not otherwise verified.,official_university,no,Links only. Confirm against the official athletics site before marking verified.
NEC_ASSUMPTION_UNIVERSITY_WSOC,Assumption University,soccer,women,D2,Massachusetts,https://assumptiongreyhounds.com,https://assumptiongreyhounds.com/sports/womens-soccer,,https://assumptiongreyhounds.com/sports/womens-soccer,Supplied research file (d2-other); links machine-checked to resolve (2026-10-09). Not otherwise verified.,official_university,no,Links only. Confirm against the official athletics site before marking verified.
NEC_BENTLEY_UNIVERSITY_WSOC,Bentley University,soccer,women,D2,Massachusetts,https://bentleyfalcons.com,https://bentleyfalcons.com/sports/womens-soccer,,https://bentleyfalcons.com/sports/womens-soccer,Supplied research file (d2-other); links machine-checked to resolve (2026-10-09). Not otherwise verified.,official_university,no,Links only. Confirm against the official athletics site before marking verified.
NEC_FRANKLIN_PIERCE_UNIVERSITY_WSOC,Franklin Pierce University,soccer,women,D2,New Hampshire,https://fpuravens.com,https://fpuravens.com/sports/womens-soccer,,https://fpuravens.com/sports/womens-soccer,Supplied research file (d2-other); links machine-checked to resolve (2026-10-09). Not otherwise verified.,official_university,no,Links only. Confirm against the official athletics site before marking verified.
NEC_PACE_UNIVERSITY_WSOC,Pace University,soccer,women,D2,New York,https://paceuathletics.com,https://paceuathletics.com/sports/womens-soccer,,https://paceuathletics.com/sports/womens-soccer,Supplied research file (d2-other); links machine-checked to resolve (2026-10-09). Not otherwise verified.,official_university,no,Links only. Confirm against the official athletics site before marking verified.
NEC_SAINT_ANSELM_COLLEGE_WSOC,Saint Anselm College,soccer,women,D2,New Hampshire,https://saintanselmhawks.com,https://saintanselmhawks.com/sports/womens-soccer,,https://saintanselmhawks.com/sports/womens-soccer,Supplied research file (d2-other); links machine-checked to resolve (2026-10-09). Not otherwise verified.,official_university,no,Links only. Confirm against the official athletics site before marking verified.
NEC_SAINT_MICHAEL_S_COLLEGE_WSOC,Saint Michael's College,soccer,women,D2,Vermont,https://smcathletics.com,https://smcathletics.com/sports/womens-soccer,,https://smcathletics.com/sports/womens-soccer,Supplied research file (d2-other); links machine-checked to resolve (2026-10-09). Not otherwise verified.,official_university,no,Links only. Confirm against the official athletics site before marking verified.
NEC_SOUTHERN_CONNECTICUT_STATE_UNIVERSITY_WSOC,Southern Connecticut State University,soccer,women,D2,Connecticut,https://scsuowls.com,https://scsuowls.com/sports/womens-soccer,,https://scsuowls.com/sports/womens-soccer,Supplied research file (d2-other); links machine-checked to resolve (2026-10-09). Not otherwise verified.,official_university,no,Links only. Confirm against the official athletics site before marking verified.
NEC_SOUTHERN_NEW_HAMPSHIRE_UNIVERSITY_WSOC,Southern New Hampshire University,soccer,women,D2,New Hampshire,https://snhupenmen.com,https://snhupenmen.com/sports/womens-soccer,,https://snhupenmen.com/sports/womens-soccer,Supplied research file (d2-other); links machine-checked to resolve (2026-10-09). Not otherwise verified.,official_university,no,Links only. Confirm against the official athletics site before marking verified.
ECC_DAEMEN_UNIVERSITY_WSOC,Daemen University,soccer,women,D2,New York,https://daemenwildcats.com,https://daemenwildcats.com/sports/womens-soccer,,https://daemenwildcats.com/sports/womens-soccer,Supplied research file (d2-other); links machine-checked to resolve (2026-10-09). Not otherwise verified.,official_university,no,Links only. Confirm against the official athletics site before marking verified.
ECC_D_YOUVILLE_UNIVERSITY_WSOC,D'Youville University,soccer,women,D2,New York,https://dyusaints.com,https://dyusaints.com/sports/womens-soccer,,https://dyusaints.com/sports/womens-soccer,Supplied research file (d2-other); links machine-checked to resolve (2026-10-09). Not otherwise verified.,official_university,no,Links only. Confirm against the official athletics site before marking verified.
ECC_MERCY_UNIVERSITY_WSOC,Mercy University,soccer,women,D2,New York,,,,,Supplied research file (d2-other); links machine-checked to resolve (2026-10-09). Not otherwise verified.,,no,Links only. Confirm against the official athletics site before marking verified.
ECC_MOLLOY_UNIVERSITY_WSOC,Molloy University,soccer,women,D2,New York,https://molloylions.com,https://molloylions.com/sports/womens-soccer,,https://molloylions.com/sports/womens-soccer,Supplied research file (d2-other); links machine-checked to resolve (2026-10-09). Not otherwise verified.,official_university,no,Links only. Confirm against the official athletics site before marking verified.
ECC_QUEENS_COLLEGE_WSOC,Queens College,soccer,women,D2,New York,https://queensknights.com,https://queensknights.com/sports/womens-soccer,,https://queensknights.com/sports/womens-soccer,Supplied research file (d2-other); links machine-checked to resolve (2026-10-09). Not otherwise verified.,official_university,no,Links only. Confirm against the official athletics site before marking verified.
ECC_ROBERTS_WESLEYAN_UNIVERSITY_WSOC,Roberts Wesleyan University,soccer,women,D2,New York,https://robertsredhawks.com,https://robertsredhawks.com/sports/womens-soccer,,https://robertsredhawks.com/sports/womens-soccer,Supplied research file (d2-other); links machine-checked to resolve (2026-10-09). Not otherwise verified.,official_university,no,Links only. Confirm against the official athletics site before marking verified.
ECC_ST_THOMAS_AQUINAS_COLLEGE_WSOC,St. Thomas Aquinas College,soccer,women,D2,New York,https://stacathletics.com,https://stacathletics.com/sports/womens-soccer,https://stacsoccercamps.com,https://stacathletics.com/sports/womens-soccer,Supplied research file (d2-other); links machine-checked to resolve (2026-10-09). Not otherwise verified.,official_university,no,Links only. Confirm against the official athletics site before marking verified.
ECC_COLLEGE_OF_STATEN_ISLAND_WSOC,College of Staten Island,soccer,women,D2,New York,https://csidolphins.com,,https://csisoccercamps.com,,Supplied research file (d2-other); links machine-checked to resolve (2026-10-09). Not otherwise verified.,,no,Links only. Confirm against the official athletics site before marking verified.
CACC_UNIVERSITY_OF_BRIDGEPORT_WSOC,University of Bridgeport,soccer,women,D2,Connecticut,https://ubknights.com,https://ubknights.com/sports/womens-soccer,,https://ubknights.com/sports/womens-soccer,Supplied research file (d2-other); links machine-checked to resolve (2026-10-09). Not otherwise verified.,official_university,no,Links only. Confirm against the official athletics site before marking verified.
CACC_CALDWELL_UNIVERSITY_WSOC,Caldwell University,soccer,women,D2,New Jersey,https://caldwellathletics.com,https://caldwellathletics.com/sports/womens-soccer,,https://caldwellathletics.com/sports/womens-soccer,Supplied research file (d2-other); links machine-checked to resolve (2026-10-09). Not otherwise verified.,official_university,no,Links only. Confirm against the official athletics site before marking verified.
CACC_CHESTNUT_HILL_COLLEGE_WSOC,Chestnut Hill College,soccer,women,D2,Pennsylvania,,,,,Supplied research file (d2-other); links machine-checked to resolve (2026-10-09). Not otherwise verified.,,no,Links only. Confirm against the official athletics site before marking verified.
CACC_DOMINICAN_UNIVERSITY_NEW_YORK_WSOC,Dominican University New York,soccer,women,D2,New York,https://chargerathletics.com,https://chargerathletics.com/sports/womens-soccer,,https://chargerathletics.com/sports/womens-soccer,Supplied research file (d2-other); links machine-checked to resolve (2026-10-09). Not otherwise verified.,official_university,no,Links only. Confirm against the official athletics site before marking verified.
CACC_FELICIAN_UNIVERSITY_WSOC,Felician University,soccer,women,D2,New Jersey,https://felicianathletics.com,,,,Supplied research file (d2-other); links machine-checked to resolve (2026-10-09). Not otherwise verified.,,no,Links only. Confirm against the official athletics site before marking verified.
CACC_GEORGIAN_COURT_UNIVERSITY_WSOC,Georgian Court University,soccer,women,D2,New Jersey,https://gculions.com,https://gculions.com/sports/womens-soccer,,https://gculions.com/sports/womens-soccer,Supplied research file (d2-other); links machine-checked to resolve (2026-10-09). Not otherwise verified.,official_university,no,Links only. Confirm against the official athletics site before marking verified.
CACC_GOLDEY_BEACOM_COLLEGE_WSOC,Goldey–Beacom College,soccer,women,D2,Delaware,https://gbcathletics.com,,,,Supplied research file (d2-other); links machine-checked to resolve (2026-10-09). Not otherwise verified.,,no,Links only. Confirm against the official athletics site before marking verified.
CACC_HOLY_FAMILY_UNIVERSITY_WSOC,Holy Family University,soccer,women,D2,Pennsylvania,https://athletics.holyfamily.edu,https://athletics.holyfamily.edu/sports/womens-soccer,,https://athletics.holyfamily.edu/sports/womens-soccer,Supplied research file (d2-other); links machine-checked to resolve (2026-10-09). Not otherwise verified.,official_university,no,Links only. Confirm against the official athletics site before marking verified.
CACC_THOMAS_JEFFERSON_UNIVERSITY_JEFFERSON_WSOC,Thomas Jefferson University (Jefferson),soccer,women,D2,Pennsylvania,https://jeffersonrams.com,https://jeffersonrams.com/sports/womens-soccer,,https://jeffersonrams.com/sports/womens-soccer,Supplied research file (d2-other); links machine-checked to resolve (2026-10-09). Not otherwise verified.,official_university,no,Links only. Confirm against the official athletics site before marking verified.
CACC_POST_UNIVERSITY_WSOC,Post University,soccer,women,D2,Connecticut,https://posteagles.com,https://posteagles.com/sports/womens-soccer,,https://posteagles.com/sports/womens-soccer,Supplied research file (d2-other); links machine-checked to resolve (2026-10-09). Not otherwise verified.,official_university,no,Links only. Confirm against the official athletics site before marking verified.
CACC_WILMINGTON_UNIVERSITY_WSOC,Wilmington University,soccer,women,D2,Delaware,,,,,Supplied research file (d2-other); links machine-checked to resolve (2026-10-09). Not otherwise verified.,,no,Links only. Confirm against the official athletics site before marking verified.
MEC_UNIVERSITY_OF_CHARLESTON_WSOC,University of Charleston,soccer,women,D2,West Virginia,https://ucgoldeneagles.com,https://ucgoldeneagles.com/sports/womens-soccer,,https://ucgoldeneagles.com/sports/womens-soccer,Supplied research file (d2-other); links machine-checked to resolve (2026-10-09). Not otherwise verified.,official_university,no,Links only. Confirm against the official athletics site before marking verified.
MEC_CONCORD_UNIVERSITY_WSOC,Concord University,soccer,women,D2,West Virginia,https://cumountainlions.com,https://cumountainlions.com/sports/womens-soccer,,https://cumountainlions.com/sports/womens-soccer,Supplied research file (d2-other); links machine-checked to resolve (2026-10-09). Not otherwise verified.,official_university,no,Links only. Confirm against the official athletics site before marking verified.
MEC_DAVIS_AND_ELKINS_COLLEGE_WSOC,Davis & Elkins College,soccer,women,D2,West Virginia,https://senatornation.com,https://senatornation.com/sports/womens-soccer,,https://senatornation.com/sports/womens-soccer,Supplied research file (d2-other); links machine-checked to resolve (2026-10-09). Not otherwise verified.,official_university,no,Links only. Confirm against the official athletics site before marking verified.
MEC_FAIRMONT_STATE_UNIVERSITY_WSOC,Fairmont State University,soccer,women,D2,West Virginia,https://fightingfalcons.com,https://fightingfalcons.com/sports/womens-soccer,,https://fightingfalcons.com/sports/womens-soccer,Supplied research file (d2-other); links machine-checked to resolve (2026-10-09). Not otherwise verified.,official_university,no,Links only. Confirm against the official athletics site before marking verified.
MEC_FROSTBURG_STATE_UNIVERSITY_WSOC,Frostburg State University,soccer,women,D2,Maryland,https://frostburgsports.com,https://frostburgsports.com/sports/womens-soccer,https://frostburgsoccercamps.com,https://frostburgsports.com/sports/womens-soccer,Supplied research file (d2-other); links machine-checked to resolve (2026-10-09). Not otherwise verified.,official_university,no,Links only. Confirm against the official athletics site before marking verified.
MEC_POINT_PARK_UNIVERSITY_WSOC,Point Park University,soccer,women,D2,Pennsylvania,https://pointparksports.com,https://pointparksports.com/sports/womens-soccer,,https://pointparksports.com/sports/womens-soccer,Supplied research file (d2-other); links machine-checked to resolve (2026-10-09). Not otherwise verified.,official_university,no,Links only. Confirm against the official athletics site before marking verified.
MEC_WEST_LIBERTY_UNIVERSITY_WSOC,West Liberty University,soccer,women,D2,West Virginia,https://hilltoppersports.com,https://hilltoppersports.com/sports/womens-soccer,,https://hilltoppersports.com/sports/womens-soccer,Supplied research file (d2-other); links machine-checked to resolve (2026-10-09). Not otherwise verified.,official_university,no,Links only. Confirm against the official athletics site before marking verified.
MEC_WEST_VIRGINIA_STATE_UNIVERSITY_WSOC,West Virginia State University,soccer,women,D2,West Virginia,https://wvsuyellowjackets.com,https://wvsuyellowjackets.com/sports/womens-soccer,,https://wvsuyellowjackets.com/sports/womens-soccer,Supplied research file (d2-other); links machine-checked to resolve (2026-10-09). Not otherwise verified.,official_university,no,Links only. Confirm against the official athletics site before marking verified.
MEC_WEST_VIRGINIA_WESLEYAN_COLLEGE_WSOC,West Virginia Wesleyan College,soccer,women,D2,West Virginia,https://wesleyanbobcats.com,https://wesleyanbobcats.com/sports/womens-soccer,,https://wesleyanbobcats.com/sports/womens-soccer,Supplied research file (d2-other); links machine-checked to resolve (2026-10-09). Not otherwise verified.,official_university,no,Links only. Confirm against the official athletics site before marking verified.
MEC_WHEELING_UNIVERSITY_WSOC,Wheeling University,soccer,women,D2,West Virginia,https://wucardinals.com,https://wucardinals.com/sports/womens-soccer,,https://wucardinals.com/sports/womens-soccer,Supplied research file (d2-other); links machine-checked to resolve (2026-10-09). Not otherwise verified.,official_university,no,Links only. Confirm against the official athletics site before marking verified.
GMAC_ASHLAND_UNIVERSITY_WSOC,Ashland University,soccer,women,D2,Ohio,https://goashlandeagles.com,https://goashlandeagles.com/sports/womens-soccer,,https://goashlandeagles.com/sports/womens-soccer,Supplied research file (d2-other); links machine-checked to resolve (2026-10-09). Not otherwise verified.,official_university,no,Links only. Confirm against the official athletics site before marking verified.
GMAC_CEDARVILLE_UNIVERSITY_WSOC,Cedarville University,soccer,women,D2,Ohio,https://yellowjackets.cedarville.edu,https://yellowjackets.cedarville.edu/sports/womens-soccer,,https://yellowjackets.cedarville.edu/sports/womens-soccer,Supplied research file (d2-other); links machine-checked to resolve (2026-10-09). Not otherwise verified.,official_university,no,Links only. Confirm against the official athletics site before marking verified.
GMAC_UNIVERSITY_OF_FINDLAY_WSOC,University of Findlay,soccer,women,D2,Ohio,https://findlayoilers.com,https://findlayoilers.com/sports/womens-soccer,,https://findlayoilers.com/sports/womens-soccer,Supplied research file (d2-other); links machine-checked to resolve (2026-10-09). Not otherwise verified.,official_university,no,Links only. Confirm against the official athletics site before marking verified.
GMAC_KENTUCKY_WESLEYAN_COLLEGE_WSOC,Kentucky Wesleyan College,soccer,women,D2,Kentucky,https://kwcpanthers.com,https://kwcpanthers.com/sports/womens-soccer,,https://kwcpanthers.com/sports/womens-soccer,Supplied research file (d2-other); links machine-checked to resolve (2026-10-09). Not otherwise verified.,official_university,no,Links only. Confirm against the official athletics site before marking verified.
GMAC_LAKE_ERIE_COLLEGE_WSOC,Lake Erie College,soccer,women,D2,Ohio,https://lakeeriestorm.com,,,,Supplied research file (d2-other); links machine-checked to resolve (2026-10-09). Not otherwise verified.,,no,Links only. Confirm against the official athletics site before marking verified.
GMAC_MALONE_UNIVERSITY_WSOC,Malone University,soccer,women,D2,Ohio,https://malonepioneers.com,https://malonepioneers.com/sports/womens-soccer,,https://malonepioneers.com/sports/womens-soccer,Supplied research file (d2-other); links machine-checked to resolve (2026-10-09). Not otherwise verified.,official_university,no,Links only. Confirm against the official athletics site before marking verified.
GMAC_NORTHWOOD_UNIVERSITY_WSOC,Northwood University,soccer,women,D2,Michigan,https://gonorthwood.com,https://gonorthwood.com/sports/womens-soccer,,https://gonorthwood.com/sports/womens-soccer,Supplied research file (d2-other); links machine-checked to resolve (2026-10-09). Not otherwise verified.,official_university,no,Links only. Confirm against the official athletics site before marking verified.
GMAC_OHIO_DOMINICAN_UNIVERSITY_WSOC,Ohio Dominican University,soccer,women,D2,Ohio,https://ohiodominicanpanthers.com,https://ohiodominicanpanthers.com/sports/womens-soccer,,https://ohiodominicanpanthers.com/sports/womens-soccer,Supplied research file (d2-other); links machine-checked to resolve (2026-10-09). Not otherwise verified.,official_university,no,Links only. Confirm against the official athletics site before marking verified.
GMAC_THOMAS_MORE_UNIVERSITY_WSOC,Thomas More University,soccer,women,D2,Kentucky,https://thomasmoresaints.com,https://thomasmoresaints.com/sports/womens-soccer,,https://thomasmoresaints.com/sports/womens-soccer,Supplied research file (d2-other); links machine-checked to resolve (2026-10-09). Not otherwise verified.,official_university,no,Links only. Confirm against the official athletics site before marking verified.
GMAC_TIFFIN_UNIVERSITY_WSOC,Tiffin University,soccer,women,D2,Ohio,https://gotiffindragons.com,https://gotiffindragons.com/sports/womens-soccer,https://tiffinsoccercamps.com,https://gotiffindragons.com/sports/womens-soccer,Supplied research file (d2-other); links machine-checked to resolve (2026-10-09). Not otherwise verified.,official_university,no,Links only. Confirm against the official athletics site before marking verified.
GMAC_URSULINE_COLLEGE_WSOC,Ursuline College,soccer,women,D2,Ohio,https://ursulinearrows.com,https://ursulinearrows.com/sports/womens-soccer,,https://ursulinearrows.com/sports/womens-soccer,Supplied research file (d2-other); links machine-checked to resolve (2026-10-09). Not otherwise verified.,official_university,no,Links only. Confirm against the official athletics site before marking verified.
GMAC_WALSH_UNIVERSITY_WSOC,Walsh University,soccer,women,D2,Ohio,https://athletics.walsh.edu,https://athletics.walsh.edu/sports/womens-soccer,https://walshsoccercamps.com,https://athletics.walsh.edu/sports/womens-soccer,Supplied research file (d2-other); links machine-checked to resolve (2026-10-09). Not otherwise verified.,official_university,no,Links only. Confirm against the official athletics site before marking verified.
GLIAC_DAVENPORT_UNIVERSITY_WSOC,Davenport University,soccer,women,D2,Michigan,https://dupanthers.com,https://dupanthers.com/sports/womens-soccer,,https://dupanthers.com/sports/womens-soccer,Supplied research file (d2-other); links machine-checked to resolve (2026-10-09). Not otherwise verified.,official_university,no,Links only. Confirm against the official athletics site before marking verified.
GLIAC_FERRIS_STATE_UNIVERSITY_WSOC,Ferris State University,soccer,women,D2,Michigan,,,,,Supplied research file (d2-other); links machine-checked to resolve (2026-10-09). Not otherwise verified.,,no,Links only. Confirm against the official athletics site before marking verified.
GLIAC_GRAND_VALLEY_STATE_UNIVERSITY_WSOC,Grand Valley State University,soccer,women,D2,Michigan,https://gvsulakers.com,,,,Supplied research file (d2-other); links machine-checked to resolve (2026-10-09). Not otherwise verified.,,no,Links only. Confirm against the official athletics site before marking verified.
GLIAC_MICHIGAN_TECHNOLOGICAL_UNIVERSITY_WSOC,Michigan Technological University,soccer,women,D2,Michigan,https://michigantechhuskies.com,https://michigantechhuskies.com/sports/womens-soccer,,https://michigantechhuskies.com/sports/womens-soccer,Supplied research file (d2-other); links machine-checked to resolve (2026-10-09). Not otherwise verified.,official_university,no,Links only. Confirm against the official athletics site before marking verified.
GLIAC_NORTHERN_MICHIGAN_UNIVERSITY_WSOC,Northern Michigan University,soccer,women,D2,Michigan,https://nmuwildcats.com,https://nmuwildcats.com/sports/womens-soccer,,https://nmuwildcats.com/sports/womens-soccer,Supplied research file (d2-other); links machine-checked to resolve (2026-10-09). Not otherwise verified.,official_university,no,Links only. Confirm against the official athletics site before marking verified.
GLIAC_UNIVERSITY_OF_WISCONSIN_PARKSIDE_WSOC,University of Wisconsin–Parkside,soccer,women,D2,Wisconsin,https://parksiderangers.com,https://parksiderangers.com/sports/womens-soccer,,https://parksiderangers.com/sports/womens-soccer,Supplied research file (d2-other); links machine-checked to resolve (2026-10-09). Not otherwise verified.,official_university,no,Links only. Confirm against the official athletics site before marking verified.
GLIAC_PURDUE_UNIVERSITY_NORTHWEST_WSOC,Purdue University Northwest,soccer,women,D2,Indiana,https://pnwathletics.com,https://pnwathletics.com/sports/womens-soccer,,https://pnwathletics.com/sports/womens-soccer,Supplied research file (d2-other); links machine-checked to resolve (2026-10-09). Not otherwise verified.,official_university,no,Links only. Confirm against the official athletics site before marking verified.
GLIAC_ROOSEVELT_UNIVERSITY_WSOC,Roosevelt University,soccer,women,D2,Illinois,https://rooseveltlakers.com,https://rooseveltlakers.com/sports/womens-soccer,,https://rooseveltlakers.com/sports/womens-soccer,Supplied research file (d2-other); links machine-checked to resolve (2026-10-09). Not otherwise verified.,official_university,no,Links only. Confirm against the official athletics site before marking verified.
GLIAC_SAGINAW_VALLEY_STATE_UNIVERSITY_WSOC,Saginaw Valley State University,soccer,women,D2,Michigan,https://svsucardinals.com,https://svsucardinals.com/sports/womens-soccer,,https://svsucardinals.com/sports/womens-soccer,Supplied research file (d2-other); links machine-checked to resolve (2026-10-09). Not otherwise verified.,official_university,no,Links only. Confirm against the official athletics site before marking verified.
GLVC_DRURY_UNIVERSITY_WSOC,Drury University,soccer,women,D2,Missouri,https://drurypanthers.com,https://drurypanthers.com/sports/womens-soccer,,https://drurypanthers.com/sports/womens-soccer,Supplied research file (d2-other); links machine-checked to resolve (2026-10-09). Not otherwise verified.,official_university,no,Links only. Confirm against the official athletics site before marking verified.
GLVC_UNIVERSITY_OF_ILLINOIS_AT_SPRINGFIELD_WSOC,University of Illinois at Springfield,soccer,women,D2,Illinois,https://uisprairiestars.com,https://uisprairiestars.com/sports/womens-soccer,,https://uisprairiestars.com/sports/womens-soccer,Supplied research file (d2-other); links machine-checked to resolve (2026-10-09). Not otherwise verified.,official_university,no,Links only. Confirm against the official athletics site before marking verified.
GLVC_UNIVERSITY_OF_INDIANAPOLIS_WSOC,University of Indianapolis,soccer,women,D2,Indiana,https://athletics.uindy.edu,,,,Supplied research file (d2-other); links machine-checked to resolve (2026-10-09). Not otherwise verified.,,no,Links only. Confirm against the official athletics site before marking verified.
GLVC_LEWIS_UNIVERSITY_WSOC,Lewis University,soccer,women,D2,Illinois,https://lewisflyers.com,https://lewisflyers.com/sports/womens-soccer,,https://lewisflyers.com/sports/womens-soccer,Supplied research file (d2-other); links machine-checked to resolve (2026-10-09). Not otherwise verified.,official_university,no,Links only. Confirm against the official athletics site before marking verified.
GLVC_MARYVILLE_UNIVERSITY_WSOC,Maryville University,soccer,women,D2,Missouri,https://maryvillesaints.com,,https://maryvillesoccercamps.com,,Supplied research file (d2-other); links machine-checked to resolve (2026-10-09). Not otherwise verified.,,no,Links only. Confirm against the official athletics site before marking verified.
GLVC_MCKENDREE_UNIVERSITY_WSOC,McKendree University,soccer,women,D2,Illinois,https://mckbearcats.com,https://mckbearcats.com/sports/womens-soccer,,https://mckbearcats.com/sports/womens-soccer,Supplied research file (d2-other); links machine-checked to resolve (2026-10-09). Not otherwise verified.,official_university,no,Links only. Confirm against the official athletics site before marking verified.
GLVC_MISSOURI_UNIVERSITY_OF_SCIENCE_AND_TECHNOLOGY_WSOC,Missouri University of Science and Technology,soccer,women,D2,Missouri,https://minerathletics.com,https://minerathletics.com/sports/womens-soccer,https://minersoccercamps.com,https://minerathletics.com/sports/womens-soccer,Supplied research file (d2-other); links machine-checked to resolve (2026-10-09). Not otherwise verified.,official_university,no,Links only. Confirm against the official athletics site before marking verified.
GLVC_UNIVERSITY_OF_MISSOURI_ST_LOUIS_WSOC,University of Missouri–St. Louis,soccer,women,D2,Missouri,https://umsltritons.com,https://umsltritons.com/sports/womens-soccer,,https://umsltritons.com/sports/womens-soccer,Supplied research file (d2-other); links machine-checked to resolve (2026-10-09). Not otherwise verified.,official_university,no,Links only. Confirm against the official athletics site before marking verified.
GLVC_QUINCY_UNIVERSITY_WSOC,Quincy University,soccer,women,D2,Illinois,https://quhawks.com,https://quhawks.com/sports/womens-soccer,,https://quhawks.com/sports/womens-soccer,Supplied research file (d2-other); links machine-checked to resolve (2026-10-09). Not otherwise verified.,official_university,no,Links only. Confirm against the official athletics site before marking verified.
GLVC_ROCKHURST_UNIVERSITY_WSOC,Rockhurst University,soccer,women,D2,Missouri,https://rockhursthawks.com,https://rockhursthawks.com/sports/womens-soccer,,https://rockhursthawks.com/sports/womens-soccer,Supplied research file (d2-other); links machine-checked to resolve (2026-10-09). Not otherwise verified.,official_university,no,Links only. Confirm against the official athletics site before marking verified.
GLVC_SOUTHWEST_BAPTIST_UNIVERSITY_WSOC,Southwest Baptist University,soccer,women,D2,Missouri,https://sbubearcats.com,https://sbubearcats.com/sports/womens-soccer,,https://sbubearcats.com/sports/womens-soccer,Supplied research file (d2-other); links machine-checked to resolve (2026-10-09). Not otherwise verified.,official_university,no,Links only. Confirm against the official athletics site before marking verified.
GLVC_TRUMAN_STATE_UNIVERSITY_TRUMAN_WSOC,Truman State University (Truman),soccer,women,D2,Missouri,https://trumanbulldogs.com,https://trumanbulldogs.com/sports/womens-soccer,,https://trumanbulldogs.com/sports/womens-soccer,Supplied research file (d2-other); links machine-checked to resolve (2026-10-09). Not otherwise verified.,official_university,no,Links only. Confirm against the official athletics site before marking verified.
GLVC_UPPER_IOWA_UNIVERSITY_WSOC,Upper Iowa University,soccer,women,D2,Iowa,https://uiupeacocks.com,https://uiupeacocks.com/sports/womens-soccer,,https://uiupeacocks.com/sports/womens-soccer,Supplied research file (d2-other); links machine-checked to resolve (2026-10-09). Not otherwise verified.,official_university,no,Links only. Confirm against the official athletics site before marking verified.
GLVC_WILLIAM_JEWELL_COLLEGE_WSOC,William Jewell College,soccer,women,D2,Missouri,https://jewellcardinals.com,https://jewellcardinals.com/sports/womens-soccer,,https://jewellcardinals.com/sports/womens-soccer,Supplied research file (d2-other); links machine-checked to resolve (2026-10-09). Not otherwise verified.,official_university,no,Links only. Confirm against the official athletics site before marking verified.
NSIC_AUGUSTANA_UNIVERSITY_WSOC,Augustana University,soccer,women,D2,South Dakota,https://goaugie.com,https://goaugie.com/sports/womens-soccer,,https://goaugie.com/sports/womens-soccer,Supplied research file (d2-other); links machine-checked to resolve (2026-10-09). Not otherwise verified.,official_university,no,Links only. Confirm against the official athletics site before marking verified.
NSIC_BEMIDJI_STATE_UNIVERSITY_WSOC,Bemidji State University,soccer,women,D2,Minnesota,https://bsubeavers.com,https://bsubeavers.com/sports/womens-soccer,,https://bsubeavers.com/sports/womens-soccer,Supplied research file (d2-other); links machine-checked to resolve (2026-10-09). Not otherwise verified.,official_university,no,Links only. Confirm against the official athletics site before marking verified.
NSIC_CONCORDIA_UNIVERSITY_ST_PAUL_WSOC,Concordia University–St. Paul,soccer,women,D2,Minnesota,https://cspbears.com,https://cspbears.com/sports/womens-soccer,,https://cspbears.com/sports/womens-soccer,Supplied research file (d2-other); links machine-checked to resolve (2026-10-09). Not otherwise verified.,official_university,no,Links only. Confirm against the official athletics site before marking verified.
NSIC_UNIVERSITY_OF_MINNESOTA_CROOKSTON_WSOC,University of Minnesota Crookston,soccer,women,D2,Minnesota,https://goldeneaglesports.com,https://goldeneaglesports.com/sports/womens-soccer,,https://goldeneaglesports.com/sports/womens-soccer,Supplied research file (d2-other); links machine-checked to resolve (2026-10-09). Not otherwise verified.,official_university,no,Links only. Confirm against the official athletics site before marking verified.
NSIC_UNIVERSITY_OF_MINNESOTA_DULUTH_WSOC,University of Minnesota Duluth,soccer,women,D2,Minnesota,https://umdbulldogs.com,https://umdbulldogs.com/sports/womens-soccer,,https://umdbulldogs.com/sports/womens-soccer,Supplied research file (d2-other); links machine-checked to resolve (2026-10-09). Not otherwise verified.,official_university,no,Links only. Confirm against the official athletics site before marking verified.
NSIC_MINNESOTA_STATE_UNIVERSITY_MANKATO_WSOC,"Minnesota State University, Mankato",soccer,women,D2,Minnesota,https://msumavericks.com,https://msumavericks.com/sports/womens-soccer,,https://msumavericks.com/sports/womens-soccer,Supplied research file (d2-other); links machine-checked to resolve (2026-10-09). Not otherwise verified.,official_university,no,Links only. Confirm against the official athletics site before marking verified.
NSIC_MINNESOTA_STATE_UNIVERSITY_MOORHEAD_WSOC,Minnesota State University Moorhead,soccer,women,D2,Minnesota,https://msumdragons.com,https://msumdragons.com/sports/womens-soccer,,https://msumdragons.com/sports/womens-soccer,Supplied research file (d2-other); links machine-checked to resolve (2026-10-09). Not otherwise verified.,official_university,no,Links only. Confirm against the official athletics site before marking verified.
NSIC_MINOT_STATE_UNIVERSITY_WSOC,Minot State University,soccer,women,D2,North Dakota,https://msubeavers.com,https://msubeavers.com/sports/womens-soccer,,https://msubeavers.com/sports/womens-soccer,Supplied research file (d2-other); links machine-checked to resolve (2026-10-09). Not otherwise verified.,official_university,no,Links only. Confirm against the official athletics site before marking verified.
NSIC_NORTHERN_STATE_UNIVERSITY_WSOC,Northern State University,soccer,women,D2,South Dakota,https://nsuwolves.com,https://nsuwolves.com/sports/womens-soccer,,https://nsuwolves.com/sports/womens-soccer,Supplied research file (d2-other); links machine-checked to resolve (2026-10-09). Not otherwise verified.,official_university,no,Links only. Confirm against the official athletics site before marking verified.
NSIC_UNIVERSITY_OF_SIOUX_FALLS_WSOC,University of Sioux Falls,soccer,women,D2,South Dakota,https://usfcougars.com,https://usfcougars.com/sports/womens-soccer,,https://usfcougars.com/sports/womens-soccer,Supplied research file (d2-other); links machine-checked to resolve (2026-10-09). Not otherwise verified.,official_university,no,Links only. Confirm against the official athletics site before marking verified.
NSIC_ST_CLOUD_STATE_UNIVERSITY_WSOC,St. Cloud State University,soccer,women,D2,Minnesota,https://scsuhuskies.com,https://scsuhuskies.com/sports/womens-soccer,,https://scsuhuskies.com/sports/womens-soccer,Supplied research file (d2-other); links machine-checked to resolve (2026-10-09). Not otherwise verified.,official_university,no,Links only. Confirm against the official athletics site before marking verified.
NSIC_SOUTHWEST_MINNESOTA_STATE_UNIVERSITY_WSOC,Southwest Minnesota State University,soccer,women,D2,Minnesota,https://smsumustangs.com,https://smsumustangs.com/sports/womens-soccer,https://smsusoccercamps.com,https://smsumustangs.com/sports/womens-soccer,Supplied research file (d2-other); links machine-checked to resolve (2026-10-09). Not otherwise verified.,official_university,no,Links only. Confirm against the official athletics site before marking verified.
NSIC_WAYNE_STATE_COLLEGE_WSOC,Wayne State College,soccer,women,D2,Nebraska,https://wscwildcats.com,https://wscwildcats.com/sports/womens-soccer,,https://wscwildcats.com/sports/womens-soccer,Supplied research file (d2-other); links machine-checked to resolve (2026-10-09). Not otherwise verified.,official_university,no,Links only. Confirm against the official athletics site before marking verified.
NSIC_WINONA_STATE_UNIVERSITY_WSOC,Winona State University,soccer,women,D2,Minnesota,https://winonastatewarriors.com,https://winonastatewarriors.com/sports/womens-soccer,,https://winonastatewarriors.com/sports/womens-soccer,Supplied research file (d2-other); links machine-checked to resolve (2026-10-09). Not otherwise verified.,official_university,no,Links only. Confirm against the official athletics site before marking verified.
MIAA_UNIVERSITY_OF_CENTRAL_MISSOURI_WSOC,University of Central Missouri,soccer,women,D2,Missouri,https://ucmathletics.com,https://ucmathletics.com/sports/womens-soccer,,https://ucmathletics.com/sports/womens-soccer,Supplied research file (d2-other); links machine-checked to resolve (2026-10-09). Not otherwise verified.,official_university,no,Links only. Confirm against the official athletics site before marking verified.
MIAA_UNIVERSITY_OF_CENTRAL_OKLAHOMA_WSOC,University of Central Oklahoma,soccer,women,D2,Oklahoma,https://bronchosports.com,https://bronchosports.com/sports/womens-soccer,https://bronchosoccercamps.com,https://bronchosports.com/sports/womens-soccer,Supplied research file (d2-other); links machine-checked to resolve (2026-10-09). Not otherwise verified.,official_university,no,Links only. Confirm against the official athletics site before marking verified.
MIAA_EMPORIA_STATE_UNIVERSITY_WSOC,Emporia State University,soccer,women,D2,Kansas,https://esuhornets.com,https://esuhornets.com/sports/womens-soccer,,https://esuhornets.com/sports/womens-soccer,Supplied research file (d2-other); links machine-checked to resolve (2026-10-09). Not otherwise verified.,official_university,no,Links only. Confirm against the official athletics site before marking verified.
MIAA_FORT_HAYS_STATE_UNIVERSITY_WSOC,Fort Hays State University,soccer,women,D2,Kansas,https://fhsuathletics.com,https://fhsuathletics.com/sports/womens-soccer,,https://fhsuathletics.com/sports/womens-soccer,Supplied research file (d2-other); links machine-checked to resolve (2026-10-09). Not otherwise verified.,official_university,no,Links only. Confirm against the official athletics site before marking verified.
MIAA_MISSOURI_SOUTHERN_STATE_UNIVERSITY_WSOC,Missouri Southern State University,soccer,women,D2,Missouri,https://mssulions.com,https://mssulions.com/sports/womens-soccer,,https://mssulions.com/sports/womens-soccer,Supplied research file (d2-other); links machine-checked to resolve (2026-10-09). Not otherwise verified.,official_university,no,Links only. Confirm against the official athletics site before marking verified.
MIAA_MISSOURI_WESTERN_STATE_UNIVERSITY_WSOC,Missouri Western State University,soccer,women,D2,Missouri,https://gogriffons.com,https://gogriffons.com/sports/womens-soccer,,https://gogriffons.com/sports/womens-soccer,Supplied research file (d2-other); links machine-checked to resolve (2026-10-09). Not otherwise verified.,official_university,no,Links only. Confirm against the official athletics site before marking verified.
MIAA_UNIVERSITY_OF_NEBRASKA_AT_KEARNEY_WSOC,University of Nebraska at Kearney,soccer,women,D2,Nebraska,https://lopers.com,https://lopers.com/sports/womens-soccer,,https://lopers.com/sports/womens-soccer,Supplied research file (d2-other); links machine-checked to resolve (2026-10-09). Not otherwise verified.,official_university,no,Links only. Confirm against the official athletics site before marking verified.
MIAA_NEWMAN_UNIVERSITY_WSOC,Newman University,soccer,women,D2,Kansas,,https://newmanjets.com/sports/womens-soccer,,https://newmanjets.com/sports/womens-soccer,Supplied research file (d2-other); links machine-checked to resolve (2026-10-09). Not otherwise verified.,official_university,no,Links only. Confirm against the official athletics site before marking verified.
MIAA_NORTHEASTERN_STATE_UNIVERSITY_WSOC,Northeastern State University,soccer,women,D2,Oklahoma,https://goriverhawksgo.com,https://goriverhawksgo.com/sports/womens-soccer,,https://goriverhawksgo.com/sports/womens-soccer,Supplied research file (d2-other); links machine-checked to resolve (2026-10-09). Not otherwise verified.,official_university,no,Links only. Confirm against the official athletics site before marking verified.
MIAA_NORTHWEST_MISSOURI_STATE_UNIVERSITY_WSOC,Northwest Missouri State University,soccer,women,D2,Missouri,https://bearcatsports.com,https://bearcatsports.com/sports/womens-soccer,https://bearcatsoccercamps.com,https://bearcatsports.com/sports/womens-soccer,Supplied research file (d2-other); links machine-checked to resolve (2026-10-09). Not otherwise verified.,official_university,no,Links only. Confirm against the official athletics site before marking verified.
MIAA_ROGERS_STATE_UNIVERSITY_WSOC,Rogers State University,soccer,women,D2,Oklahoma,https://rsuhillcats.com,https://rsuhillcats.com/sports/womens-soccer,,https://rsuhillcats.com/sports/womens-soccer,Supplied research file (d2-other); links machine-checked to resolve (2026-10-09). Not otherwise verified.,official_university,no,Links only. Confirm against the official athletics site before marking verified.
MIAA_WASHBURN_UNIVERSITY_WSOC,Washburn University,soccer,women,D2,Kansas,https://wusports.com,https://wusports.com/sports/womens-soccer,,https://wusports.com/sports/womens-soccer,Supplied research file (d2-other); links machine-checked to resolve (2026-10-09). Not otherwise verified.,official_university,no,Links only. Confirm against the official athletics site before marking verified.
LSC_ANGELO_STATE_UNIVERSITY_WSOC,Angelo State University,soccer,women,D2,Texas,https://angelosports.com,https://angelosports.com/sports/womens-soccer,https://angelosoccercamps.com,https://angelosports.com/sports/womens-soccer,Supplied research file (d2-other); links machine-checked to resolve (2026-10-09). Not otherwise verified.,official_university,no,Links only. Confirm against the official athletics site before marking verified.
LSC_DALLAS_BAPTIST_UNIVERSITY_WSOC,Dallas Baptist University,soccer,women,D2,Texas,,,,,Supplied research file (d2-other); links machine-checked to resolve (2026-10-09). Not otherwise verified.,,no,Links only. Confirm against the official athletics site before marking verified.
LSC_LUBBOCK_CHRISTIAN_UNIVERSITY_WSOC,Lubbock Christian University,soccer,women,D2,Texas,https://lcuchaps.com,https://lcuchaps.com/sports/womens-soccer,,https://lcuchaps.com/sports/womens-soccer,Supplied research file (d2-other); links machine-checked to resolve (2026-10-09). Not otherwise verified.,official_university,no,Links only. Confirm against the official athletics site before marking verified.
LSC_MIDWESTERN_STATE_UNIVERSITY_WSOC,Midwestern State University,soccer,women,D2,Texas,https://msumustangs.com,,https://msumustangssoccercamps.com,,Supplied research file (d2-other); links machine-checked to resolve (2026-10-09). Not otherwise verified.,,no,Links only. Confirm against the official athletics site before marking verified.
LSC_OKLAHOMA_CHRISTIAN_UNIVERSITY_WSOC,Oklahoma Christian University,soccer,women,D2,Oklahoma,https://oceagles.com,,https://oceaglessoccercamps.com,,Supplied research file (d2-other); links machine-checked to resolve (2026-10-09). Not otherwise verified.,,no,Links only. Confirm against the official athletics site before marking verified.
LSC_ST_EDWARD_S_UNIVERSITY_WSOC,St. Edward's University,soccer,women,D2,Texas,https://gohilltoppers.com,https://gohilltoppers.com/sports/womens-soccer,,https://gohilltoppers.com/sports/womens-soccer,Supplied research file (d2-other); links machine-checked to resolve (2026-10-09). Not otherwise verified.,official_university,no,Links only. Confirm against the official athletics site before marking verified.
LSC_ST_MARY_S_UNIVERSITY_WSOC,St. Mary's University,soccer,women,D2,Texas,https://rattlerathletics.com,https://rattlerathletics.com/sports/womens-soccer,,https://rattlerathletics.com/sports/womens-soccer,Supplied research file (d2-other); links machine-checked to resolve (2026-10-09). Not otherwise verified.,official_university,no,Links only. Confirm against the official athletics site before marking verified.
LSC_SUL_ROSS_STATE_UNIVERSITY_WSOC,Sul Ross State University,soccer,women,D2,Texas,https://srlobos.com,https://srlobos.com/sports/womens-soccer,,https://srlobos.com/sports/womens-soccer,Supplied research file (d2-other); links machine-checked to resolve (2026-10-09). Not otherwise verified.,official_university,no,Links only. Confirm against the official athletics site before marking verified.
LSC_TEXAS_A_AND_M_INTERNATIONAL_UNIVERSITY_WSOC,Texas A&M International University,soccer,women,D2,Texas,https://godustdevils.com,,,,Supplied research file (d2-other); links machine-checked to resolve (2026-10-09). Not otherwise verified.,,no,Links only. Confirm against the official athletics site before marking verified.
LSC_TEXAS_WOMAN_S_UNIVERSITY_WSOC,Texas Woman's University,soccer,women,D2,Texas,https://twuathletics.com,https://twuathletics.com/sports/womens-soccer,,https://twuathletics.com/sports/womens-soccer,Supplied research file (d2-other); links machine-checked to resolve (2026-10-09). Not otherwise verified.,official_university,no,Links only. Confirm against the official athletics site before marking verified.
LSC_UNIVERSITY_OF_TEXAS_AT_TYLER_WSOC,University of Texas at Tyler,soccer,women,D2,Texas,https://uttylerpatriots.com,https://uttylerpatriots.com/sports/womens-soccer,,https://uttylerpatriots.com/sports/womens-soccer,Supplied research file (d2-other); links machine-checked to resolve (2026-10-09). Not otherwise verified.,official_university,no,Links only. Confirm against the official athletics site before marking verified.
LSC_UNIVERSITY_OF_TEXAS_PERMIAN_BASIN_WSOC,University of Texas Permian Basin,soccer,women,D2,Texas,https://utpbfalcons.com,https://utpbfalcons.com/sports/womens-soccer,,https://utpbfalcons.com/sports/womens-soccer,Supplied research file (d2-other); links machine-checked to resolve (2026-10-09). Not otherwise verified.,official_university,no,Links only. Confirm against the official athletics site before marking verified.
LSC_WEST_TEXAS_A_AND_M_UNIVERSITY_WSOC,West Texas A&M University,soccer,women,D2,Texas,https://gobuffsgo.com,https://gobuffsgo.com/sports/womens-soccer,,https://gobuffsgo.com/sports/womens-soccer,Supplied research file (d2-other); links machine-checked to resolve (2026-10-09). Not otherwise verified.,official_university,no,Links only. Confirm against the official athletics site before marking verified.
RMAC_ADAMS_STATE_UNIVERSITY_WSOC,Adams State University,soccer,women,D2,Colorado,https://asugrizzlies.com,,,,Supplied research file (d2-other); links machine-checked to resolve (2026-10-09). Not otherwise verified.,,no,Links only. Confirm against the official athletics site before marking verified.
RMAC_BLACK_HILLS_STATE_UNIVERSITY_WSOC,Black Hills State University,soccer,women,D2,South Dakota,https://bhsuathletics.com,https://bhsuathletics.com/sports/womens-soccer,,https://bhsuathletics.com/sports/womens-soccer,Supplied research file (d2-other); links machine-checked to resolve (2026-10-09). Not otherwise verified.,official_university,no,Links only. Confirm against the official athletics site before marking verified.
RMAC_COLORADO_MESA_UNIVERSITY_WSOC,Colorado Mesa University,soccer,women,D2,Colorado,https://cmumavericks.com,https://cmumavericks.com/sports/womens-soccer,,https://cmumavericks.com/sports/womens-soccer,Supplied research file (d2-other); links machine-checked to resolve (2026-10-09). Not otherwise verified.,official_university,no,Links only. Confirm against the official athletics site before marking verified.
RMAC_COLORADO_SCHOOL_OF_MINES_WSOC,Colorado School of Mines,soccer,women,D2,Colorado,https://minesathletics.com,https://minesathletics.com/sports/womens-soccer,,https://minesathletics.com/sports/womens-soccer,Supplied research file (d2-other); links machine-checked to resolve (2026-10-09). Not otherwise verified.,official_university,no,Links only. Confirm against the official athletics site before marking verified.
RMAC_COLORADO_STATE_UNIVERSITY_PUEBLO_WSOC,Colorado State University–Pueblo,soccer,women,D2,Colorado,https://gothunderwolves.com,https://gothunderwolves.com/sports/womens-soccer,,https://gothunderwolves.com/sports/womens-soccer,Supplied research file (d2-other); links machine-checked to resolve (2026-10-09). Not otherwise verified.,official_university,no,Links only. Confirm against the official athletics site before marking verified.
RMAC_FORT_LEWIS_COLLEGE_WSOC,Fort Lewis College,soccer,women,D2,Colorado,https://goskyhawks.com,https://goskyhawks.com/sports/womens-soccer,,https://goskyhawks.com/sports/womens-soccer,Supplied research file (d2-other); links machine-checked to resolve (2026-10-09). Not otherwise verified.,official_university,no,Links only. Confirm against the official athletics site before marking verified.
RMAC_METROPOLITAN_STATE_UNIVERSITY_OF_DENVER_WSOC,Metropolitan State University of Denver,soccer,women,D2,Colorado,https://roadrunnersathletics.com,https://roadrunnersathletics.com/sports/womens-soccer,,https://roadrunnersathletics.com/sports/womens-soccer,Supplied research file (d2-other); links machine-checked to resolve (2026-10-09). Not otherwise verified.,official_university,no,Links only. Confirm against the official athletics site before marking verified.
RMAC_NEW_MEXICO_HIGHLANDS_UNIVERSITY_WSOC,New Mexico Highlands University,soccer,women,D2,New Mexico,https://nmhuathletics.com,https://nmhuathletics.com/sports/womens-soccer,,https://nmhuathletics.com/sports/womens-soccer,Supplied research file (d2-other); links machine-checked to resolve (2026-10-09). Not otherwise verified.,official_university,no,Links only. Confirm against the official athletics site before marking verified.
RMAC_REGIS_UNIVERSITY_WSOC,Regis University,soccer,women,D2,Colorado,https://regisrangers.com,,,,Supplied research file (d2-other); links machine-checked to resolve (2026-10-09). Not otherwise verified.,,no,Links only. Confirm against the official athletics site before marking verified.
RMAC_UNIVERSITY_OF_COLORADO_COLORADO_SPRINGS_WSOC,University of Colorado Colorado Springs,soccer,women,D2,Colorado,https://gomountainlions.com,,,,Supplied research file (d2-other); links machine-checked to resolve (2026-10-09). Not otherwise verified.,,no,Links only. Confirm against the official athletics site before marking verified.
RMAC_WESTERN_COLORADO_UNIVERSITY_WSOC,Western Colorado University,soccer,women,D2,Colorado,https://gomountaineers.com,https://gomountaineers.com/sports/womens-soccer,,https://gomountaineers.com/sports/womens-soccer,Supplied research file (d2-other); links machine-checked to resolve (2026-10-09). Not otherwise verified.,official_university,no,Links only. Confirm against the official athletics site before marking verified.
RMAC_WESTMINSTER_UNIVERSITY_WSOC,Westminster University,soccer,women,D2,Utah,https://westminstergriffins.com,https://westminstergriffins.com/sports/womens-soccer,,https://westminstergriffins.com/sports/womens-soccer,Supplied research file (d2-other); links machine-checked to resolve (2026-10-09). Not otherwise verified.,official_university,no,Links only. Confirm against the official athletics site before marking verified.
SAC_ANDERSON_UNIVERSITY_WSOC,Anderson University,soccer,women,D2,South Carolina,https://autrojans.com,https://autrojans.com/sports/womens-soccer,https://andersonsoccercamps.com,https://autrojans.com/sports/womens-soccer,Supplied research file (d2-other); links machine-checked to resolve (2026-10-09). Not otherwise verified.,official_university,no,Links only. Confirm against the official athletics site before marking verified.
SAC_CARSON_NEWMAN_UNIVERSITY_WSOC,Carson–Newman University,soccer,women,D2,Tennessee,https://cneagles.com,https://cneagles.com/sports/womens-soccer,,https://cneagles.com/sports/womens-soccer,Supplied research file (d2-other); links machine-checked to resolve (2026-10-09). Not otherwise verified.,official_university,no,Links only. Confirm against the official athletics site before marking verified.
SAC_CATAWBA_COLLEGE_WSOC,Catawba College,soccer,women,D2,North Carolina,https://catawbaindians.com,https://catawbaindians.com/sports/womens-soccer,,https://catawbaindians.com/sports/womens-soccer,Supplied research file (d2-other); links machine-checked to resolve (2026-10-09). Not otherwise verified.,official_university,no,Links only. Confirm against the official athletics site before marking verified.
SAC_COKER_UNIVERSITY_WSOC,Coker University,soccer,women,D2,South Carolina,https://cokercobras.com,https://cokercobras.com/sports/womens-soccer,,https://cokercobras.com/sports/womens-soccer,Supplied research file (d2-other); links machine-checked to resolve (2026-10-09). Not otherwise verified.,official_university,no,Links only. Confirm against the official athletics site before marking verified.
SAC_EMORY_AND_HENRY_UNIVERSITY_WSOC,Emory and Henry University,soccer,women,D2,Virginia,https://gowasps.com,https://gowasps.com/sports/womens-soccer,,https://gowasps.com/sports/womens-soccer,Supplied research file (d2-other); links machine-checked to resolve (2026-10-09). Not otherwise verified.,official_university,no,Links only. Confirm against the official athletics site before marking verified.
SAC_LENOIR_RHYNE_UNIVERSITY_WSOC,Lenoir–Rhyne University,soccer,women,D2,North Carolina,https://lrbears.com,,,,Supplied research file (d2-other); links machine-checked to resolve (2026-10-09). Not otherwise verified.,,no,Links only. Confirm against the official athletics site before marking verified.
SAC_LINCOLN_MEMORIAL_UNIVERSITY_WSOC,Lincoln Memorial University,soccer,women,D2,Tennessee,https://lmurailsplitters.com,https://lmurailsplitters.com/sports/womens-soccer,,https://lmurailsplitters.com/sports/womens-soccer,Supplied research file (d2-other); links machine-checked to resolve (2026-10-09). Not otherwise verified.,official_university,no,Links only. Confirm against the official athletics site before marking verified.
SAC_MARS_HILL_UNIVERSITY_WSOC,Mars Hill University,soccer,women,D2,North Carolina,https://marshilllions.com,https://marshilllions.com/sports/womens-soccer,,https://marshilllions.com/sports/womens-soccer,Supplied research file (d2-other); links machine-checked to resolve (2026-10-09). Not otherwise verified.,official_university,no,Links only. Confirm against the official athletics site before marking verified.
SAC_NEWBERRY_COLLEGE_WSOC,Newberry College,soccer,women,D2,South Carolina,https://newberrywolves.com,https://newberrywolves.com/sports/womens-soccer,,https://newberrywolves.com/sports/womens-soccer,Supplied research file (d2-other); links machine-checked to resolve (2026-10-09). Not otherwise verified.,official_university,no,Links only. Confirm against the official athletics site before marking verified.
SAC_TUSCULUM_UNIVERSITY_WSOC,Tusculum University,soccer,women,D2,Tennessee,https://tusculumpioneers.com,https://tusculumpioneers.com/sports/womens-soccer,,https://tusculumpioneers.com/sports/womens-soccer,Supplied research file (d2-other); links machine-checked to resolve (2026-10-09). Not otherwise verified.,official_university,no,Links only. Confirm against the official athletics site before marking verified.
SAC_WINGATE_UNIVERSITY_WSOC,Wingate University,soccer,women,D2,North Carolina,https://wingatebulldogs.com,https://wingatebulldogs.com/sports/womens-soccer,,https://wingatebulldogs.com/sports/womens-soccer,Supplied research file (d2-other); links machine-checked to resolve (2026-10-09). Not otherwise verified.,official_university,no,Links only. Confirm against the official athletics site before marking verified.
CAR_BARTON_COLLEGE_WSOC,Barton College,soccer,women,D2,North Carolina,https://bartonbulldogs.com,https://bartonbulldogs.com/sports/womens-soccer,,https://bartonbulldogs.com/sports/womens-soccer,Supplied research file (d2-other); links machine-checked to resolve (2026-10-09). Not otherwise verified.,official_university,no,Links only. Confirm against the official athletics site before marking verified.
CAR_BELMONT_ABBEY_COLLEGE_WSOC,Belmont Abbey College,soccer,women,D2,North Carolina,https://abbeyathletics.com,https://abbeyathletics.com/sports/womens-soccer,,https://abbeyathletics.com/sports/womens-soccer,Supplied research file (d2-other); links machine-checked to resolve (2026-10-09). Not otherwise verified.,official_university,no,Links only. Confirm against the official athletics site before marking verified.
CAR_CHOWAN_UNIVERSITY_WSOC,Chowan University,soccer,women,D2,North Carolina,https://gocuhawks.com,https://gocuhawks.com/sports/womens-soccer,,https://gocuhawks.com/sports/womens-soccer,Supplied research file (d2-other); links machine-checked to resolve (2026-10-09). Not otherwise verified.,official_university,no,Links only. Confirm against the official athletics site before marking verified.
CAR_CONVERSE_UNIVERSITY_WSOC,Converse University,soccer,women,D2,South Carolina,https://govalkyries.com,https://govalkyries.com/sports/womens-soccer,,https://govalkyries.com/sports/womens-soccer,Supplied research file (d2-other); links machine-checked to resolve (2026-10-09). Not otherwise verified.,official_university,no,Links only. Confirm against the official athletics site before marking verified.
CAR_EMMANUEL_UNIVERSITY_WSOC,Emmanuel University,soccer,women,D2,Georgia,https://goeclions.com,,,,Supplied research file (d2-other); links machine-checked to resolve (2026-10-09). Not otherwise verified.,,no,Links only. Confirm against the official athletics site before marking verified.
CAR_FRANCIS_MARION_UNIVERSITY_WSOC,Francis Marion University,soccer,women,D2,South Carolina,https://fmupatriots.com,https://fmupatriots.com/sports/womens-soccer,,https://fmupatriots.com/sports/womens-soccer,Supplied research file (d2-other); links machine-checked to resolve (2026-10-09). Not otherwise verified.,official_university,no,Links only. Confirm against the official athletics site before marking verified.
CAR_KING_UNIVERSITY_WSOC,King University,soccer,women,D2,Tennessee,https://kingtornado.com,https://kingtornado.com/sports/womens-soccer,,https://kingtornado.com/sports/womens-soccer,Supplied research file (d2-other); links machine-checked to resolve (2026-10-09). Not otherwise verified.,official_university,no,Links only. Confirm against the official athletics site before marking verified.
CAR_LEES_MCRAE_COLLEGE_WSOC,Lees–McRae College,soccer,women,D2,North Carolina,https://lmcbobcats.com,https://lmcbobcats.com/sports/womens-soccer,,https://lmcbobcats.com/sports/womens-soccer,Supplied research file (d2-other); links machine-checked to resolve (2026-10-09). Not otherwise verified.,official_university,no,Links only. Confirm against the official athletics site before marking verified.
CAR_UNIVERSITY_OF_MOUNT_OLIVE_WSOC,University of Mount Olive,soccer,women,D2,North Carolina,https://umotrojans.com,https://umotrojans.com/sports/womens-soccer,,https://umotrojans.com/sports/womens-soccer,Supplied research file (d2-other); links machine-checked to resolve (2026-10-09). Not otherwise verified.,official_university,no,Links only. Confirm against the official athletics site before marking verified.
CAR_NORTH_GREENVILLE_UNIVERSITY_WSOC,North Greenville University,soccer,women,D2,South Carolina,https://nguathletics.com,https://nguathletics.com/sports/womens-soccer,,https://nguathletics.com/sports/womens-soccer,Supplied research file (d2-other); links machine-checked to resolve (2026-10-09). Not otherwise verified.,official_university,no,Links only. Confirm against the official athletics site before marking verified.
CAR_SHORTER_UNIVERSITY_WSOC,Shorter University,soccer,women,D2,Georgia,https://goshorterhawks.com,https://goshorterhawks.com/sports/womens-soccer,,https://goshorterhawks.com/sports/womens-soccer,Supplied research file (d2-other); links machine-checked to resolve (2026-10-09). Not otherwise verified.,official_university,no,Links only. Confirm against the official athletics site before marking verified.
CAR_SOUTHERN_WESLEYAN_UNIVERSITY_WSOC,Southern Wesleyan University,soccer,women,D2,South Carolina,https://swuathletics.com,https://swuathletics.com/sports/womens-soccer,,https://swuathletics.com/sports/womens-soccer,Supplied research file (d2-other); links machine-checked to resolve (2026-10-09). Not otherwise verified.,official_university,no,Links only. Confirm against the official athletics site before marking verified.
CAR_YOUNG_HARRIS_COLLEGE_WSOC,Young Harris College,soccer,women,D2,Georgia,https://yhcathletics.com,https://yhcathletics.com/sports/womens-soccer,,https://yhcathletics.com/sports/womens-soccer,Supplied research file (d2-other); links machine-checked to resolve (2026-10-09). Not otherwise verified.,official_university,no,Links only. Confirm against the official athletics site before marking verified.
PBC_COLUMBUS_STATE_UNIVERSITY_WSOC,Columbus State University,soccer,women,D2,Georgia,https://csucougars.com,https://csucougars.com/sports/womens-soccer,,https://csucougars.com/sports/womens-soccer,Supplied research file (d2-other); links machine-checked to resolve (2026-10-09). Not otherwise verified.,official_university,no,Links only. Confirm against the official athletics site before marking verified.
PBC_FLAGLER_COLLEGE_WSOC,Flagler College,soccer,women,D2,Florida,https://flaglerathletics.com,https://flaglerathletics.com/sports/womens-soccer,,https://flaglerathletics.com/sports/womens-soccer,Supplied research file (d2-other); links machine-checked to resolve (2026-10-09). Not otherwise verified.,official_university,no,Links only. Confirm against the official athletics site before marking verified.
PBC_GEORGIA_SOUTHWESTERN_STATE_UNIVERSITY_WSOC,Georgia Southwestern State University,soccer,women,D2,Georgia,https://gswcanes.com,https://gswcanes.com/sports/womens-soccer,,https://gswcanes.com/sports/womens-soccer,Supplied research file (d2-other); links machine-checked to resolve (2026-10-09). Not otherwise verified.,official_university,no,Links only. Confirm against the official athletics site before marking verified.
PBC_LANDER_UNIVERSITY_WSOC,Lander University,soccer,women,D2,South Carolina,https://landerbearcats.com,https://landerbearcats.com/sports/womens-soccer,,https://landerbearcats.com/sports/womens-soccer,Supplied research file (d2-other); links machine-checked to resolve (2026-10-09). Not otherwise verified.,official_university,no,Links only. Confirm against the official athletics site before marking verified.
PBC_MIDDLE_GEORGIA_STATE_UNIVERSITY_WSOC,Middle Georgia State University,soccer,women,D2,Georgia,https://mgaknights.com,https://mgaknights.com/sports/womens-soccer,,https://mgaknights.com/sports/womens-soccer,Supplied research file (d2-other); links machine-checked to resolve (2026-10-09). Not otherwise verified.,official_university,no,Links only. Confirm against the official athletics site before marking verified.
PBC_UNIVERSITY_OF_NORTH_GEORGIA_WSOC,University of North Georgia,soccer,women,D2,Georgia,https://ungathletics.com,,,,Supplied research file (d2-other); links machine-checked to resolve (2026-10-09). Not otherwise verified.,,no,Links only. Confirm against the official athletics site before marking verified.
PBC_CLAYTON_STATE_UNIVERSITY_WSOC,Clayton State University,soccer,women,D2,Georgia,https://claytonstatesports.com,https://claytonstatesports.com/sports/womens-soccer,,https://claytonstatesports.com/sports/womens-soccer,Supplied research file (d2-other); links machine-checked to resolve (2026-10-09). Not otherwise verified.,official_university,no,Links only. Confirm against the official athletics site before marking verified.
PBC_UNIVERSITY_OF_SOUTH_CAROLINA_AIKEN_WSOC,University of South Carolina Aiken,soccer,women,D2,South Carolina,https://pacersports.com,https://pacersports.com/sports/womens-soccer,,https://pacersports.com/sports/womens-soccer,Supplied research file (d2-other); links machine-checked to resolve (2026-10-09). Not otherwise verified.,official_university,no,Links only. Confirm against the official athletics site before marking verified.
PBC_UNIVERSITY_OF_SOUTH_CAROLINA_BEAUFORT_WSOC,University of South Carolina Beaufort,soccer,women,D2,South Carolina,https://uscbathletics.com,https://uscbathletics.com/sports/womens-soccer,,https://uscbathletics.com/sports/womens-soccer,Supplied research file (d2-other); links machine-checked to resolve (2026-10-09). Not otherwise verified.,official_university,no,Links only. Confirm against the official athletics site before marking verified.
GSC_AUBURN_UNIVERSITY_AT_MONTGOMERY_WSOC,Auburn University at Montgomery,soccer,women,D2,Alabama,https://aumathletics.com,https://aumathletics.com/sports/womens-soccer,,https://aumathletics.com/sports/womens-soccer,Supplied research file (d2-other); links machine-checked to resolve (2026-10-09). Not otherwise verified.,official_university,no,Links only. Confirm against the official athletics site before marking verified.
GSC_CHRISTIAN_BROTHERS_UNIVERSITY_WSOC,Christian Brothers University,soccer,women,D2,Tennessee,https://cbubucs.com,https://cbubucs.com/sports/womens-soccer,,https://cbubucs.com/sports/womens-soccer,Supplied research file (d2-other); links machine-checked to resolve (2026-10-09). Not otherwise verified.,official_university,no,Links only. Confirm against the official athletics site before marking verified.
GSC_DELTA_STATE_UNIVERSITY_WSOC,Delta State University,soccer,women,D2,Mississippi,,,,,Supplied research file (d2-other); links machine-checked to resolve (2026-10-09). Not otherwise verified.,,no,Links only. Confirm against the official athletics site before marking verified.
GSC_LEE_UNIVERSITY_WSOC,Lee University,soccer,women,D2,Tennessee,https://leeuflames.com,https://leeuflames.com/sports/womens-soccer,,https://leeuflames.com/sports/womens-soccer,Supplied research file (d2-other); links machine-checked to resolve (2026-10-09). Not otherwise verified.,official_university,no,Links only. Confirm against the official athletics site before marking verified.
GSC_MISSISSIPPI_CHRISTIAN_UNIVERSITY_WSOC,Mississippi Christian University,soccer,women,D2,Mississippi,https://gochoctaws.com,,,,Supplied research file (d2-other); links machine-checked to resolve (2026-10-09). Not otherwise verified.,,no,Links only. Confirm against the official athletics site before marking verified.
GSC_UNIVERSITY_OF_MONTEVALLO_WSOC,University of Montevallo,soccer,women,D2,Alabama,https://montevallofalcons.com,https://montevallofalcons.com/sports/womens-soccer,,https://montevallofalcons.com/sports/womens-soccer,Supplied research file (d2-other); links machine-checked to resolve (2026-10-09). Not otherwise verified.,official_university,no,Links only. Confirm against the official athletics site before marking verified.
GSC_SPRING_HILL_COLLEGE_WSOC,Spring Hill College,soccer,women,D2,Alabama,https://shcbadgers.com,https://shcbadgers.com/sports/womens-soccer,,https://shcbadgers.com/sports/womens-soccer,Supplied research file (d2-other); links machine-checked to resolve (2026-10-09). Not otherwise verified.,official_university,no,Links only. Confirm against the official athletics site before marking verified.
GSC_TREVECCA_NAZARENE_UNIVERSITY_WSOC,Trevecca Nazarene University,soccer,women,D2,Tennessee,https://tnutrojans.com,https://tnutrojans.com/sports/womens-soccer,,https://tnutrojans.com/sports/womens-soccer,Supplied research file (d2-other); links machine-checked to resolve (2026-10-09). Not otherwise verified.,official_university,no,Links only. Confirm against the official athletics site before marking verified.
GSC_UNION_UNIVERSITY_WSOC,Union University,soccer,women,D2,Tennessee,https://uuathletics.com,https://uuathletics.com/sports/womens-soccer,,https://uuathletics.com/sports/womens-soccer,Supplied research file (d2-other); links machine-checked to resolve (2026-10-09). Not otherwise verified.,official_university,no,Links only. Confirm against the official athletics site before marking verified.
GSC_VALDOSTA_STATE_UNIVERSITY_WSOC,Valdosta State University,soccer,women,D2,Georgia,https://vstateblazers.com,https://vstateblazers.com/sports/womens-soccer,,https://vstateblazers.com/sports/womens-soccer,Supplied research file (d2-other); links machine-checked to resolve (2026-10-09). Not otherwise verified.,official_university,no,Links only. Confirm against the official athletics site before marking verified.
GSC_UNIVERSITY_OF_WEST_ALABAMA_WSOC,University of West Alabama,soccer,women,D2,Alabama,https://uwaathletics.com,https://uwaathletics.com/sports/womens-soccer,,https://uwaathletics.com/sports/womens-soccer,Supplied research file (d2-other); links machine-checked to resolve (2026-10-09). Not otherwise verified.,official_university,no,Links only. Confirm against the official athletics site before marking verified.
SSC_BARRY_UNIVERSITY_WSOC,Barry University,soccer,women,D2,Florida,https://gobarrybucs.com,https://gobarrybucs.com/sports/womens-soccer,,https://gobarrybucs.com/sports/womens-soccer,Supplied research file (d2-other); links machine-checked to resolve (2026-10-09). Not otherwise verified.,official_university,no,Links only. Confirm against the official athletics site before marking verified.
SSC_ECKERD_COLLEGE_WSOC,Eckerd College,soccer,women,D2,Florida,https://eckerdtritons.com,https://eckerdtritons.com/sports/womens-soccer,,https://eckerdtritons.com/sports/womens-soccer,Supplied research file (d2-other); links machine-checked to resolve (2026-10-09). Not otherwise verified.,official_university,no,Links only. Confirm against the official athletics site before marking verified.
SSC_EMBRY_RIDDLE_AERONAUTICAL_UNIVERSITY_WSOC,Embry–Riddle Aeronautical University,soccer,women,D2,Florida,https://erauathletics.com,https://erauathletics.com/sports/womens-soccer,,https://erauathletics.com/sports/womens-soccer,Supplied research file (d2-other); links machine-checked to resolve (2026-10-09). Not otherwise verified.,official_university,no,Links only. Confirm against the official athletics site before marking verified.
SSC_FLORIDA_INSTITUTE_OF_TECHNOLOGY_WSOC,Florida Institute of Technology,soccer,women,D2,Florida,https://floridatechsports.com,https://floridatechsports.com/sports/womens-soccer,,https://floridatechsports.com/sports/womens-soccer,Supplied research file (d2-other); links machine-checked to resolve (2026-10-09). Not otherwise verified.,official_university,no,Links only. Confirm against the official athletics site before marking verified.
SSC_LYNN_UNIVERSITY_WSOC,Lynn University,soccer,women,D2,Florida,https://lynnfightingknights.com,https://lynnfightingknights.com/sports/womens-soccer,,https://lynnfightingknights.com/sports/womens-soccer,Supplied research file (d2-other); links machine-checked to resolve (2026-10-09). Not otherwise verified.,official_university,no,Links only. Confirm against the official athletics site before marking verified.
SSC_NOVA_SOUTHEASTERN_UNIVERSITY_WSOC,Nova Southeastern University,soccer,women,D2,Florida,https://nsusharks.com,https://nsusharks.com/sports/womens-soccer,,https://nsusharks.com/sports/womens-soccer,Supplied research file (d2-other); links machine-checked to resolve (2026-10-09). Not otherwise verified.,official_university,no,Links only. Confirm against the official athletics site before marking verified.
SSC_PALM_BEACH_ATLANTIC_UNIVERSITY_WSOC,Palm Beach Atlantic University,soccer,women,D2,Florida,https://pbasailfish.com,https://pbasailfish.com/sports/womens-soccer,,https://pbasailfish.com/sports/womens-soccer,Supplied research file (d2-other); links machine-checked to resolve (2026-10-09). Not otherwise verified.,official_university,no,Links only. Confirm against the official athletics site before marking verified.
SSC_ROLLINS_COLLEGE_WSOC,Rollins College,soccer,women,D2,Florida,https://rollinssports.com,https://rollinssports.com/sports/womens-soccer,,https://rollinssports.com/sports/womens-soccer,Supplied research file (d2-other); links machine-checked to resolve (2026-10-09). Not otherwise verified.,official_university,no,Links only. Confirm against the official athletics site before marking verified.
SSC_SAINT_LEO_UNIVERSITY_WSOC,Saint Leo University,soccer,women,D2,Florida,https://saintleolions.com,https://saintleolions.com/sports/womens-soccer,,https://saintleolions.com/sports/womens-soccer,Supplied research file (d2-other); links machine-checked to resolve (2026-10-09). Not otherwise verified.,official_university,no,Links only. Confirm against the official athletics site before marking verified.
SSC_UNIVERSITY_OF_TAMPA_WSOC,University of Tampa,soccer,women,D2,Florida,https://tampaspartans.com,https://tampaspartans.com/sports/womens-soccer,https://spartansoccercamps.com,https://tampaspartans.com/sports/womens-soccer,Supplied research file (d2-other); links machine-checked to resolve (2026-10-09). Not otherwise verified.,official_university,no,Links only. Confirm against the official athletics site before marking verified.
IND_BLUEFIELD_STATE_UNIVERSITY_WSOC,Bluefield State University,soccer,women,D2,West Virginia,,,,,Supplied research file (d2-other); links machine-checked to resolve (2026-10-09). Not otherwise verified.,,no,Links only. Confirm against the official athletics site before marking verified.
CACC_LINCOLN_UNIVERSITY_PENNSYLVANIA_WSOC,Lincoln University (Pennsylvania),soccer,women,D2,Pennsylvania,https://lulions.com,,,,Supplied research file (d2-other); links machine-checked to resolve (2026-10-09). Not otherwise verified.,,no,Links only. Confirm against the official athletics site before marking verified.
IND_SHAW_UNIVERSITY_WSOC,Shaw University,soccer,women,D2,North Carolina,https://shawbears.com,https://shawbears.com/sports/womens-soccer,,https://shawbears.com/sports/womens-soccer,Supplied research file (d2-other); links machine-checked to resolve (2026-10-09). Not otherwise verified.,official_university,no,Links only. Confirm against the official athletics site before marking verified.
IND_VIRGINIA_STATE_UNIVERSITY_WSOC,Virginia State University,soccer,women,D2,Virginia,https://govsutrojans.com,https://govsutrojans.com/sports/womens-soccer,,https://govsutrojans.com/sports/womens-soccer,Supplied research file (d2-other); links machine-checked to resolve (2026-10-09). Not otherwise verified.,official_university,no,Links only. Confirm against the official athletics site before marking verified.
IND_ALLEN_UNIVERSITY_WSOC,Allen University,soccer,women,D2,South Carolina,https://auyellowjackets.com,https://auyellowjackets.com/sports/womens-soccer,,https://auyellowjackets.com/sports/womens-soccer,Supplied research file (d2-other); links machine-checked to resolve (2026-10-09). Not otherwise verified.,official_university,no,Links only. Confirm against the official athletics site before marking verified.
IND_EDWARD_WATERS_UNIVERSITY_WSOC,Edward Waters University,soccer,women,D2,Florida,,,,,Supplied research file (d2-other); links machine-checked to resolve (2026-10-09). Not otherwise verified.,,no,Links only. Confirm against the official athletics site before marking verified.
CCAA_CALIFORNIA_STATE_POLYTECHNIC_UNIVERSITY_HUMBOLDT_C_WSOC,"California State Polytechnic University, Humboldt (Cal Poly Humboldt)",soccer,women,D2,California,https://humboldtathletics.com,,,,Supplied research file (d2-other); links machine-checked to resolve (2026-10-09). Not otherwise verified.,,no,Links only. Confirm against the official athletics site before marking verified.
CCAA_CALIFORNIA_STATE_POLYTECHNIC_UNIVERSITY_POMONA_CAL_WSOC,"California State Polytechnic University, Pomona (Cal Poly Pomona)",soccer,women,D2,California,https://broncoathletics.com,https://broncoathletics.com/sports/womens-soccer,,https://broncoathletics.com/sports/womens-soccer,Supplied research file (d2-other); links machine-checked to resolve (2026-10-09). Not otherwise verified.,official_university,no,Links only. Confirm against the official athletics site before marking verified.
CCAA_CALIFORNIA_STATE_UNIVERSITY_DOMINGUEZ_HILLS_WSOC,"California State University, Dominguez Hills",soccer,women,D2,California,https://gotoros.com,,,,Supplied research file (d2-other); links machine-checked to resolve (2026-10-09). Not otherwise verified.,,no,Links only. Confirm against the official athletics site before marking verified.
CCAA_CALIFORNIA_STATE_UNIVERSITY_EAST_BAY_WSOC,"California State University, East Bay",soccer,women,D2,California,https://eastbaypioneers.com,,,,Supplied research file (d2-other); links machine-checked to resolve (2026-10-09). Not otherwise verified.,,no,Links only. Confirm against the official athletics site before marking verified.
CCAA_CALIFORNIA_STATE_UNIVERSITY_LOS_ANGELES_WSOC,"California State University, Los Angeles",soccer,women,D2,California,https://lagoldeneagles.com,https://lagoldeneagles.com/sports/womens-soccer,,https://lagoldeneagles.com/sports/womens-soccer,Supplied research file (d2-other); links machine-checked to resolve (2026-10-09). Not otherwise verified.,official_university,no,Links only. Confirm against the official athletics site before marking verified.
CCAA_CALIFORNIA_STATE_UNIVERSITY_MONTEREY_BAY_WSOC,"California State University, Monterey Bay",soccer,women,D2,California,https://otterathletics.com,https://otterathletics.com/sports/womens-soccer,,https://otterathletics.com/sports/womens-soccer,Supplied research file (d2-other); links machine-checked to resolve (2026-10-09). Not otherwise verified.,official_university,no,Links only. Confirm against the official athletics site before marking verified.
CCAA_CALIFORNIA_STATE_UNIVERSITY_SAN_BERNARDINO_WSOC,"California State University, San Bernardino",soccer,women,D2,California,https://csusbathletics.com,https://csusbathletics.com/sports/womens-soccer,,https://csusbathletics.com/sports/womens-soccer,Supplied research file (d2-other); links machine-checked to resolve (2026-10-09). Not otherwise verified.,official_university,no,Links only. Confirm against the official athletics site before marking verified.
CCAA_CALIFORNIA_STATE_UNIVERSITY_SAN_MARCOS_WSOC,California State University San Marcos,soccer,women,D2,California,https://csusmcougars.com,https://csusmcougars.com/sports/womens-soccer,,https://csusmcougars.com/sports/womens-soccer,Supplied research file (d2-other); links machine-checked to resolve (2026-10-09). Not otherwise verified.,official_university,no,Links only. Confirm against the official athletics site before marking verified.
CCAA_CALIFORNIA_STATE_UNIVERSITY_CHICO_CHICO_STATE_WSOC,"California State University, Chico (Chico State)",soccer,women,D2,California,https://chicowildcats.com,https://chicowildcats.com/sports/womens-soccer,,https://chicowildcats.com/sports/womens-soccer,Supplied research file (d2-other); links machine-checked to resolve (2026-10-09). Not otherwise verified.,official_university,no,Links only. Confirm against the official athletics site before marking verified.
CCAA_SAN_FRANCISCO_STATE_UNIVERSITY_WSOC,San Francisco State University,soccer,women,D2,California,https://sfstategators.com,https://sfstategators.com/sports/womens-soccer,,https://sfstategators.com/sports/womens-soccer,Supplied research file (d2-other); links machine-checked to resolve (2026-10-09). Not otherwise verified.,official_university,no,Links only. Confirm against the official athletics site before marking verified.
CCAA_CALIFORNIA_STATE_UNIVERSITY_STANISLAUS_WSOC,"California State University, Stanislaus",soccer,women,D2,California,https://warriorathletics.com,https://warriorathletics.com/sports/womens-soccer,https://warriorsoccercamps.com,https://warriorathletics.com/sports/womens-soccer,Supplied research file (d2-other); links machine-checked to resolve (2026-10-09). Not otherwise verified.,official_university,no,Links only. Confirm against the official athletics site before marking verified.
PACWEST_BIOLA_UNIVERSITY_WSOC,Biola University,soccer,women,D2,California,https://athletics.biola.edu,https://athletics.biola.edu/sports/womens-soccer,,https://athletics.biola.edu/sports/womens-soccer,Supplied research file (d2-other); links machine-checked to resolve (2026-10-09). Not otherwise verified.,official_university,no,Links only. Confirm against the official athletics site before marking verified.
PACWEST_CHAMINADE_UNIVERSITY_OF_HONOLULU_WSOC,Chaminade University of Honolulu,soccer,women,D2,Hawai'i,https://goswords.com,https://goswords.com/sports/womens-soccer,,https://goswords.com/sports/womens-soccer,Supplied research file (d2-other); links machine-checked to resolve (2026-10-09). Not otherwise verified.,official_university,no,Links only. Confirm against the official athletics site before marking verified.
PACWEST_CONCORDIA_UNIVERSITY_IRVINE_WSOC,Concordia University–Irvine,soccer,women,D2,California,https://cuieagles.com,https://cuieagles.com/sports/womens-soccer,,https://cuieagles.com/sports/womens-soccer,Supplied research file (d2-other); links machine-checked to resolve (2026-10-09). Not otherwise verified.,official_university,no,Links only. Confirm against the official athletics site before marking verified.
PACWEST_DOMINICAN_UNIVERSITY_OF_CALIFORNIA_WSOC,Dominican University of California,soccer,women,D2,California,https://dominicanathletics.com,https://dominicanathletics.com/sports/womens-soccer,,https://dominicanathletics.com/sports/womens-soccer,Supplied research file (d2-other); links machine-checked to resolve (2026-10-09). Not otherwise verified.,official_university,no,Links only. Confirm against the official athletics site before marking verified.
CCAA_FRESNO_PACIFIC_UNIVERSITY_WSOC,Fresno Pacific University,soccer,women,D2,California,https://fpuathletics.com,https://fpuathletics.com/sports/womens-soccer,,https://fpuathletics.com/sports/womens-soccer,Supplied research file (d2-other); links machine-checked to resolve (2026-10-09). Not otherwise verified.,official_university,no,Links only. Confirm against the official athletics site before marking verified.
PACWEST_UNIVERSITY_OF_HAWAI_I_AT_HILO_WSOC,University of Hawai'i at Hilo,soccer,women,D2,Hawai'i,,,,,Supplied research file (d2-other); links machine-checked to resolve (2026-10-09). Not otherwise verified.,,no,Links only. Confirm against the official athletics site before marking verified.
PACWEST_HAWAI_I_PACIFIC_UNIVERSITY_WSOC,Hawai'i Pacific University,soccer,women,D2,Hawai'i,https://hpusharks.com,https://hpusharks.com/sports/womens-soccer,,https://hpusharks.com/sports/womens-soccer,Supplied research file (d2-other); links machine-checked to resolve (2026-10-09). Not otherwise verified.,official_university,no,Links only. Confirm against the official athletics site before marking verified.
PACWEST_JESSUP_UNIVERSITY_WSOC,Jessup University,soccer,women,D2,California,https://jessupathletics.com,,,,Supplied research file (d2-other); links machine-checked to resolve (2026-10-09). Not otherwise verified.,,no,Links only. Confirm against the official athletics site before marking verified.
CCAA_MENLO_COLLEGE_WSOC,Menlo College,soccer,women,D2,California,https://menloathletics.com,,,,Supplied research file (d2-other); links machine-checked to resolve (2026-10-09). Not otherwise verified.,,no,Links only. Confirm against the official athletics site before marking verified.
PACWEST_POINT_LOMA_NAZARENE_UNIVERSITY_WSOC,Point Loma Nazarene University,soccer,women,D2,California,https://plnusealions.com,https://plnusealions.com/sports/womens-soccer,,https://plnusealions.com/sports/womens-soccer,Supplied research file (d2-other); links machine-checked to resolve (2026-10-09). Not otherwise verified.,official_university,no,Links only. Confirm against the official athletics site before marking verified.
PACWEST_VANGUARD_UNIVERSITY_WSOC,Vanguard University,soccer,women,D2,California,https://vanguardlions.com,https://vanguardlions.com/sports/womens-soccer,,https://vanguardlions.com/sports/womens-soccer,Supplied research file (d2-other); links machine-checked to resolve (2026-10-09). Not otherwise verified.,official_university,no,Links only. Confirm against the official athletics site before marking verified.
PACWEST_WESTMONT_COLLEGE_WSOC,Westmont College,soccer,women,D2,California,https://athletics.westmont.edu,,,,Supplied research file (d2-other); links machine-checked to resolve (2026-10-09). Not otherwise verified.,,no,Links only. Confirm against the official athletics site before marking verified.
GNAC_CENTRAL_WASHINGTON_UNIVERSITY_WSOC,Central Washington University,soccer,women,D2,Washington,https://wildcatsports.com,https://wildcatsports.com/sports/womens-soccer,,https://wildcatsports.com/sports/womens-soccer,Supplied research file (d2-other); links machine-checked to resolve (2026-10-09). Not otherwise verified.,official_university,no,Links only. Confirm against the official athletics site before marking verified.
GNAC_MONTANA_STATE_UNIVERSITY_BILLINGS_WSOC,Montana State University Billings,soccer,women,D2,Montana,https://msubsports.com,https://msubsports.com/sports/womens-soccer,,https://msubsports.com/sports/womens-soccer,Supplied research file (d2-other); links machine-checked to resolve (2026-10-09). Not otherwise verified.,official_university,no,Links only. Confirm against the official athletics site before marking verified.
GNAC_NORTHWEST_NAZARENE_UNIVERSITY_WSOC,Northwest Nazarene University,soccer,women,D2,Idaho,https://nnusports.com,https://nnusports.com/sports/womens-soccer,,https://nnusports.com/sports/womens-soccer,Supplied research file (d2-other); links machine-checked to resolve (2026-10-09). Not otherwise verified.,official_university,no,Links only. Confirm against the official athletics site before marking verified.
GNAC_SAINT_MARTIN_S_UNIVERSITY_WSOC,Saint Martin's University,soccer,women,D2,Washington,https://smusaints.com,https://smusaints.com/sports/womens-soccer,,https://smusaints.com/sports/womens-soccer,Supplied research file (d2-other); links machine-checked to resolve (2026-10-09). Not otherwise verified.,official_university,no,Links only. Confirm against the official athletics site before marking verified.
GNAC_SEATTLE_PACIFIC_UNIVERSITY_WSOC,Seattle Pacific University,soccer,women,D2,Washington,https://spufalcons.com,https://spufalcons.com/sports/womens-soccer,,https://spufalcons.com/sports/womens-soccer,Supplied research file (d2-other); links machine-checked to resolve (2026-10-09). Not otherwise verified.,official_university,no,Links only. Confirm against the official athletics site before marking verified.
GNAC_SIMON_FRASER_UNIVERSITY_WSOC,Simon Fraser University,soccer,women,D2,British Columbia,https://athletics.sfu.ca,https://athletics.sfu.ca/sports/womens-soccer,,https://athletics.sfu.ca/sports/womens-soccer,Supplied research file (d2-other); links machine-checked to resolve (2026-10-09). Not otherwise verified.,official_university,no,Links only. Confirm against the official athletics site before marking verified.
GNAC_WESTERN_OREGON_UNIVERSITY_WSOC,Western Oregon University,soccer,women,D2,Oregon,,,,,Supplied research file (d2-other); links machine-checked to resolve (2026-10-09). Not otherwise verified.,,no,Links only. Confirm against the official athletics site before marking verified.
GNAC_WESTERN_WASHINGTON_UNIVERSITY_WSOC,Western Washington University,soccer,women,D2,Washington,https://wwuvikings.com,,,,Supplied research file (d2-other); links machine-checked to resolve (2026-10-09). Not otherwise verified.,,no,Links only. Confirm against the official athletics site before marking verified.
MEC_SHAWNEE_STATE_UNIVERSITY_WSOC,Shawnee State University,soccer,women,D2,Ohio,https://ssubears.com,https://ssubears.com/sports/womens-soccer,,https://ssubears.com/sports/womens-soccer,Supplied research file (d2-other); links machine-checked to resolve (2026-10-09). Not otherwise verified.,official_university,no,Links only. Confirm against the official athletics site before marking verified.
