school_name,sport,gender,season,ranking_organization,ranking_type,ranking,ranking_date,source_url,source_name,source_type,verified,notes
Florida State,soccer,women,2023,United Soccer Coaches,Final,1,,https://en.wikipedia.org/wiki/2023_NCAA_Division_I_women's_soccer_season,Wikipedia: 2023 NCAA Division I women's soccer season (United Soccer Coaches final poll),united_soccer_coaches,no,
Stanford,soccer,women,2023,United Soccer Coaches,Final,2,,https://en.wikipedia.org/wiki/2023_NCAA_Division_I_women's_soccer_season,Wikipedia: 2023 NCAA Division I women's soccer season (United Soccer Coaches final poll),united_soccer_coaches,no,
Clemson,soccer,women,2023,United Soccer Coaches,Final,3,,https://en.wikipedia.org/wiki/2023_NCAA_Division_I_women's_soccer_season,Wikipedia: 2023 NCAA Division I women's soccer season (United Soccer Coaches final poll),united_soccer_coaches,no,
BYU,soccer,women,2023,United Soccer Coaches,Final,4,,https://en.wikipedia.org/wiki/2023_NCAA_Division_I_women's_soccer_season,Wikipedia: 2023 NCAA Division I women's soccer season (United Soccer Coaches final poll),united_soccer_coaches,no,
Penn State,soccer,women,2023,United Soccer Coaches,Final,5,,https://en.wikipedia.org/wiki/2023_NCAA_Division_I_women's_soccer_season,Wikipedia: 2023 NCAA Division I women's soccer season (United Soccer Coaches final poll),united_soccer_coaches,no,
Pittsburgh,soccer,women,2023,United Soccer Coaches,Final,6,,https://en.wikipedia.org/wiki/2023_NCAA_Division_I_women's_soccer_season,Wikipedia: 2023 NCAA Division I women's soccer season (United Soccer Coaches final poll),united_soccer_coaches,no,
Nebraska,soccer,women,2023,United Soccer Coaches,Final,7,,https://en.wikipedia.org/wiki/2023_NCAA_Division_I_women's_soccer_season,Wikipedia: 2023 NCAA Division I women's soccer season (United Soccer Coaches final poll),united_soccer_coaches,no,
North Carolina,soccer,women,2023,United Soccer Coaches,Final,8,,https://en.wikipedia.org/wiki/2023_NCAA_Division_I_women's_soccer_season,Wikipedia: 2023 NCAA Division I women's soccer season (United Soccer Coaches final poll),united_soccer_coaches,no,
Texas Tech,soccer,women,2023,United Soccer Coaches,Final,9,,https://en.wikipedia.org/wiki/2023_NCAA_Division_I_women's_soccer_season,Wikipedia: 2023 NCAA Division I women's soccer season (United Soccer Coaches final poll),united_soccer_coaches,no,
Memphis,soccer,women,2023,United Soccer Coaches,Final,10,,https://en.wikipedia.org/wiki/2023_NCAA_Division_I_women's_soccer_season,Wikipedia: 2023 NCAA Division I women's soccer season (United Soccer Coaches final poll),united_soccer_coaches,no,
Saint Louis,soccer,women,2023,United Soccer Coaches,Final,11,,https://en.wikipedia.org/wiki/2023_NCAA_Division_I_women's_soccer_season,Wikipedia: 2023 NCAA Division I women's soccer season (United Soccer Coaches final poll),united_soccer_coaches,no,
Michigan State,soccer,women,2023,United Soccer Coaches,Final,12,,https://en.wikipedia.org/wiki/2023_NCAA_Division_I_women's_soccer_season,Wikipedia: 2023 NCAA Division I women's soccer season (United Soccer Coaches final poll),united_soccer_coaches,no,
Georgia,soccer,women,2023,United Soccer Coaches,Final,13,,https://en.wikipedia.org/wiki/2023_NCAA_Division_I_women's_soccer_season,Wikipedia: 2023 NCAA Division I women's soccer season (United Soccer Coaches final poll),united_soccer_coaches,no,
Mississippi State,soccer,women,2023,United Soccer Coaches,Final,14,,https://en.wikipedia.org/wiki/2023_NCAA_Division_I_women's_soccer_season,Wikipedia: 2023 NCAA Division I women's soccer season (United Soccer Coaches final poll),united_soccer_coaches,no,
UCLA,soccer,women,2023,United Soccer Coaches,Final,15,,https://en.wikipedia.org/wiki/2023_NCAA_Division_I_women's_soccer_season,Wikipedia: 2023 NCAA Division I women's soccer season (United Soccer Coaches final poll),united_soccer_coaches,no,
Notre Dame,soccer,women,2023,United Soccer Coaches,Final,16,,https://en.wikipedia.org/wiki/2023_NCAA_Division_I_women's_soccer_season,Wikipedia: 2023 NCAA Division I women's soccer season (United Soccer Coaches final poll),united_soccer_coaches,no,
Arkansas,soccer,women,2023,United Soccer Coaches,Final,17,,https://en.wikipedia.org/wiki/2023_NCAA_Division_I_women's_soccer_season,Wikipedia: 2023 NCAA Division I women's soccer season (United Soccer Coaches final poll),united_soccer_coaches,no,
Texas,soccer,women,2023,United Soccer Coaches,Final,18,,https://en.wikipedia.org/wiki/2023_NCAA_Division_I_women's_soccer_season,Wikipedia: 2023 NCAA Division I women's soccer season (United Soccer Coaches final poll),united_soccer_coaches,no,
Wisconsin,soccer,women,2023,United Soccer Coaches,Final,19,,https://en.wikipedia.org/wiki/2023_NCAA_Division_I_women's_soccer_season,Wikipedia: 2023 NCAA Division I women's soccer season (United Soccer Coaches final poll),united_soccer_coaches,no,
UC Irvine,soccer,women,2023,United Soccer Coaches,Final,20,,https://en.wikipedia.org/wiki/2023_NCAA_Division_I_women's_soccer_season,Wikipedia: 2023 NCAA Division I women's soccer season (United Soccer Coaches final poll),united_soccer_coaches,no,
South Carolina,soccer,women,2023,United Soccer Coaches,Final,21,,https://en.wikipedia.org/wiki/2023_NCAA_Division_I_women's_soccer_season,Wikipedia: 2023 NCAA Division I women's soccer season (United Soccer Coaches final poll),united_soccer_coaches,no,
Alabama,soccer,women,2023,United Soccer Coaches,Final,22,,https://en.wikipedia.org/wiki/2023_NCAA_Division_I_women's_soccer_season,Wikipedia: 2023 NCAA Division I women's soccer season (United Soccer Coaches final poll),united_soccer_coaches,no,
Santa Clara,soccer,women,2023,United Soccer Coaches,Final,23,,https://en.wikipedia.org/wiki/2023_NCAA_Division_I_women's_soccer_season,Wikipedia: 2023 NCAA Division I women's soccer season (United Soccer Coaches final poll),united_soccer_coaches,no,
Iowa,soccer,women,2023,United Soccer Coaches,Final,24,,https://en.wikipedia.org/wiki/2023_NCAA_Division_I_women's_soccer_season,Wikipedia: 2023 NCAA Division I women's soccer season (United Soccer Coaches final poll),united_soccer_coaches,no,
USC,soccer,women,2023,United Soccer Coaches,Final,25,,https://en.wikipedia.org/wiki/2023_NCAA_Division_I_women's_soccer_season,Wikipedia: 2023 NCAA Division I women's soccer season (United Soccer Coaches final poll),united_soccer_coaches,no,
North Carolina,soccer,women,2024,United Soccer Coaches,Final,1,,https://en.wikipedia.org/wiki/2024_NCAA_Division_I_women's_soccer_season,Wikipedia: 2024 NCAA Division I women's soccer season (United Soccer Coaches final poll),united_soccer_coaches,no,
Wake Forest,soccer,women,2024,United Soccer Coaches,Final,2,,https://en.wikipedia.org/wiki/2024_NCAA_Division_I_women's_soccer_season,Wikipedia: 2024 NCAA Division I women's soccer season (United Soccer Coaches final poll),united_soccer_coaches,no,
Duke,soccer,women,2024,United Soccer Coaches,Final,3,,https://en.wikipedia.org/wiki/2024_NCAA_Division_I_women's_soccer_season,Wikipedia: 2024 NCAA Division I women's soccer season (United Soccer Coaches final poll),united_soccer_coaches,no,
Stanford,soccer,women,2024,United Soccer Coaches,Final,4,,https://en.wikipedia.org/wiki/2024_NCAA_Division_I_women's_soccer_season,Wikipedia: 2024 NCAA Division I women's soccer season (United Soccer Coaches final poll),united_soccer_coaches,no,
USC,soccer,women,2024,United Soccer Coaches,Final,5,,https://en.wikipedia.org/wiki/2024_NCAA_Division_I_women's_soccer_season,Wikipedia: 2024 NCAA Division I women's soccer season (United Soccer Coaches final poll),united_soccer_coaches,no,
Notre Dame,soccer,women,2024,United Soccer Coaches,Final,6,,https://en.wikipedia.org/wiki/2024_NCAA_Division_I_women's_soccer_season,Wikipedia: 2024 NCAA Division I women's soccer season (United Soccer Coaches final poll),united_soccer_coaches,no,
Virginia Tech,soccer,women,2024,United Soccer Coaches,Final,7,,https://en.wikipedia.org/wiki/2024_NCAA_Division_I_women's_soccer_season,Wikipedia: 2024 NCAA Division I women's soccer season (United Soccer Coaches final poll),united_soccer_coaches,no,
Penn State,soccer,women,2024,United Soccer Coaches,Final,8,,https://en.wikipedia.org/wiki/2024_NCAA_Division_I_women's_soccer_season,Wikipedia: 2024 NCAA Division I women's soccer season (United Soccer Coaches final poll),united_soccer_coaches,no,
Arkansas,soccer,women,2024,United Soccer Coaches,Final,9,,https://en.wikipedia.org/wiki/2024_NCAA_Division_I_women's_soccer_season,Wikipedia: 2024 NCAA Division I women's soccer season (United Soccer Coaches final poll),united_soccer_coaches,no,
Mississippi State,soccer,women,2024,United Soccer Coaches,Final,10,,https://en.wikipedia.org/wiki/2024_NCAA_Division_I_women's_soccer_season,Wikipedia: 2024 NCAA Division I women's soccer season (United Soccer Coaches final poll),united_soccer_coaches,no,
Ohio State,soccer,women,2024,United Soccer Coaches,Final,11,,https://en.wikipedia.org/wiki/2024_NCAA_Division_I_women's_soccer_season,Wikipedia: 2024 NCAA Division I women's soccer season (United Soccer Coaches final poll),united_soccer_coaches,no,
Iowa,soccer,women,2024,United Soccer Coaches,Final,12,,https://en.wikipedia.org/wiki/2024_NCAA_Division_I_women's_soccer_season,Wikipedia: 2024 NCAA Division I women's soccer season (United Soccer Coaches final poll),united_soccer_coaches,no,
Florida State,soccer,women,2024,United Soccer Coaches,Final,13,,https://en.wikipedia.org/wiki/2024_NCAA_Division_I_women's_soccer_season,Wikipedia: 2024 NCAA Division I women's soccer season (United Soccer Coaches final poll),united_soccer_coaches,no,
Michigan State,soccer,women,2024,United Soccer Coaches,Final,14,,https://en.wikipedia.org/wiki/2024_NCAA_Division_I_women's_soccer_season,Wikipedia: 2024 NCAA Division I women's soccer season (United Soccer Coaches final poll),united_soccer_coaches,no,
Vanderbilt,soccer,women,2024,United Soccer Coaches,Final,15,,https://en.wikipedia.org/wiki/2024_NCAA_Division_I_women's_soccer_season,Wikipedia: 2024 NCAA Division I women's soccer season (United Soccer Coaches final poll),united_soccer_coaches,no,
TCU,soccer,women,2024,United Soccer Coaches,Final,16,,https://en.wikipedia.org/wiki/2024_NCAA_Division_I_women's_soccer_season,Wikipedia: 2024 NCAA Division I women's soccer season (United Soccer Coaches final poll),united_soccer_coaches,no,
Minnesota,soccer,women,2024,United Soccer Coaches,Final,17,,https://en.wikipedia.org/wiki/2024_NCAA_Division_I_women's_soccer_season,Wikipedia: 2024 NCAA Division I women's soccer season (United Soccer Coaches final poll),united_soccer_coaches,no,
UCLA,soccer,women,2024,United Soccer Coaches,Final,18,,https://en.wikipedia.org/wiki/2024_NCAA_Division_I_women's_soccer_season,Wikipedia: 2024 NCAA Division I women's soccer season (United Soccer Coaches final poll),united_soccer_coaches,no,
Wisconsin,soccer,women,2024,United Soccer Coaches,Final,19,,https://en.wikipedia.org/wiki/2024_NCAA_Division_I_women's_soccer_season,Wikipedia: 2024 NCAA Division I women's soccer season (United Soccer Coaches final poll),united_soccer_coaches,no,
Santa Clara,soccer,women,2024,United Soccer Coaches,Final,20,,https://en.wikipedia.org/wiki/2024_NCAA_Division_I_women's_soccer_season,Wikipedia: 2024 NCAA Division I women's soccer season (United Soccer Coaches final poll),united_soccer_coaches,no,
Texas,soccer,women,2024,United Soccer Coaches,Final,21,,https://en.wikipedia.org/wiki/2024_NCAA_Division_I_women's_soccer_season,Wikipedia: 2024 NCAA Division I women's soccer season (United Soccer Coaches final poll),united_soccer_coaches,no,
Saint Louis,soccer,women,2024,United Soccer Coaches,Final,22,,https://en.wikipedia.org/wiki/2024_NCAA_Division_I_women's_soccer_season,Wikipedia: 2024 NCAA Division I women's soccer season (United Soccer Coaches final poll),united_soccer_coaches,no,
South Carolina,soccer,women,2024,United Soccer Coaches,Final,23,,https://en.wikipedia.org/wiki/2024_NCAA_Division_I_women's_soccer_season,Wikipedia: 2024 NCAA Division I women's soccer season (United Soccer Coaches final poll),united_soccer_coaches,no,
Texas Tech,soccer,women,2024,United Soccer Coaches,Final,24,,https://en.wikipedia.org/wiki/2024_NCAA_Division_I_women's_soccer_season,Wikipedia: 2024 NCAA Division I women's soccer season (United Soccer Coaches final poll),united_soccer_coaches,no,
Auburn,soccer,women,2024,United Soccer Coaches,Final,25,,https://en.wikipedia.org/wiki/2024_NCAA_Division_I_women's_soccer_season,Wikipedia: 2024 NCAA Division I women's soccer season (United Soccer Coaches final poll),united_soccer_coaches,no,
Florida State,soccer,women,2025,United Soccer Coaches,Final,1,,https://en.wikipedia.org/wiki/2025_NCAA_Division_I_women's_soccer_season,Wikipedia: 2025 NCAA Division I women's soccer season (United Soccer Coaches final poll),united_soccer_coaches,no,
Stanford,soccer,women,2025,United Soccer Coaches,Final,2,,https://en.wikipedia.org/wiki/2025_NCAA_Division_I_women's_soccer_season,Wikipedia: 2025 NCAA Division I women's soccer season (United Soccer Coaches final poll),united_soccer_coaches,no,
Duke,soccer,women,2025,United Soccer Coaches,Final,3,,https://en.wikipedia.org/wiki/2025_NCAA_Division_I_women's_soccer_season,Wikipedia: 2025 NCAA Division I women's soccer season (United Soccer Coaches final poll),united_soccer_coaches,no,
TCU,soccer,women,2025,United Soccer Coaches,Final,4,,https://en.wikipedia.org/wiki/2025_NCAA_Division_I_women's_soccer_season,Wikipedia: 2025 NCAA Division I women's soccer season (United Soccer Coaches final poll),united_soccer_coaches,no,
Vanderbilt,soccer,women,2025,United Soccer Coaches,Final,5,,https://en.wikipedia.org/wiki/2025_NCAA_Division_I_women's_soccer_season,Wikipedia: 2025 NCAA Division I women's soccer season (United Soccer Coaches final poll),united_soccer_coaches,no,
Washington,soccer,women,2025,United Soccer Coaches,Final,6,,https://en.wikipedia.org/wiki/2025_NCAA_Division_I_women's_soccer_season,Wikipedia: 2025 NCAA Division I women's soccer season (United Soccer Coaches final poll),united_soccer_coaches,no,
Michigan State,soccer,women,2025,United Soccer Coaches,Final,7,,https://en.wikipedia.org/wiki/2025_NCAA_Division_I_women's_soccer_season,Wikipedia: 2025 NCAA Division I women's soccer season (United Soccer Coaches final poll),united_soccer_coaches,no,
Virginia,soccer,women,2025,United Soccer Coaches,Final,8,,https://en.wikipedia.org/wiki/2025_NCAA_Division_I_women's_soccer_season,Wikipedia: 2025 NCAA Division I women's soccer season (United Soccer Coaches final poll),united_soccer_coaches,no,
Ohio State,soccer,women,2025,United Soccer Coaches,Final,9,,https://en.wikipedia.org/wiki/2025_NCAA_Division_I_women's_soccer_season,Wikipedia: 2025 NCAA Division I women's soccer season (United Soccer Coaches final poll),united_soccer_coaches,no,
Georgetown,soccer,women,2025,United Soccer Coaches,Final,10,,https://en.wikipedia.org/wiki/2025_NCAA_Division_I_women's_soccer_season,Wikipedia: 2025 NCAA Division I women's soccer season (United Soccer Coaches final poll),united_soccer_coaches,no,
Notre Dame,soccer,women,2025,United Soccer Coaches,Final,11,,https://en.wikipedia.org/wiki/2025_NCAA_Division_I_women's_soccer_season,Wikipedia: 2025 NCAA Division I women's soccer season (United Soccer Coaches final poll),united_soccer_coaches,no,
Colorado,soccer,women,2025,United Soccer Coaches,Final,12,,https://en.wikipedia.org/wiki/2025_NCAA_Division_I_women's_soccer_season,Wikipedia: 2025 NCAA Division I women's soccer season (United Soccer Coaches final poll),united_soccer_coaches,no,
North Carolina,soccer,women,2025,United Soccer Coaches,Final,13,,https://en.wikipedia.org/wiki/2025_NCAA_Division_I_women's_soccer_season,Wikipedia: 2025 NCAA Division I women's soccer season (United Soccer Coaches final poll),united_soccer_coaches,no,
Kansas,soccer,women,2025,United Soccer Coaches,Final,14,,https://en.wikipedia.org/wiki/2025_NCAA_Division_I_women's_soccer_season,Wikipedia: 2025 NCAA Division I women's soccer season (United Soccer Coaches final poll),united_soccer_coaches,no,
Baylor,soccer,women,2025,United Soccer Coaches,Final,15,,https://en.wikipedia.org/wiki/2025_NCAA_Division_I_women's_soccer_season,Wikipedia: 2025 NCAA Division I women's soccer season (United Soccer Coaches final poll),united_soccer_coaches,no,
LSU,soccer,women,2025,United Soccer Coaches,Final,16,,https://en.wikipedia.org/wiki/2025_NCAA_Division_I_women's_soccer_season,Wikipedia: 2025 NCAA Division I women's soccer season (United Soccer Coaches final poll),united_soccer_coaches,no,
Arkansas,soccer,women,2025,United Soccer Coaches,Final,17,,https://en.wikipedia.org/wiki/2025_NCAA_Division_I_women's_soccer_season,Wikipedia: 2025 NCAA Division I women's soccer season (United Soccer Coaches final poll),united_soccer_coaches,no,
Memphis,soccer,women,2025,United Soccer Coaches,Final,18,,https://en.wikipedia.org/wiki/2025_NCAA_Division_I_women's_soccer_season,Wikipedia: 2025 NCAA Division I women's soccer season (United Soccer Coaches final poll),united_soccer_coaches,no,
West Virginia,soccer,women,2025,United Soccer Coaches,Final,19,,https://en.wikipedia.org/wiki/2025_NCAA_Division_I_women's_soccer_season,Wikipedia: 2025 NCAA Division I women's soccer season (United Soccer Coaches final poll),united_soccer_coaches,no,
BYU,soccer,women,2025,United Soccer Coaches,Final,20,,https://en.wikipedia.org/wiki/2025_NCAA_Division_I_women's_soccer_season,Wikipedia: 2025 NCAA Division I women's soccer season (United Soccer Coaches final poll),united_soccer_coaches,no,
Iowa,soccer,women,2025,United Soccer Coaches,Final,21,,https://en.wikipedia.org/wiki/2025_NCAA_Division_I_women's_soccer_season,Wikipedia: 2025 NCAA Division I women's soccer season (United Soccer Coaches final poll),united_soccer_coaches,no,
UCLA,soccer,women,2025,United Soccer Coaches,Final,22,,https://en.wikipedia.org/wiki/2025_NCAA_Division_I_women's_soccer_season,Wikipedia: 2025 NCAA Division I women's soccer season (United Soccer Coaches final poll),united_soccer_coaches,no,
Wisconsin,soccer,women,2025,United Soccer Coaches,Final,23,,https://en.wikipedia.org/wiki/2025_NCAA_Division_I_women's_soccer_season,Wikipedia: 2025 NCAA Division I women's soccer season (United Soccer Coaches final poll),united_soccer_coaches,no,
Louisville,soccer,women,2025,United Soccer Coaches,Final,24,,https://en.wikipedia.org/wiki/2025_NCAA_Division_I_women's_soccer_season,Wikipedia: 2025 NCAA Division I women's soccer season (United Soccer Coaches final poll),united_soccer_coaches,no,
Xavier,soccer,women,2025,United Soccer Coaches,Final,25,,https://en.wikipedia.org/wiki/2025_NCAA_Division_I_women's_soccer_season,Wikipedia: 2025 NCAA Division I women's soccer season (United Soccer Coaches final poll),united_soccer_coaches,no,
