program_id,school_name,season,wins,losses,ties,conference_wins,conference_losses,conference_ties,conference,source_url,source_name,source_type,verified,notes
ACC_BC_WSOC,Boston College,2023,3,9,6,0,6,4,Atlantic Coast Conference,https://en.wikipedia.org/wiki/2023_Boston_College_Eagles_women's_soccer_team,Wikipedia: 2023 Boston College Eagles women's soccer team,other,no,
ACC_BC_WSOC,Boston College,2024,12,5,2,4,4,2,Atlantic Coast Conference,https://en.wikipedia.org/wiki/2024_Boston_College_Eagles_women's_soccer_team,Wikipedia: 2024 Boston College Eagles women's soccer team,other,no,
ACC_BC_WSOC,Boston College,2025,5,8,5,1,7,2,Atlantic Coast Conference,https://en.wikipedia.org/wiki/2025_Boston_College_Eagles_women's_soccer_team,Wikipedia: 2025 Boston College Eagles women's soccer team,other,no,
ACC_CAL_WSOC,California,2024,13,6,2,5,4,1,Atlantic Coast Conference,https://en.wikipedia.org/wiki/2024_California_Golden_Bears_women's_soccer_team,Wikipedia: 2024 California Golden Bears women's soccer team,other,no,
ACC_CAL_WSOC,California,2025,8,3,8,4,2,4,Atlantic Coast Conference,https://en.wikipedia.org/wiki/2025_California_Golden_Bears_women's_soccer_team,Wikipedia: 2025 California Golden Bears women's soccer team,other,no,
ACC_CLEM_WSOC,Clemson,2023,18,4,4,7,2,1,Atlantic Coast Conference,https://en.wikipedia.org/wiki/2023_Clemson_Tigers_women's_soccer_team,Wikipedia: 2023 Clemson Tigers women's soccer team,other,no,
ACC_CLEM_WSOC,Clemson,2024,6,8,3,2,7,1,Atlantic Coast Conference,https://en.wikipedia.org/wiki/2024_Clemson_Tigers_women's_soccer_team,Wikipedia: 2024 Clemson Tigers women's soccer team,other,no,
ACC_CLEM_WSOC,Clemson,2025,8,6,5,4,4,2,Atlantic Coast Conference,https://en.wikipedia.org/wiki/2025_Clemson_Tigers_women's_soccer_team,Wikipedia: 2025 Clemson Tigers women's soccer team,other,no,
ACC_DUKE_WSOC,Duke,2023,6,7,3,2,5,3,Atlantic Coast Conference,https://en.wikipedia.org/wiki/2023_Duke_Blue_Devils_women's_soccer_team,Wikipedia: 2023 Duke Blue Devils women's soccer team,other,no,
ACC_DUKE_WSOC,Duke,2024,18,3,1,9,0,1,Atlantic Coast Conference,https://en.wikipedia.org/wiki/2024_Duke_Blue_Devils_women's_soccer_team,Wikipedia: 2024 Duke Blue Devils women's soccer team,other,no,
ACC_DUKE_WSOC,Duke,2025,17,5,1,7,3,0,Atlantic Coast Conference,https://en.wikipedia.org/wiki/2025_Duke_Blue_Devils_women's_soccer_team,Wikipedia: 2025 Duke Blue Devils women's soccer team,other,no,
ACC_FSU_WSOC,Florida State,2023,22,0,1,9,0,1,Atlantic Coast Conference,https://en.wikipedia.org/wiki/2023_Florida_State_Seminoles_women's_soccer_team,Wikipedia: 2023 Florida State Seminoles women's soccer team,other,no,
ACC_FSU_WSOC,Florida State,2024,15,2,4,7,2,1,Atlantic Coast Conference,https://en.wikipedia.org/wiki/2024_Florida_State_Seminoles_women's_soccer_team,Wikipedia: 2024 Florida State Seminoles women's soccer team,other,no,
ACC_FSU_WSOC,Florida State,2025,16,2,4,6,2,2,Atlantic Coast Conference,https://en.wikipedia.org/wiki/2025_Florida_State_Seminoles_women's_soccer_team,Wikipedia: 2025 Florida State Seminoles women's soccer team,other,no,
ACC_LOU_WSOC,Louisville,2023,4,9,5,3,5,2,Atlantic Coast Conference,https://en.wikipedia.org/wiki/2023_Louisville_Cardinals_women's_soccer_team,Wikipedia: 2023 Louisville Cardinals women's soccer team,other,no,
ACC_LOU_WSOC,Louisville,2024,7,6,5,2,5,3,Atlantic Coast Conference,https://en.wikipedia.org/wiki/2024_Louisville_Cardinals_women's_soccer_team,Wikipedia: 2024 Louisville Cardinals women's soccer team,other,no,
ACC_LOU_WSOC,Louisville,2025,13,5,3,6,2,2,Atlantic Coast Conference,https://en.wikipedia.org/wiki/2025_Louisville_Cardinals_women's_soccer_team,Wikipedia: 2025 Louisville Cardinals women's soccer team,other,no,
ACC_MIA_WSOC,Miami (FL),2023,3,10,4,2,7,1,Atlantic Coast Conference,https://en.wikipedia.org/wiki/2023_Miami_Hurricanes_women's_soccer_team,Wikipedia: 2023 Miami Hurricanes women's soccer team,other,no,
ACC_MIA_WSOC,Miami (FL),2024,5,8,4,1,6,3,Atlantic Coast Conference,https://en.wikipedia.org/wiki/2024_Miami_Hurricanes_women's_soccer_team,Wikipedia: 2024 Miami Hurricanes women's soccer team,other,no,
ACC_MIA_WSOC,Miami (FL),2025,9,8,3,1,7,2,Atlantic Coast Conference,https://en.wikipedia.org/wiki/2025_Miami_Hurricanes_women's_soccer_team,Wikipedia: 2025 Miami Hurricanes women's soccer team,other,no,
ACC_NCSU_WSOC,NC State,2023,3,9,6,2,5,3,Atlantic Coast Conference,https://en.wikipedia.org/wiki/2023_NC_State_Wolfpack_women's_soccer_team,Wikipedia: 2023 NC State Wolfpack women's soccer team,other,no,
ACC_NCSU_WSOC,NC State,2024,4,10,4,1,6,3,Atlantic Coast Conference,https://en.wikipedia.org/wiki/2024_NC_State_Wolfpack_women's_soccer_team,Wikipedia: 2024 NC State Wolfpack women's soccer team,other,no,
ACC_NCSU_WSOC,NC State,2025,5,9,4,4,4,2,Atlantic Coast Conference,https://en.wikipedia.org/wiki/2025_NC_State_Wolfpack_women's_soccer_team,Wikipedia: 2025 NC State Wolfpack women's soccer team,other,no,
ACC_UNC_WSOC,North Carolina,2023,13,2,8,5,0,5,Atlantic Coast Conference,https://en.wikipedia.org/wiki/2023_North_Carolina_Tar_Heels_women's_soccer_team,Wikipedia: 2023 North Carolina Tar Heels women's soccer team,other,no,
ACC_UNC_WSOC,North Carolina,2024,22,5,0,7,3,0,Atlantic Coast Conference,https://en.wikipedia.org/wiki/2024_North_Carolina_Tar_Heels_women's_soccer_team,Wikipedia: 2024 North Carolina Tar Heels women's soccer team,other,no,
ACC_UNC_WSOC,North Carolina,2025,13,6,2,6,4,0,Atlantic Coast Conference,https://en.wikipedia.org/wiki/2025_North_Carolina_Tar_Heels_women's_soccer_team,Wikipedia: 2025 North Carolina Tar Heels women's soccer team,other,no,
ACC_ND_WSOC,Notre Dame,2023,12,4,4,7,1,2,Atlantic Coast Conference,https://en.wikipedia.org/wiki/2023_Notre_Dame_Fighting_Irish_women's_soccer_team,Wikipedia: 2023 Notre Dame Fighting Irish women's soccer team,other,no,
ACC_ND_WSOC,Notre Dame,2024,14,4,4,5,1,4,Atlantic Coast Conference,https://en.wikipedia.org/wiki/2024_Notre_Dame_Fighting_Irish_women's_soccer_team,Wikipedia: 2024 Notre Dame Fighting Irish women's soccer team,other,no,
ACC_ND_WSOC,Notre Dame,2025,15,2,3,8,1,1,Atlantic Coast Conference,https://en.wikipedia.org/wiki/2025_Notre_Dame_Fighting_Irish_women's_soccer_team,Wikipedia: 2025 Notre Dame Fighting Irish women's soccer team,other,no,
ACC_PITT_WSOC,Pittsburgh,2023,17,6,1,6,3,1,Atlantic Coast Conference,https://en.wikipedia.org/wiki/2023_Pittsburgh_Panthers_women's_soccer_team,Wikipedia: 2023 Pittsburgh Panthers women's soccer team,other,no,
ACC_PITT_WSOC,Pittsburgh,2024,9,6,3,3,5,2,Atlantic Coast Conference,https://en.wikipedia.org/wiki/2024_Pittsburgh_Panthers_women's_soccer_team,Wikipedia: 2024 Pittsburgh Panthers women's soccer team,other,no,
ACC_PITT_WSOC,Pittsburgh,2025,6,10,2,2,8,0,Atlantic Coast Conference,https://en.wikipedia.org/wiki/2025_Pittsburgh_Panthers_women's_soccer_team,Wikipedia: 2025 Pittsburgh Panthers women's soccer team,other,no,
ACC_SMU_WSOC,SMU,2024,6,9,2,2,6,2,Atlantic Coast Conference,https://en.wikipedia.org/wiki/2024_SMU_Mustangs_women's_soccer_team,Wikipedia: 2024 SMU Mustangs women's soccer team,other,no,
ACC_SMU_WSOC,SMU,2025,8,8,2,2,6,2,Atlantic Coast Conference,https://en.wikipedia.org/wiki/2025_SMU_Mustangs_women's_soccer_team,Wikipedia: 2025 SMU Mustangs women's soccer team,other,no,
ACC_STAN_WSOC,Stanford,2024,16,5,2,5,4,1,Atlantic Coast Conference,https://en.wikipedia.org/wiki/2024_Stanford_Cardinal_women's_soccer_team,Wikipedia: 2024 Stanford Cardinal women's soccer team,other,no,
ACC_STAN_WSOC,Stanford,2025,21,2,2,9,0,1,Atlantic Coast Conference,https://en.wikipedia.org/wiki/2025_Stanford_Cardinal_women's_soccer_team,Wikipedia: 2025 Stanford Cardinal women's soccer team,other,no,
ACC_SYR_WSOC,Syracuse,2023,2,14,2,0,9,1,Atlantic Coast Conference,https://en.wikipedia.org/wiki/2023_Syracuse_Orange_women's_soccer_team,Wikipedia: 2023 Syracuse Orange women's soccer team,other,no,
ACC_SYR_WSOC,Syracuse,2024,6,10,2,0,9,1,Atlantic Coast Conference,https://en.wikipedia.org/wiki/2024_Syracuse_Orange_women's_soccer_team,Wikipedia: 2024 Syracuse Orange women's soccer team,other,no,
ACC_SYR_WSOC,Syracuse,2025,5,9,4,1,8,1,Atlantic Coast Conference,https://en.wikipedia.org/wiki/2025_Syracuse_Orange_women's_soccer_team,Wikipedia: 2025 Syracuse Orange women's soccer team,other,no,
ACC_UVA_WSOC,Virginia,2023,8,3,6,3,3,4,Atlantic Coast Conference,https://en.wikipedia.org/wiki/2023_Virginia_Cavaliers_women's_soccer_team,Wikipedia: 2023 Virginia Cavaliers women's soccer team,other,no,
ACC_UVA_WSOC,Virginia,2024,13,5,1,5,5,0,Atlantic Coast Conference,https://en.wikipedia.org/wiki/2024_Virginia_Cavaliers_women's_soccer_team,Wikipedia: 2024 Virginia Cavaliers women's soccer team,other,no,
ACC_UVA_WSOC,Virginia,2025,14,3,5,6,2,2,Atlantic Coast Conference,https://en.wikipedia.org/wiki/2025_Virginia_Cavaliers_women's_soccer_team,Wikipedia: 2025 Virginia Cavaliers women's soccer team,other,no,
ACC_VT_WSOC,Virginia Tech,2023,7,8,3,4,6,0,Atlantic Coast Conference,https://en.wikipedia.org/wiki/2023_Virginia_Tech_Hokies_women's_soccer_team,Wikipedia: 2023 Virginia Tech Hokies women's soccer team,other,no,
ACC_VT_WSOC,Virginia Tech,2024,14,6,3,6,2,2,Atlantic Coast Conference,https://en.wikipedia.org/wiki/2024_Virginia_Tech_Hokies_women's_soccer_team,Wikipedia: 2024 Virginia Tech Hokies women's soccer team,other,no,
ACC_VT_WSOC,Virginia Tech,2025,4,10,4,0,8,2,Atlantic Coast Conference,https://en.wikipedia.org/wiki/2025_Virginia_Tech_Hokies_women's_soccer_team,Wikipedia: 2025 Virginia Tech Hokies women's soccer team,other,no,
ACC_WAKE_WSOC,Wake Forest,2023,10,3,5,4,2,4,Atlantic Coast Conference,https://en.wikipedia.org/wiki/2023_Wake_Forest_Demon_Deacons_women's_soccer_team,Wikipedia: 2023 Wake Forest Demon Deacons women's soccer team,other,no,
ACC_WAKE_WSOC,Wake Forest,2024,16,4,4,7,2,1,Atlantic Coast Conference,https://en.wikipedia.org/wiki/2024_Wake_Forest_Demon_Deacons_women's_soccer_team,Wikipedia: 2024 Wake Forest Demon Deacons women's soccer team,other,no,
ACC_WAKE_WSOC,Wake Forest,2025,11,5,4,4,3,3,Atlantic Coast Conference,https://en.wikipedia.org/wiki/2025_Wake_Forest_Demon_Deacons_women's_soccer_team,Wikipedia: 2025 Wake Forest Demon Deacons women's soccer team,other,no,
