school_name,sport,division,season,ncaa_tournament_appearance,ncaa_tournament_round,source_url,source_name
Florida State,womens-soccer,D1,2023,yes,Champion,https://en.wikipedia.org/wiki/2023_NCAA_Division_I_women's_soccer_tournament,Wikipedia: 2023 NCAA Division I women's soccer tournament (compiles NCAA brackets)
Morehead State,womens-soccer,D1,2023,yes,First Round,https://en.wikipedia.org/wiki/2023_NCAA_Division_I_women's_soccer_tournament,Wikipedia: 2023 NCAA Division I women's soccer tournament (compiles NCAA brackets)
Texas,womens-soccer,D1,2023,yes,Round of 16,https://en.wikipedia.org/wiki/2023_NCAA_Division_I_women's_soccer_tournament,Wikipedia: 2023 NCAA Division I women's soccer tournament (compiles NCAA brackets)
Lamar,womens-soccer,D1,2023,yes,First Round,https://en.wikipedia.org/wiki/2023_NCAA_Division_I_women's_soccer_tournament,Wikipedia: 2023 NCAA Division I women's soccer tournament (compiles NCAA brackets)
Arkansas,womens-soccer,D1,2023,yes,Second Round,https://en.wikipedia.org/wiki/2023_NCAA_Division_I_women's_soccer_tournament,Wikipedia: 2023 NCAA Division I women's soccer tournament (compiles NCAA brackets)
Grambling State,womens-soccer,D1,2023,yes,First Round,https://en.wikipedia.org/wiki/2023_NCAA_Division_I_women's_soccer_tournament,Wikipedia: 2023 NCAA Division I women's soccer tournament (compiles NCAA brackets)
Texas A&M,womens-soccer,D1,2023,yes,Second Round,https://en.wikipedia.org/wiki/2023_NCAA_Division_I_women's_soccer_tournament,Wikipedia: 2023 NCAA Division I women's soccer tournament (compiles NCAA brackets)
Colorado,womens-soccer,D1,2023,yes,First Round,https://en.wikipedia.org/wiki/2023_NCAA_Division_I_women's_soccer_tournament,Wikipedia: 2023 NCAA Division I women's soccer tournament (compiles NCAA brackets)
Wisconsin,womens-soccer,D1,2023,yes,Second Round,https://en.wikipedia.org/wiki/2023_NCAA_Division_I_women's_soccer_tournament,Wikipedia: 2023 NCAA Division I women's soccer tournament (compiles NCAA brackets)
Milwaukee,womens-soccer,D1,2023,yes,First Round,https://en.wikipedia.org/wiki/2023_NCAA_Division_I_women's_soccer_tournament,Wikipedia: 2023 NCAA Division I women's soccer tournament (compiles NCAA brackets)
Notre Dame,womens-soccer,D1,2023,yes,Second Round,https://en.wikipedia.org/wiki/2023_NCAA_Division_I_women's_soccer_tournament,Wikipedia: 2023 NCAA Division I women's soccer tournament (compiles NCAA brackets)
Valparaiso,womens-soccer,D1,2023,yes,First Round,https://en.wikipedia.org/wiki/2023_NCAA_Division_I_women's_soccer_tournament,Wikipedia: 2023 NCAA Division I women's soccer tournament (compiles NCAA brackets)
Pittsburgh,womens-soccer,D1,2023,yes,Quarterfinal,https://en.wikipedia.org/wiki/2023_NCAA_Division_I_women's_soccer_tournament,Wikipedia: 2023 NCAA Division I women's soccer tournament (compiles NCAA brackets)
Ohio State,womens-soccer,D1,2023,yes,First Round,https://en.wikipedia.org/wiki/2023_NCAA_Division_I_women's_soccer_tournament,Wikipedia: 2023 NCAA Division I women's soccer tournament (compiles NCAA brackets)
Memphis,womens-soccer,D1,2023,yes,Round of 16,https://en.wikipedia.org/wiki/2023_NCAA_Division_I_women's_soccer_tournament,Wikipedia: 2023 NCAA Division I women's soccer tournament (compiles NCAA brackets)
LSU,womens-soccer,D1,2023,yes,First Round,https://en.wikipedia.org/wiki/2023_NCAA_Division_I_women's_soccer_tournament,Wikipedia: 2023 NCAA Division I women's soccer tournament (compiles NCAA brackets)
Georgia,womens-soccer,D1,2023,yes,Round of 16,https://en.wikipedia.org/wiki/2023_NCAA_Division_I_women's_soccer_tournament,Wikipedia: 2023 NCAA Division I women's soccer tournament (compiles NCAA brackets)
Liberty,womens-soccer,D1,2023,yes,First Round,https://en.wikipedia.org/wiki/2023_NCAA_Division_I_women's_soccer_tournament,Wikipedia: 2023 NCAA Division I women's soccer tournament (compiles NCAA brackets)
Penn State,womens-soccer,D1,2023,yes,Quarterfinal,https://en.wikipedia.org/wiki/2023_NCAA_Division_I_women's_soccer_tournament,Wikipedia: 2023 NCAA Division I women's soccer tournament (compiles NCAA brackets)
Central Connecticut,womens-soccer,D1,2023,yes,First Round,https://en.wikipedia.org/wiki/2023_NCAA_Division_I_women's_soccer_tournament,Wikipedia: 2023 NCAA Division I women's soccer tournament (compiles NCAA brackets)
Clemson,womens-soccer,D1,2023,yes,Semifinal,https://en.wikipedia.org/wiki/2023_NCAA_Division_I_women's_soccer_tournament,Wikipedia: 2023 NCAA Division I women's soccer tournament (compiles NCAA brackets)
Radford,womens-soccer,D1,2023,yes,First Round,https://en.wikipedia.org/wiki/2023_NCAA_Division_I_women's_soccer_tournament,Wikipedia: 2023 NCAA Division I women's soccer tournament (compiles NCAA brackets)
Iowa,womens-soccer,D1,2023,yes,Second Round,https://en.wikipedia.org/wiki/2023_NCAA_Division_I_women's_soccer_tournament,Wikipedia: 2023 NCAA Division I women's soccer tournament (compiles NCAA brackets)
Bucknell,womens-soccer,D1,2023,yes,First Round,https://en.wikipedia.org/wiki/2023_NCAA_Division_I_women's_soccer_tournament,Wikipedia: 2023 NCAA Division I women's soccer tournament (compiles NCAA brackets)
Saint Louis,womens-soccer,D1,2023,yes,Round of 16,https://en.wikipedia.org/wiki/2023_NCAA_Division_I_women's_soccer_tournament,Wikipedia: 2023 NCAA Division I women's soccer tournament (compiles NCAA brackets)
Indiana,womens-soccer,D1,2023,yes,First Round,https://en.wikipedia.org/wiki/2023_NCAA_Division_I_women's_soccer_tournament,Wikipedia: 2023 NCAA Division I women's soccer tournament (compiles NCAA brackets)
Georgetown,womens-soccer,D1,2023,yes,Second Round,https://en.wikipedia.org/wiki/2023_NCAA_Division_I_women's_soccer_tournament,Wikipedia: 2023 NCAA Division I women's soccer tournament (compiles NCAA brackets)
Old Dominion,womens-soccer,D1,2023,yes,First Round,https://en.wikipedia.org/wiki/2023_NCAA_Division_I_women's_soccer_tournament,Wikipedia: 2023 NCAA Division I women's soccer tournament (compiles NCAA brackets)
Santa Clara,womens-soccer,D1,2023,yes,Second Round,https://en.wikipedia.org/wiki/2023_NCAA_Division_I_women's_soccer_tournament,Wikipedia: 2023 NCAA Division I women's soccer tournament (compiles NCAA brackets)
Arizona State,womens-soccer,D1,2023,yes,First Round,https://en.wikipedia.org/wiki/2023_NCAA_Division_I_women's_soccer_tournament,Wikipedia: 2023 NCAA Division I women's soccer tournament (compiles NCAA brackets)
Columbia,womens-soccer,D1,2023,yes,Second Round,https://en.wikipedia.org/wiki/2023_NCAA_Division_I_women's_soccer_tournament,Wikipedia: 2023 NCAA Division I women's soccer tournament (compiles NCAA brackets)
Rutgers,womens-soccer,D1,2023,yes,First Round,https://en.wikipedia.org/wiki/2023_NCAA_Division_I_women's_soccer_tournament,Wikipedia: 2023 NCAA Division I women's soccer tournament (compiles NCAA brackets)
USC,womens-soccer,D1,2023,yes,Second Round,https://en.wikipedia.org/wiki/2023_NCAA_Division_I_women's_soccer_tournament,Wikipedia: 2023 NCAA Division I women's soccer tournament (compiles NCAA brackets)
Grand Canyon,womens-soccer,D1,2023,yes,First Round,https://en.wikipedia.org/wiki/2023_NCAA_Division_I_women's_soccer_tournament,Wikipedia: 2023 NCAA Division I women's soccer tournament (compiles NCAA brackets)
Alabama,womens-soccer,D1,2023,yes,Second Round,https://en.wikipedia.org/wiki/2023_NCAA_Division_I_women's_soccer_tournament,Wikipedia: 2023 NCAA Division I women's soccer tournament (compiles NCAA brackets)
Western Carolina,womens-soccer,D1,2023,yes,First Round,https://en.wikipedia.org/wiki/2023_NCAA_Division_I_women's_soccer_tournament,Wikipedia: 2023 NCAA Division I women's soccer tournament (compiles NCAA brackets)
Michigan State,womens-soccer,D1,2023,yes,Round of 16,https://en.wikipedia.org/wiki/2023_NCAA_Division_I_women's_soccer_tournament,Wikipedia: 2023 NCAA Division I women's soccer tournament (compiles NCAA brackets)
Ohio,womens-soccer,D1,2023,yes,First Round,https://en.wikipedia.org/wiki/2023_NCAA_Division_I_women's_soccer_tournament,Wikipedia: 2023 NCAA Division I women's soccer tournament (compiles NCAA brackets)
North Carolina,womens-soccer,D1,2023,yes,Quarterfinal,https://en.wikipedia.org/wiki/2023_NCAA_Division_I_women's_soccer_tournament,Wikipedia: 2023 NCAA Division I women's soccer tournament (compiles NCAA brackets)
Towson,womens-soccer,D1,2023,yes,First Round,https://en.wikipedia.org/wiki/2023_NCAA_Division_I_women's_soccer_tournament,Wikipedia: 2023 NCAA Division I women's soccer tournament (compiles NCAA brackets)
Princeton,womens-soccer,D1,2023,yes,Second Round,https://en.wikipedia.org/wiki/2023_NCAA_Division_I_women's_soccer_tournament,Wikipedia: 2023 NCAA Division I women's soccer tournament (compiles NCAA brackets)
Michigan,womens-soccer,D1,2023,yes,First Round,https://en.wikipedia.org/wiki/2023_NCAA_Division_I_women's_soccer_tournament,Wikipedia: 2023 NCAA Division I women's soccer tournament (compiles NCAA brackets)
Texas Tech,womens-soccer,D1,2023,yes,Round of 16,https://en.wikipedia.org/wiki/2023_NCAA_Division_I_women's_soccer_tournament,Wikipedia: 2023 NCAA Division I women's soccer tournament (compiles NCAA brackets)
Florida Gulf Coast,womens-soccer,D1,2023,yes,First Round,https://en.wikipedia.org/wiki/2023_NCAA_Division_I_women's_soccer_tournament,Wikipedia: 2023 NCAA Division I women's soccer tournament (compiles NCAA brackets)
BYU,womens-soccer,D1,2023,yes,Semifinal,https://en.wikipedia.org/wiki/2023_NCAA_Division_I_women's_soccer_tournament,Wikipedia: 2023 NCAA Division I women's soccer tournament (compiles NCAA brackets)
Utah State,womens-soccer,D1,2023,yes,First Round,https://en.wikipedia.org/wiki/2023_NCAA_Division_I_women's_soccer_tournament,Wikipedia: 2023 NCAA Division I women's soccer tournament (compiles NCAA brackets)
Harvard,womens-soccer,D1,2023,yes,Second Round,https://en.wikipedia.org/wiki/2023_NCAA_Division_I_women's_soccer_tournament,Wikipedia: 2023 NCAA Division I women's soccer tournament (compiles NCAA brackets)
Maine,womens-soccer,D1,2023,yes,First Round,https://en.wikipedia.org/wiki/2023_NCAA_Division_I_women's_soccer_tournament,Wikipedia: 2023 NCAA Division I women's soccer tournament (compiles NCAA brackets)
South Carolina,womens-soccer,D1,2023,yes,Second Round,https://en.wikipedia.org/wiki/2023_NCAA_Division_I_women's_soccer_tournament,Wikipedia: 2023 NCAA Division I women's soccer tournament (compiles NCAA brackets)
James Madison,womens-soccer,D1,2023,yes,First Round,https://en.wikipedia.org/wiki/2023_NCAA_Division_I_women's_soccer_tournament,Wikipedia: 2023 NCAA Division I women's soccer tournament (compiles NCAA brackets)
Nebraska,womens-soccer,D1,2023,yes,Quarterfinal,https://en.wikipedia.org/wiki/2023_NCAA_Division_I_women's_soccer_tournament,Wikipedia: 2023 NCAA Division I women's soccer tournament (compiles NCAA brackets)
South Dakota State,womens-soccer,D1,2023,yes,First Round,https://en.wikipedia.org/wiki/2023_NCAA_Division_I_women's_soccer_tournament,Wikipedia: 2023 NCAA Division I women's soccer tournament (compiles NCAA brackets)
Stanford,womens-soccer,D1,2023,yes,Runner-up,https://en.wikipedia.org/wiki/2023_NCAA_Division_I_women's_soccer_tournament,Wikipedia: 2023 NCAA Division I women's soccer tournament (compiles NCAA brackets)
Pepperdine,womens-soccer,D1,2023,yes,First Round,https://en.wikipedia.org/wiki/2023_NCAA_Division_I_women's_soccer_tournament,Wikipedia: 2023 NCAA Division I women's soccer tournament (compiles NCAA brackets)
UCLA,womens-soccer,D1,2023,yes,First Round,https://en.wikipedia.org/wiki/2023_NCAA_Division_I_women's_soccer_tournament,Wikipedia: 2023 NCAA Division I women's soccer tournament (compiles NCAA brackets)
UC Irvine,womens-soccer,D1,2023,yes,Round of 16,https://en.wikipedia.org/wiki/2023_NCAA_Division_I_women's_soccer_tournament,Wikipedia: 2023 NCAA Division I women's soccer tournament (compiles NCAA brackets)
Mississippi State,womens-soccer,D1,2023,yes,Round of 16,https://en.wikipedia.org/wiki/2023_NCAA_Division_I_women's_soccer_tournament,Wikipedia: 2023 NCAA Division I women's soccer tournament (compiles NCAA brackets)
Providence,womens-soccer,D1,2023,yes,First Round,https://en.wikipedia.org/wiki/2023_NCAA_Division_I_women's_soccer_tournament,Wikipedia: 2023 NCAA Division I women's soccer tournament (compiles NCAA brackets)
Brown,womens-soccer,D1,2023,yes,Second Round,https://en.wikipedia.org/wiki/2023_NCAA_Division_I_women's_soccer_tournament,Wikipedia: 2023 NCAA Division I women's soccer tournament (compiles NCAA brackets)
Quinnipiac,womens-soccer,D1,2023,yes,First Round,https://en.wikipedia.org/wiki/2023_NCAA_Division_I_women's_soccer_tournament,Wikipedia: 2023 NCAA Division I women's soccer tournament (compiles NCAA brackets)
Xavier,womens-soccer,D1,2023,yes,First Round,https://en.wikipedia.org/wiki/2023_NCAA_Division_I_women's_soccer_tournament,Wikipedia: 2023 NCAA Division I women's soccer tournament (compiles NCAA brackets)
Tennessee,womens-soccer,D1,2023,yes,Second Round,https://en.wikipedia.org/wiki/2023_NCAA_Division_I_women's_soccer_tournament,Wikipedia: 2023 NCAA Division I women's soccer tournament (compiles NCAA brackets)
Gonzaga,womens-soccer,D1,2023,yes,Second Round,https://en.wikipedia.org/wiki/2023_NCAA_Division_I_women's_soccer_tournament,Wikipedia: 2023 NCAA Division I women's soccer tournament (compiles NCAA brackets)
Idaho,womens-soccer,D1,2023,yes,First Round,https://en.wikipedia.org/wiki/2023_NCAA_Division_I_women's_soccer_tournament,Wikipedia: 2023 NCAA Division I women's soccer tournament (compiles NCAA brackets)
Howard,womens-soccer,D1,2024,yes,First Round,https://en.wikipedia.org/wiki/2024_NCAA_Division_I_women's_soccer_tournament,Wikipedia: 2024 NCAA Division I women's soccer tournament (compiles NCAA brackets)
Duke,womens-soccer,D1,2024,yes,Semifinal,https://en.wikipedia.org/wiki/2024_NCAA_Division_I_women's_soccer_tournament,Wikipedia: 2024 NCAA Division I women's soccer tournament (compiles NCAA brackets)
Boston University,womens-soccer,D1,2024,yes,First Round,https://en.wikipedia.org/wiki/2024_NCAA_Division_I_women's_soccer_tournament,Wikipedia: 2024 NCAA Division I women's soccer tournament (compiles NCAA brackets)
Texas,womens-soccer,D1,2024,yes,Second Round,https://en.wikipedia.org/wiki/2024_NCAA_Division_I_women's_soccer_tournament,Wikipedia: 2024 NCAA Division I women's soccer tournament (compiles NCAA brackets)
Tennessee,womens-soccer,D1,2024,yes,First Round,https://en.wikipedia.org/wiki/2024_NCAA_Division_I_women's_soccer_tournament,Wikipedia: 2024 NCAA Division I women's soccer tournament (compiles NCAA brackets)
Virginia Tech,womens-soccer,D1,2024,yes,Quarterfinal,https://en.wikipedia.org/wiki/2024_NCAA_Division_I_women's_soccer_tournament,Wikipedia: 2024 NCAA Division I women's soccer tournament (compiles NCAA brackets)
Missouri State,womens-soccer,D1,2024,yes,First Round,https://en.wikipedia.org/wiki/2024_NCAA_Division_I_women's_soccer_tournament,Wikipedia: 2024 NCAA Division I women's soccer tournament (compiles NCAA brackets)
Iowa,womens-soccer,D1,2024,yes,Round of 16,https://en.wikipedia.org/wiki/2024_NCAA_Division_I_women's_soccer_tournament,Wikipedia: 2024 NCAA Division I women's soccer tournament (compiles NCAA brackets)
LSU,womens-soccer,D1,2024,yes,First Round,https://en.wikipedia.org/wiki/2024_NCAA_Division_I_women's_soccer_tournament,Wikipedia: 2024 NCAA Division I women's soccer tournament (compiles NCAA brackets)
Texas Tech,womens-soccer,D1,2024,yes,Second Round,https://en.wikipedia.org/wiki/2024_NCAA_Division_I_women's_soccer_tournament,Wikipedia: 2024 NCAA Division I women's soccer tournament (compiles NCAA brackets)
California Baptist,womens-soccer,D1,2024,yes,First Round,https://en.wikipedia.org/wiki/2024_NCAA_Division_I_women's_soccer_tournament,Wikipedia: 2024 NCAA Division I women's soccer tournament (compiles NCAA brackets)
UCLA,womens-soccer,D1,2024,yes,Second Round,https://en.wikipedia.org/wiki/2024_NCAA_Division_I_women's_soccer_tournament,Wikipedia: 2024 NCAA Division I women's soccer tournament (compiles NCAA brackets)
Western Michigan,womens-soccer,D1,2024,yes,First Round,https://en.wikipedia.org/wiki/2024_NCAA_Division_I_women's_soccer_tournament,Wikipedia: 2024 NCAA Division I women's soccer tournament (compiles NCAA brackets)
Michigan State,womens-soccer,D1,2024,yes,Round of 16,https://en.wikipedia.org/wiki/2024_NCAA_Division_I_women's_soccer_tournament,Wikipedia: 2024 NCAA Division I women's soccer tournament (compiles NCAA brackets)
Fairfield,womens-soccer,D1,2024,yes,First Round,https://en.wikipedia.org/wiki/2024_NCAA_Division_I_women's_soccer_tournament,Wikipedia: 2024 NCAA Division I women's soccer tournament (compiles NCAA brackets)
Georgetown,womens-soccer,D1,2024,yes,Second Round,https://en.wikipedia.org/wiki/2024_NCAA_Division_I_women's_soccer_tournament,Wikipedia: 2024 NCAA Division I women's soccer tournament (compiles NCAA brackets)
Samford,womens-soccer,D1,2024,yes,First Round,https://en.wikipedia.org/wiki/2024_NCAA_Division_I_women's_soccer_tournament,Wikipedia: 2024 NCAA Division I women's soccer tournament (compiles NCAA brackets)
Florida State,womens-soccer,D1,2024,yes,Second Round,https://en.wikipedia.org/wiki/2024_NCAA_Division_I_women's_soccer_tournament,Wikipedia: 2024 NCAA Division I women's soccer tournament (compiles NCAA brackets)
East Carolina,womens-soccer,D1,2024,yes,First Round,https://en.wikipedia.org/wiki/2024_NCAA_Division_I_women's_soccer_tournament,Wikipedia: 2024 NCAA Division I women's soccer tournament (compiles NCAA brackets)
South Carolina,womens-soccer,D1,2024,yes,Second Round,https://en.wikipedia.org/wiki/2024_NCAA_Division_I_women's_soccer_tournament,Wikipedia: 2024 NCAA Division I women's soccer tournament (compiles NCAA brackets)
USC Upstate,womens-soccer,D1,2024,yes,First Round,https://en.wikipedia.org/wiki/2024_NCAA_Division_I_women's_soccer_tournament,Wikipedia: 2024 NCAA Division I women's soccer tournament (compiles NCAA brackets)
North Carolina,womens-soccer,D1,2024,yes,Champion,https://en.wikipedia.org/wiki/2024_NCAA_Division_I_women's_soccer_tournament,Wikipedia: 2024 NCAA Division I women's soccer tournament (compiles NCAA brackets)
South Dakota State,womens-soccer,D1,2024,yes,First Round,https://en.wikipedia.org/wiki/2024_NCAA_Division_I_women's_soccer_tournament,Wikipedia: 2024 NCAA Division I women's soccer tournament (compiles NCAA brackets)
Minnesota,womens-soccer,D1,2024,yes,Round of 16,https://en.wikipedia.org/wiki/2024_NCAA_Division_I_women's_soccer_tournament,Wikipedia: 2024 NCAA Division I women's soccer tournament (compiles NCAA brackets)
Lipscomb,womens-soccer,D1,2024,yes,First Round,https://en.wikipedia.org/wiki/2024_NCAA_Division_I_women's_soccer_tournament,Wikipedia: 2024 NCAA Division I women's soccer tournament (compiles NCAA brackets)
Vanderbilt,womens-soccer,D1,2024,yes,Round of 16,https://en.wikipedia.org/wiki/2024_NCAA_Division_I_women's_soccer_tournament,Wikipedia: 2024 NCAA Division I women's soccer tournament (compiles NCAA brackets)
Stephen F. Austin,womens-soccer,D1,2024,yes,First Round,https://en.wikipedia.org/wiki/2024_NCAA_Division_I_women's_soccer_tournament,Wikipedia: 2024 NCAA Division I women's soccer tournament (compiles NCAA brackets)
TCU,womens-soccer,D1,2024,yes,Second Round,https://en.wikipedia.org/wiki/2024_NCAA_Division_I_women's_soccer_tournament,Wikipedia: 2024 NCAA Division I women's soccer tournament (compiles NCAA brackets)
Santa Clara,womens-soccer,D1,2024,yes,Second Round,https://en.wikipedia.org/wiki/2024_NCAA_Division_I_women's_soccer_tournament,Wikipedia: 2024 NCAA Division I women's soccer tournament (compiles NCAA brackets)
BYU,womens-soccer,D1,2024,yes,First Round,https://en.wikipedia.org/wiki/2024_NCAA_Division_I_women's_soccer_tournament,Wikipedia: 2024 NCAA Division I women's soccer tournament (compiles NCAA brackets)
Stony Brook,womens-soccer,D1,2024,yes,First Round,https://en.wikipedia.org/wiki/2024_NCAA_Division_I_women's_soccer_tournament,Wikipedia: 2024 NCAA Division I women's soccer tournament (compiles NCAA brackets)
Penn State,womens-soccer,D1,2024,yes,Quarterfinal,https://en.wikipedia.org/wiki/2024_NCAA_Division_I_women's_soccer_tournament,Wikipedia: 2024 NCAA Division I women's soccer tournament (compiles NCAA brackets)
Colorado,womens-soccer,D1,2024,yes,Second Round,https://en.wikipedia.org/wiki/2024_NCAA_Division_I_women's_soccer_tournament,Wikipedia: 2024 NCAA Division I women's soccer tournament (compiles NCAA brackets)
Georgia,womens-soccer,D1,2024,yes,First Round,https://en.wikipedia.org/wiki/2024_NCAA_Division_I_women's_soccer_tournament,Wikipedia: 2024 NCAA Division I women's soccer tournament (compiles NCAA brackets)
James Madison,womens-soccer,D1,2024,yes,First Round,https://en.wikipedia.org/wiki/2024_NCAA_Division_I_women's_soccer_tournament,Wikipedia: 2024 NCAA Division I women's soccer tournament (compiles NCAA brackets)
Ohio State,womens-soccer,D1,2024,yes,Round of 16,https://en.wikipedia.org/wiki/2024_NCAA_Division_I_women's_soccer_tournament,Wikipedia: 2024 NCAA Division I women's soccer tournament (compiles NCAA brackets)
Morehead State,womens-soccer,D1,2024,yes,First Round,https://en.wikipedia.org/wiki/2024_NCAA_Division_I_women's_soccer_tournament,Wikipedia: 2024 NCAA Division I women's soccer tournament (compiles NCAA brackets)
Wake Forest,womens-soccer,D1,2024,yes,Runner-up,https://en.wikipedia.org/wiki/2024_NCAA_Division_I_women's_soccer_tournament,Wikipedia: 2024 NCAA Division I women's soccer tournament (compiles NCAA brackets)
Princeton,womens-soccer,D1,2024,yes,First Round,https://en.wikipedia.org/wiki/2024_NCAA_Division_I_women's_soccer_tournament,Wikipedia: 2024 NCAA Division I women's soccer tournament (compiles NCAA brackets)
Virginia,womens-soccer,D1,2024,yes,Second Round,https://en.wikipedia.org/wiki/2024_NCAA_Division_I_women's_soccer_tournament,Wikipedia: 2024 NCAA Division I women's soccer tournament (compiles NCAA brackets)
FIU,womens-soccer,D1,2024,yes,First Round,https://en.wikipedia.org/wiki/2024_NCAA_Division_I_women's_soccer_tournament,Wikipedia: 2024 NCAA Division I women's soccer tournament (compiles NCAA brackets)
Auburn,womens-soccer,D1,2024,yes,Second Round,https://en.wikipedia.org/wiki/2024_NCAA_Division_I_women's_soccer_tournament,Wikipedia: 2024 NCAA Division I women's soccer tournament (compiles NCAA brackets)
Kansas,womens-soccer,D1,2024,yes,First Round,https://en.wikipedia.org/wiki/2024_NCAA_Division_I_women's_soccer_tournament,Wikipedia: 2024 NCAA Division I women's soccer tournament (compiles NCAA brackets)
Saint Louis,womens-soccer,D1,2024,yes,Second Round,https://en.wikipedia.org/wiki/2024_NCAA_Division_I_women's_soccer_tournament,Wikipedia: 2024 NCAA Division I women's soccer tournament (compiles NCAA brackets)
Maine,womens-soccer,D1,2024,yes,First Round,https://en.wikipedia.org/wiki/2024_NCAA_Division_I_women's_soccer_tournament,Wikipedia: 2024 NCAA Division I women's soccer tournament (compiles NCAA brackets)
Wisconsin,womens-soccer,D1,2024,yes,Round of 16,https://en.wikipedia.org/wiki/2024_NCAA_Division_I_women's_soccer_tournament,Wikipedia: 2024 NCAA Division I women's soccer tournament (compiles NCAA brackets)
Sacramento State,womens-soccer,D1,2024,yes,First Round,https://en.wikipedia.org/wiki/2024_NCAA_Division_I_women's_soccer_tournament,Wikipedia: 2024 NCAA Division I women's soccer tournament (compiles NCAA brackets)
USC,womens-soccer,D1,2024,yes,Quarterfinal,https://en.wikipedia.org/wiki/2024_NCAA_Division_I_women's_soccer_tournament,Wikipedia: 2024 NCAA Division I women's soccer tournament (compiles NCAA brackets)
Washington,womens-soccer,D1,2024,yes,Second Round,https://en.wikipedia.org/wiki/2024_NCAA_Division_I_women's_soccer_tournament,Wikipedia: 2024 NCAA Division I women's soccer tournament (compiles NCAA brackets)
Utah State,womens-soccer,D1,2024,yes,First Round,https://en.wikipedia.org/wiki/2024_NCAA_Division_I_women's_soccer_tournament,Wikipedia: 2024 NCAA Division I women's soccer tournament (compiles NCAA brackets)
Milwaukee,womens-soccer,D1,2024,yes,First Round,https://en.wikipedia.org/wiki/2024_NCAA_Division_I_women's_soccer_tournament,Wikipedia: 2024 NCAA Division I women's soccer tournament (compiles NCAA brackets)
Notre Dame,womens-soccer,D1,2024,yes,Quarterfinal,https://en.wikipedia.org/wiki/2024_NCAA_Division_I_women's_soccer_tournament,Wikipedia: 2024 NCAA Division I women's soccer tournament (compiles NCAA brackets)
West Virginia,womens-soccer,D1,2024,yes,First Round,https://en.wikipedia.org/wiki/2024_NCAA_Division_I_women's_soccer_tournament,Wikipedia: 2024 NCAA Division I women's soccer tournament (compiles NCAA brackets)
Kentucky,womens-soccer,D1,2024,yes,Second Round,https://en.wikipedia.org/wiki/2024_NCAA_Division_I_women's_soccer_tournament,Wikipedia: 2024 NCAA Division I women's soccer tournament (compiles NCAA brackets)
Oklahoma State,womens-soccer,D1,2024,yes,First Round,https://en.wikipedia.org/wiki/2024_NCAA_Division_I_women's_soccer_tournament,Wikipedia: 2024 NCAA Division I women's soccer tournament (compiles NCAA brackets)
Arkansas,womens-soccer,D1,2024,yes,Round of 16,https://en.wikipedia.org/wiki/2024_NCAA_Division_I_women's_soccer_tournament,Wikipedia: 2024 NCAA Division I women's soccer tournament (compiles NCAA brackets)
UC Santa Barbara,womens-soccer,D1,2024,yes,First Round,https://en.wikipedia.org/wiki/2024_NCAA_Division_I_women's_soccer_tournament,Wikipedia: 2024 NCAA Division I women's soccer tournament (compiles NCAA brackets)
Stanford,womens-soccer,D1,2024,yes,Semifinal,https://en.wikipedia.org/wiki/2024_NCAA_Division_I_women's_soccer_tournament,Wikipedia: 2024 NCAA Division I women's soccer tournament (compiles NCAA brackets)
California,womens-soccer,D1,2024,yes,Second Round,https://en.wikipedia.org/wiki/2024_NCAA_Division_I_women's_soccer_tournament,Wikipedia: 2024 NCAA Division I women's soccer tournament (compiles NCAA brackets)
Pepperdine,womens-soccer,D1,2024,yes,First Round,https://en.wikipedia.org/wiki/2024_NCAA_Division_I_women's_soccer_tournament,Wikipedia: 2024 NCAA Division I women's soccer tournament (compiles NCAA brackets)
UConn,womens-soccer,D1,2024,yes,Second Round,https://en.wikipedia.org/wiki/2024_NCAA_Division_I_women's_soccer_tournament,Wikipedia: 2024 NCAA Division I women's soccer tournament (compiles NCAA brackets)
Rutgers,womens-soccer,D1,2024,yes,First Round,https://en.wikipedia.org/wiki/2024_NCAA_Division_I_women's_soccer_tournament,Wikipedia: 2024 NCAA Division I women's soccer tournament (compiles NCAA brackets)
Southern,womens-soccer,D1,2024,yes,First Round,https://en.wikipedia.org/wiki/2024_NCAA_Division_I_women's_soccer_tournament,Wikipedia: 2024 NCAA Division I women's soccer tournament (compiles NCAA brackets)
Mississippi State,womens-soccer,D1,2024,yes,Round of 16,https://en.wikipedia.org/wiki/2024_NCAA_Division_I_women's_soccer_tournament,Wikipedia: 2024 NCAA Division I women's soccer tournament (compiles NCAA brackets)
Georgia,womens-soccer,D1,2025,yes,First Round,https://en.wikipedia.org/wiki/2025_NCAA_Division_I_women's_soccer_tournament,Wikipedia: 2025 NCAA Division I women's soccer tournament (compiles NCAA brackets)
Ohio State,womens-soccer,D1,2025,yes,Quarterfinal,https://en.wikipedia.org/wiki/2025_NCAA_Division_I_women's_soccer_tournament,Wikipedia: 2025 NCAA Division I women's soccer tournament (compiles NCAA brackets)
Florida State,womens-soccer,D1,2025,yes,Champion,https://en.wikipedia.org/wiki/2025_NCAA_Division_I_women's_soccer_tournament,Wikipedia: 2025 NCAA Division I women's soccer tournament (compiles NCAA brackets)
Samford,womens-soccer,D1,2025,yes,First Round,https://en.wikipedia.org/wiki/2025_NCAA_Division_I_women's_soccer_tournament,Wikipedia: 2025 NCAA Division I women's soccer tournament (compiles NCAA brackets)
Georgetown,womens-soccer,D1,2025,yes,Round of 16,https://en.wikipedia.org/wiki/2025_NCAA_Division_I_women's_soccer_tournament,Wikipedia: 2025 NCAA Division I women's soccer tournament (compiles NCAA brackets)
Sacred Heart,womens-soccer,D1,2025,yes,First Round,https://en.wikipedia.org/wiki/2025_NCAA_Division_I_women's_soccer_tournament,Wikipedia: 2025 NCAA Division I women's soccer tournament (compiles NCAA brackets)
West Virginia,womens-soccer,D1,2025,yes,Second Round,https://en.wikipedia.org/wiki/2025_NCAA_Division_I_women's_soccer_tournament,Wikipedia: 2025 NCAA Division I women's soccer tournament (compiles NCAA brackets)
Wagner,womens-soccer,D1,2025,yes,First Round,https://en.wikipedia.org/wiki/2025_NCAA_Division_I_women's_soccer_tournament,Wikipedia: 2025 NCAA Division I women's soccer tournament (compiles NCAA brackets)
Baylor,womens-soccer,D1,2025,yes,Round of 16,https://en.wikipedia.org/wiki/2025_NCAA_Division_I_women's_soccer_tournament,Wikipedia: 2025 NCAA Division I women's soccer tournament (compiles NCAA brackets)
Texas State,womens-soccer,D1,2025,yes,First Round,https://en.wikipedia.org/wiki/2025_NCAA_Division_I_women's_soccer_tournament,Wikipedia: 2025 NCAA Division I women's soccer tournament (compiles NCAA brackets)
Wisconsin,womens-soccer,D1,2025,yes,Second Round,https://en.wikipedia.org/wiki/2025_NCAA_Division_I_women's_soccer_tournament,Wikipedia: 2025 NCAA Division I women's soccer tournament (compiles NCAA brackets)
Western Michigan,womens-soccer,D1,2025,yes,First Round,https://en.wikipedia.org/wiki/2025_NCAA_Division_I_women's_soccer_tournament,Wikipedia: 2025 NCAA Division I women's soccer tournament (compiles NCAA brackets)
Mississippi State,womens-soccer,D1,2025,yes,First Round,https://en.wikipedia.org/wiki/2025_NCAA_Division_I_women's_soccer_tournament,Wikipedia: 2025 NCAA Division I women's soccer tournament (compiles NCAA brackets)
Lipscomb,womens-soccer,D1,2025,yes,Second Round,https://en.wikipedia.org/wiki/2025_NCAA_Division_I_women's_soccer_tournament,Wikipedia: 2025 NCAA Division I women's soccer tournament (compiles NCAA brackets)
Notre Dame,womens-soccer,D1,2025,yes,Second Round,https://en.wikipedia.org/wiki/2025_NCAA_Division_I_women's_soccer_tournament,Wikipedia: 2025 NCAA Division I women's soccer tournament (compiles NCAA brackets)
UIC,womens-soccer,D1,2025,yes,First Round,https://en.wikipedia.org/wiki/2025_NCAA_Division_I_women's_soccer_tournament,Wikipedia: 2025 NCAA Division I women's soccer tournament (compiles NCAA brackets)
Clemson,womens-soccer,D1,2025,yes,Second Round,https://en.wikipedia.org/wiki/2025_NCAA_Division_I_women's_soccer_tournament,Wikipedia: 2025 NCAA Division I women's soccer tournament (compiles NCAA brackets)
Liberty,womens-soccer,D1,2025,yes,First Round,https://en.wikipedia.org/wiki/2025_NCAA_Division_I_women's_soccer_tournament,Wikipedia: 2025 NCAA Division I women's soccer tournament (compiles NCAA brackets)
Iowa,womens-soccer,D1,2025,yes,Second Round,https://en.wikipedia.org/wiki/2025_NCAA_Division_I_women's_soccer_tournament,Wikipedia: 2025 NCAA Division I women's soccer tournament (compiles NCAA brackets)
South Dakota State,womens-soccer,D1,2025,yes,First Round,https://en.wikipedia.org/wiki/2025_NCAA_Division_I_women's_soccer_tournament,Wikipedia: 2025 NCAA Division I women's soccer tournament (compiles NCAA brackets)
Tennessee,womens-soccer,D1,2025,yes,First Round,https://en.wikipedia.org/wiki/2025_NCAA_Division_I_women's_soccer_tournament,Wikipedia: 2025 NCAA Division I women's soccer tournament (compiles NCAA brackets)
North Carolina,womens-soccer,D1,2025,yes,Round of 16,https://en.wikipedia.org/wiki/2025_NCAA_Division_I_women's_soccer_tournament,Wikipedia: 2025 NCAA Division I women's soccer tournament (compiles NCAA brackets)
Texas Tech,womens-soccer,D1,2025,yes,Second Round,https://en.wikipedia.org/wiki/2025_NCAA_Division_I_women's_soccer_tournament,Wikipedia: 2025 NCAA Division I women's soccer tournament (compiles NCAA brackets)
UTSA,womens-soccer,D1,2025,yes,First Round,https://en.wikipedia.org/wiki/2025_NCAA_Division_I_women's_soccer_tournament,Wikipedia: 2025 NCAA Division I women's soccer tournament (compiles NCAA brackets)
LSU,womens-soccer,D1,2025,yes,Round of 16,https://en.wikipedia.org/wiki/2025_NCAA_Division_I_women's_soccer_tournament,Wikipedia: 2025 NCAA Division I women's soccer tournament (compiles NCAA brackets)
Houston Christian,womens-soccer,D1,2025,yes,First Round,https://en.wikipedia.org/wiki/2025_NCAA_Division_I_women's_soccer_tournament,Wikipedia: 2025 NCAA Division I women's soccer tournament (compiles NCAA brackets)
TCU,womens-soccer,D1,2025,yes,Semifinal,https://en.wikipedia.org/wiki/2025_NCAA_Division_I_women's_soccer_tournament,Wikipedia: 2025 NCAA Division I women's soccer tournament (compiles NCAA brackets)
Grambling State,womens-soccer,D1,2025,yes,First Round,https://en.wikipedia.org/wiki/2025_NCAA_Division_I_women's_soccer_tournament,Wikipedia: 2025 NCAA Division I women's soccer tournament (compiles NCAA brackets)
Vanderbilt,womens-soccer,D1,2025,yes,Quarterfinal,https://en.wikipedia.org/wiki/2025_NCAA_Division_I_women's_soccer_tournament,Wikipedia: 2025 NCAA Division I women's soccer tournament (compiles NCAA brackets)
Tennessee Tech,womens-soccer,D1,2025,yes,First Round,https://en.wikipedia.org/wiki/2025_NCAA_Division_I_women's_soccer_tournament,Wikipedia: 2025 NCAA Division I women's soccer tournament (compiles NCAA brackets)
Memphis,womens-soccer,D1,2025,yes,Second Round,https://en.wikipedia.org/wiki/2025_NCAA_Division_I_women's_soccer_tournament,Wikipedia: 2025 NCAA Division I women's soccer tournament (compiles NCAA brackets)
Illinois,womens-soccer,D1,2025,yes,First Round,https://en.wikipedia.org/wiki/2025_NCAA_Division_I_women's_soccer_tournament,Wikipedia: 2025 NCAA Division I women's soccer tournament (compiles NCAA brackets)
Michigan State,womens-soccer,D1,2025,yes,Quarterfinal,https://en.wikipedia.org/wiki/2025_NCAA_Division_I_women's_soccer_tournament,Wikipedia: 2025 NCAA Division I women's soccer tournament (compiles NCAA brackets)
Milwaukee,womens-soccer,D1,2025,yes,First Round,https://en.wikipedia.org/wiki/2025_NCAA_Division_I_women's_soccer_tournament,Wikipedia: 2025 NCAA Division I women's soccer tournament (compiles NCAA brackets)
Wake Forest,womens-soccer,D1,2025,yes,Second Round,https://en.wikipedia.org/wiki/2025_NCAA_Division_I_women's_soccer_tournament,Wikipedia: 2025 NCAA Division I women's soccer tournament (compiles NCAA brackets)
South Carolina,womens-soccer,D1,2025,yes,First Round,https://en.wikipedia.org/wiki/2025_NCAA_Division_I_women's_soccer_tournament,Wikipedia: 2025 NCAA Division I women's soccer tournament (compiles NCAA brackets)
Alabama,womens-soccer,D1,2025,yes,Second Round,https://en.wikipedia.org/wiki/2025_NCAA_Division_I_women's_soccer_tournament,Wikipedia: 2025 NCAA Division I women's soccer tournament (compiles NCAA brackets)
Northwestern,womens-soccer,D1,2025,yes,First Round,https://en.wikipedia.org/wiki/2025_NCAA_Division_I_women's_soccer_tournament,Wikipedia: 2025 NCAA Division I women's soccer tournament (compiles NCAA brackets)
BYU,womens-soccer,D1,2025,yes,Round of 16,https://en.wikipedia.org/wiki/2025_NCAA_Division_I_women's_soccer_tournament,Wikipedia: 2025 NCAA Division I women's soccer tournament (compiles NCAA brackets)
Utah State,womens-soccer,D1,2025,yes,First Round,https://en.wikipedia.org/wiki/2025_NCAA_Division_I_women's_soccer_tournament,Wikipedia: 2025 NCAA Division I women's soccer tournament (compiles NCAA brackets)
Colorado,womens-soccer,D1,2025,yes,Round of 16,https://en.wikipedia.org/wiki/2025_NCAA_Division_I_women's_soccer_tournament,Wikipedia: 2025 NCAA Division I women's soccer tournament (compiles NCAA brackets)
Utah Valley,womens-soccer,D1,2025,yes,First Round,https://en.wikipedia.org/wiki/2025_NCAA_Division_I_women's_soccer_tournament,Wikipedia: 2025 NCAA Division I women's soccer tournament (compiles NCAA brackets)
Stanford,womens-soccer,D1,2025,yes,Runner-up,https://en.wikipedia.org/wiki/2025_NCAA_Division_I_women's_soccer_tournament,Wikipedia: 2025 NCAA Division I women's soccer tournament (compiles NCAA brackets)
Cal Poly,womens-soccer,D1,2025,yes,First Round,https://en.wikipedia.org/wiki/2025_NCAA_Division_I_women's_soccer_tournament,Wikipedia: 2025 NCAA Division I women's soccer tournament (compiles NCAA brackets)
Xavier,womens-soccer,D1,2025,yes,Second Round,https://en.wikipedia.org/wiki/2025_NCAA_Division_I_women's_soccer_tournament,Wikipedia: 2025 NCAA Division I women's soccer tournament (compiles NCAA brackets)
Dayton,womens-soccer,D1,2025,yes,First Round,https://en.wikipedia.org/wiki/2025_NCAA_Division_I_women's_soccer_tournament,Wikipedia: 2025 NCAA Division I women's soccer tournament (compiles NCAA brackets)
UCLA,womens-soccer,D1,2025,yes,Second Round,https://en.wikipedia.org/wiki/2025_NCAA_Division_I_women's_soccer_tournament,Wikipedia: 2025 NCAA Division I women's soccer tournament (compiles NCAA brackets)
Pepperdine,womens-soccer,D1,2025,yes,First Round,https://en.wikipedia.org/wiki/2025_NCAA_Division_I_women's_soccer_tournament,Wikipedia: 2025 NCAA Division I women's soccer tournament (compiles NCAA brackets)
Duke,womens-soccer,D1,2025,yes,Semifinal,https://en.wikipedia.org/wiki/2025_NCAA_Division_I_women's_soccer_tournament,Wikipedia: 2025 NCAA Division I women's soccer tournament (compiles NCAA brackets)
Elon,womens-soccer,D1,2025,yes,First Round,https://en.wikipedia.org/wiki/2025_NCAA_Division_I_women's_soccer_tournament,Wikipedia: 2025 NCAA Division I women's soccer tournament (compiles NCAA brackets)
Arkansas,womens-soccer,D1,2025,yes,Second Round,https://en.wikipedia.org/wiki/2025_NCAA_Division_I_women's_soccer_tournament,Wikipedia: 2025 NCAA Division I women's soccer tournament (compiles NCAA brackets)
Dartmouth,womens-soccer,D1,2025,yes,First Round,https://en.wikipedia.org/wiki/2025_NCAA_Division_I_women's_soccer_tournament,Wikipedia: 2025 NCAA Division I women's soccer tournament (compiles NCAA brackets)
Kansas,womens-soccer,D1,2025,yes,Round of 16,https://en.wikipedia.org/wiki/2025_NCAA_Division_I_women's_soccer_tournament,Wikipedia: 2025 NCAA Division I women's soccer tournament (compiles NCAA brackets)
California Baptist,womens-soccer,D1,2025,yes,First Round,https://en.wikipedia.org/wiki/2025_NCAA_Division_I_women's_soccer_tournament,Wikipedia: 2025 NCAA Division I women's soccer tournament (compiles NCAA brackets)
UCF,womens-soccer,D1,2025,yes,Second Round,https://en.wikipedia.org/wiki/2025_NCAA_Division_I_women's_soccer_tournament,Wikipedia: 2025 NCAA Division I women's soccer tournament (compiles NCAA brackets)
Maine,womens-soccer,D1,2025,yes,First Round,https://en.wikipedia.org/wiki/2025_NCAA_Division_I_women's_soccer_tournament,Wikipedia: 2025 NCAA Division I women's soccer tournament (compiles NCAA brackets)
Virginia,womens-soccer,D1,2025,yes,Round of 16,https://en.wikipedia.org/wiki/2025_NCAA_Division_I_women's_soccer_tournament,Wikipedia: 2025 NCAA Division I women's soccer tournament (compiles NCAA brackets)
High Point,womens-soccer,D1,2025,yes,First Round,https://en.wikipedia.org/wiki/2025_NCAA_Division_I_women's_soccer_tournament,Wikipedia: 2025 NCAA Division I women's soccer tournament (compiles NCAA brackets)
Washington,womens-soccer,D1,2025,yes,Quarterfinal,https://en.wikipedia.org/wiki/2025_NCAA_Division_I_women's_soccer_tournament,Wikipedia: 2025 NCAA Division I women's soccer tournament (compiles NCAA brackets)
Montana,womens-soccer,D1,2025,yes,First Round,https://en.wikipedia.org/wiki/2025_NCAA_Division_I_women's_soccer_tournament,Wikipedia: 2025 NCAA Division I women's soccer tournament (compiles NCAA brackets)
Louisville,womens-soccer,D1,2025,yes,Second Round,https://en.wikipedia.org/wiki/2025_NCAA_Division_I_women's_soccer_tournament,Wikipedia: 2025 NCAA Division I women's soccer tournament (compiles NCAA brackets)
Kentucky,womens-soccer,D1,2025,yes,First Round,https://en.wikipedia.org/wiki/2025_NCAA_Division_I_women's_soccer_tournament,Wikipedia: 2025 NCAA Division I women's soccer tournament (compiles NCAA brackets)
Penn State,womens-soccer,D1,2025,yes,Second Round,https://en.wikipedia.org/wiki/2025_NCAA_Division_I_women's_soccer_tournament,Wikipedia: 2025 NCAA Division I women's soccer tournament (compiles NCAA brackets)
Army,womens-soccer,D1,2025,yes,First Round,https://en.wikipedia.org/wiki/2025_NCAA_Division_I_women's_soccer_tournament,Wikipedia: 2025 NCAA Division I women's soccer tournament (compiles NCAA brackets)
