ranking_id,program_id,season_year,ranking_type,rank,ranking_org,poll_date,verification_status
rk-fsu-2023-final,w-soccer-florida-state,2023,Final,1,United Soccer Coaches,2023-12-05,Verified
rk-stan-2023-final,w-soccer-stanford,2023,Final,2,United Soccer Coaches,2023-12-05,Verified
rk-clem-2023-final,w-soccer-clemson,2023,Final,3,United Soccer Coaches,2023-12-05,Verified
rk-unc-2023-final,w-soccer-north-carolina,2023,Final,6,United Soccer Coaches,2023-12-05,Verified
rk-pitt-2023-final,w-soccer-pittsburgh,2023,Final,7,United Soccer Coaches,2023-12-05,Verified
rk-unc-2024-final,w-soccer-north-carolina,2024,Final,1,United Soccer Coaches,2024-12-10,Verified
rk-wake-2024-final,w-soccer-wake-forest,2024,Final,2,United Soccer Coaches,2024-12-10,Verified
rk-duke-2024-final,w-soccer-duke,2024,Final,3,United Soccer Coaches,2024-12-10,Verified
rk-fsu-2024-final,w-soccer-florida-state,2024,Final,7,United Soccer Coaches,2024-12-10,Verified
rk-stan-2024-final,w-soccer-stanford,2024,Final,16,United Soccer Coaches,2024-12-10,Verified
rk-uva-2024-final,w-soccer-virginia,2024,Final,12,United Soccer Coaches,2024-12-10,Verified
rk-duke-2025-final,w-soccer-duke,2025,Final,4,United Soccer Coaches,2025-12-09,Verified
rk-fsu-2025-final,w-soccer-florida-state,2025,Final,3,United Soccer Coaches,2025-12-09,Verified
rk-unc-2025-final,w-soccer-north-carolina,2025,Final,5,United Soccer Coaches,2025-12-09,Verified
rk-uva-2025-final,w-soccer-virginia,2025,Final,8,United Soccer Coaches,2025-12-09,Verified